series_id,observed_sales,recovered_demand,recovered_lost_demand,stockout_rate,stockout_rows,n_rows,Recovered lift over observed,Recovered share from imputation
0_554_90,39.3,72.377625,33.07762,0.7339409722222222,1691,2304,0.8416698,0.45701447
0_597_41,39.850002,71.95406,32.10406,0.6150173611111112,1417,2304,0.8056226,0.4461744
3_724_188,45.3,76.96711,31.66711,0.7248263888888888,1670,2304,0.6990532,0.41143692
4_356_90,39.05,66.22172,27.171719,0.6028645833333334,1389,2304,0.69581866,0.41031432
11_533_129,43.7,72.71583,29.015827,0.7161458333333334,1650,2304,0.66397774,0.39903042
6_493_129,44.2,73.497986,29.297985,0.7356770833333334,1695,2304,0.6628503,0.39862296
0_173_90,55.300003,91.74084,36.440834,0.6536458333333334,1506,2304,0.65896624,0.39721498
5_6_757,44.5,72.811874,28.31187,0.7447916666666666,1716,2304,0.6362218,0.3888359
12_228_129,45.7,74.08571,28.385704,0.6666666666666666,1536,2304,0.62113136,0.38314682
3_835_333,46.7,74.90629,28.206291,0.6944444444444444,1600,2304,0.6039891,0.37655437
6_369_757,43.96,70.28737,26.32737,0.5894097222222222,1358,2304,0.59889376,0.37456757
0_78_129,52.3,82.01924,29.719236,0.6215277777777778,1432,2304,0.5682455,0.36234468
12_603_129,44.2,68.93596,24.73596,0.62109375,1431,2304,0.55963707,0.3588252
0_185_129,48.9,75.35287,26.452866,0.5694444444444444,1312,2304,0.5409584,0.3510532
0_850_90,55.77,84.93659,29.166588,0.5607638888888888,1292,2304,0.52297986,0.3433925
12_230_822,39.21,59.68959,20.47959,0.5837673611111112,1345,2304,0.52230525,0.34310153
3_809_129,42.0,63.77618,21.776178,0.5763888888888888,1328,2304,0.5184804,0.34144688
1_123_73,44.5,67.286644,22.786642,0.5993923611111112,1381,2304,0.5120594,0.3386503
3_766_44,43.280003,65.06522,21.785225,0.5321180555555556,1226,2304,0.50335544,0.33482134
12_390_757,47.530003,71.37051,23.840508,0.6519097222222222,1502,2304,0.5015886,0.33403865
3_857_188,40.11,59.99765,19.88765,0.4991319444444444,1150,2304,0.4958277,0.3314738
12_313_41,41.22,61.657352,20.437351,0.4891493055555556,1127,2304,0.49581152,0.3314666
3_110_315,42.0,62.778576,20.778574,0.5568576388888888,1283,2304,0.49472794,0.33098194
0_190_41,46.37,69.19248,22.822483,0.4496527777777778,1036,2304,0.4921821,0.3298405
0_243_26,41.34,61.494244,20.154243,0.6041666666666666,1392,2304,0.48752403,0.32774195
16_324_129,49.2,73.04407,23.844069,0.6089409722222222,1403,2304,0.48463553,0.32643402
12_313_129,47.5,70.47769,22.977692,0.5525173611111112,1273,2304,0.48374087,0.32602787
3_108_129,50.54,74.90566,24.36566,0.5993923611111112,1381,2304,0.48210645,0.32528463
12_558_129,51.3,75.92241,24.622408,0.5928819444444444,1366,2304,0.47996897,0.32431015
3_107_517,43.3,64.06577,20.765772,0.5598958333333334,1290,2304,0.47957903,0.32413208
12_342_129,40.0,59.061813,19.061813,0.5481770833333334,1263,2304,0.47654533,0.32274345
0_567_90,62.5,91.82085,29.320847,0.5590277777777778,1288,2304,0.46913356,0.3193267
0_171_41,49.43,72.35574,22.92574,0.4435763888888889,1022,2304,0.46380213,0.31684753
13_702_129,43.0,62.910492,19.910492,0.4978298611111111,1147,2304,0.4630347,0.31648922
12_451_129,49.260002,71.91831,22.658314,0.5282118055555556,1217,2304,0.45997387,0.31505626
12_303_822,40.48,58.921337,18.441338,0.5668402777777778,1306,2304,0.45556664,0.31298232
16_622_600,40.9,59.47074,18.570742,0.5447048611111112,1255,2304,0.45405236,0.31226686
3_837_750,46.100002,66.96861,20.868612,0.6141493055555556,1415,2304,0.45268136,0.31161782
0_212_757,51.3,74.26751,22.96751,0.5733506944444444,1321,2304,0.44770977,0.3092538
12_205_834,86.4,124.850845,38.450844,0.6293402777777778,1450,2304,0.4450329,0.30797425
12_408_757,46.760002,67.41524,20.65524,0.5798611111111112,1336,2304,0.4417288,0.3063883
16_156_90,44.43,64.014206,19.584206,0.4487847222222222,1034,2304,0.44078788,0.3059353
3_836_92,56.7,81.37385,24.673847,0.5789930555555556,1334,2304,0.43516484,0.30321592
13_652_73,42.3,60.70709,18.407085,0.4839409722222222,1115,2304,0.4351557,0.30321148
0_172_41,50.2,71.96666,21.76666,0.4952256944444444,1141,2304,0.43359882,0.3024548
3_718_44,42.8,61.313297,18.513296,0.44921875,1035,2304,0.43255365,0.30194587
12_375_129,46.2,66.096306,19.896303,0.5021701388888888,1157,2304,0.4306559,0.3010199
0_146_129,69.9,99.29797,29.39797,0.5737847222222222,1322,2304,0.4205718,0.29605812
3_717_316,41.04,58.20764,17.16764,0.4205729166666667,969,2304,0.4183148,0.2949379
3_804_157,60.867,86.27871,25.411705,0.53515625,1233,2304,0.4174956,0.29453042
14_76_90,66.26,93.87248,27.612484,0.4830729166666667,1113,2304,0.4167293,0.29414886
13_701_305,43.600002,61.64756,18.04756,0.4535590277777778,1045,2304,0.41393483,0.29275385
11_666_90,41.7,58.920788,17.220787,0.4809027777777778,1108,2304,0.41296852,0.29227015
0_96_90,67.41,95.15967,27.749668,0.5607638888888888,1292,2304,0.41165504,0.29161164
10_101_41,41.99,59.132225,17.142225,0.4544270833333333,1047,2304,0.4082454,0.28989652
0_62_41,66.35,93.24504,26.895039,0.4904513888888889,1130,2304,0.405351,0.28843397
3_107_188,60.3,84.73049,24.430494,0.5533854166666666,1275,2304,0.40514916,0.28833178
3_754_157,74.105,104.0328,29.927795,0.5785590277777778,1333,2304,0.4038566,0.28767654
12_408_834,77.700005,108.969185,31.269186,0.6089409722222222,1403,2304,0.4024348,0.2869544
12_325_90,61.260002,85.823265,24.563267,0.4674479166666667,1077,2304,0.40096745,0.28620756
5_16_834,81.0,113.43993,32.43993,0.5329861111111112,1228,2304,0.40049297,0.2859657
0_221_834,106.8,149.25603,42.456028,0.5147569444444444,1186,2304,0.39752835,0.284451
17_22_41,39.37,54.83751,15.46751,0.4396701388888889,1013,2304,0.39287555,0.28206077
14_69_834,55.800003,77.71438,21.914381,0.43359375,999,2304,0.39273083,0.28198618
16_607_259,40.7,56.66274,15.962739,0.4778645833333333,1101,2304,0.39220488,0.28171492
13_627_864,47.68,66.33608,18.65608,0.5230034722222222,1205,2304,0.39127684,0.28123578
16_491_834,80.6,112.04104,31.44104,0.5473090277777778,1261,2304,0.39008737,0.28062075
6_369_740,61.9,86.01903,24.119026,0.5763888888888888,1328,2304,0.389645,0.28039175
13_400_864,42.14,58.52991,16.389912,0.4939236111111111,1138,2304,0.38893953,0.28002626
0_169_129,66.3,91.878716,25.578714,0.5642361111111112,1300,2304,0.38580263,0.27839652
15_512_834,84.4,116.85906,32.459064,0.5308159722222222,1223,2304,0.38458607,0.2777625
6_52_822,45.39,62.834995,17.444996,0.5086805555555556,1172,2304,0.38433567,0.27763185
13_705_864,44.97,61.905903,16.935904,0.4965277777777778,1144,2304,0.37660447,0.27357495
13_798_73,47.9,65.8955,17.995502,0.4192708333333333,966,2304,0.37568897,0.27309152
16_485_129,60.5,82.851585,22.351582,0.5169270833333334,1191,2304,0.36944762,0.26977855
13_657_73,43.9,60.009415,16.109413,0.3776041666666667,870,2304,0.366957,0.26844808
0_19_834,105.6,143.81148,38.21148,0.5677083333333334,1308,2304,0.36185113,0.26570535
3_839_44,40.84,55.57952,14.739521,0.38671875,891,2304,0.36090893,0.26519698
0_167_90,80.21,109.11162,28.901619,0.4392361111111111,1012,2304,0.36032438,0.26488122
3_729_44,73.6,100.11388,26.513874,0.5499131944444444,1267,2304,0.36024287,0.26483715
12_269_834,100.0,135.90823,35.908237,0.5920138888888888,1364,2304,0.35908237,0.26420942
10_297_41,49.32,67.01614,17.69614,0.4240451388888889,977,2304,0.35880253,0.26405787
16_574_600,39.4,53.529346,14.129344,0.4518229166666667,1041,2304,0.35861278,0.2639551
16_486_600,41.4,56.234924,14.834925,0.4713541666666667,1086,2304,0.3583315,0.2638027
3_837_254,83.57,113.47187,29.901869,0.5143229166666666,1185,2304,0.35780627,0.2635179
12_230_768,45.7,62.04078,16.340776,0.4175347222222222,962,2304,0.3575662,0.26338768
0_62_379,60.0,81.40238,21.402384,0.5329861111111112,1228,2304,0.3567064,0.26292086
0_872_90,98.11,133.09094,34.98095,0.4956597222222222,1142,2304,0.35654825,0.26283494
7_826_254,42.56,57.729366,15.169367,0.4444444444444444,1024,2304,0.35642308,0.2627669
0_147_129,104.8,141.99495,37.19495,0.6011284722222222,1385,2304,0.35491362,0.26194558
13_702_371,51.600002,69.81669,18.216688,0.4448784722222222,1025,2304,0.35303658,0.2609217
0_149_834,131.3,177.26791,45.96792,0.6189236111111112,1426,2304,0.35009837,0.25931326
3_796_157,74.158005,100.05934,25.901339,0.5169270833333334,1191,2304,0.3492723,0.25885978
15_9_129,65.0,87.49326,22.49326,0.5104166666666666,1176,2304,0.34605014,0.25708562
0_246_129,72.8,97.96174,25.161737,0.4787326388888889,1103,2304,0.34562826,0.25685272
0_684_650,42.9,57.719833,14.819832,0.4262152777777778,982,2304,0.3454506,0.25675458
3_716_316,39.15,52.603477,13.453477,0.3771701388888889,869,2304,0.34363925,0.25575262
14_77_63,41.7,56.027378,14.327376,0.2925347222222222,674,2304,0.34358215,0.25572097
12_205_129,71.8,96.40115,24.601154,0.4917534722222222,1133,2304,0.34263444,0.25519565
16_292_834,88.1,118.25907,30.159071,0.4756944444444444,1096,2304,0.3423277,0.25502545
0_654_754,40.0,53.658813,13.658814,0.2764756944444444,637,2304,0.34147036,0.25454932
0_300_373,42.600002,57.093475,14.493474,0.4283854166666667,987,2304,0.3402224,0.25385517
3_720_157,72.642,97.3375,24.695498,0.5499131944444444,1267,2304,0.3399617,0.25371
0_129_129,89.4,119.65719,30.257185,0.5260416666666666,1212,2304,0.33844724,0.25286558
13_661_73,43.100002,57.672,14.572001,0.3654513888888889,842,2304,0.33809745,0.2526703
13_702_32,42.9,57.399445,14.499446,0.4223090277777778,973,2304,0.33798242,0.25260603
0_860_129,76.8,102.73073,25.930725,0.4761284722222222,1097,2304,0.33763963,0.2524145
0_556_362,41.99,56.16251,14.17251,0.4388020833333333,1011,2304,0.33752108,0.25234824
12_275_129,77.4,103.484795,26.084793,0.4739583333333333,1092,2304,0.33701283,0.25206402
5_6_41,58.940002,78.65968,19.719679,0.4318576388888889,995,2304,0.33457208,0.25069615
3_878_460,40.65,54.21911,13.569109,0.38671875,891,2304,0.33380342,0.25026432
15_9_228,56.68,75.56711,18.887108,0.6063368055555556,1397,2304,0.3332235,0.2499382
3_782_316,46.16,61.48543,15.325433,0.3641493055555556,839,2304,0.33200678,0.24925308
16_545_822,39.72,52.904305,13.184305,0.4197048611111111,967,2304,0.33193114,0.24921045
0_596_821,44.11,58.733414,14.623415,0.5755208333333334,1326,2304,0.33152154,0.24897948
0_215_21,55.2,73.47369,18.273684,0.4075520833333333,939,2304,0.331045,0.24871059
0_57_834,146.90001,195.51144,48.611443,0.6866319444444444,1582,2304,0.33091518,0.24863732
0_167_41,62.7,83.41499,20.71499,0.4305555555555556,992,2304,0.33038262,0.24833654
11_601_381,40.4,53.735558,13.335557,0.3237847222222222,746,2304,0.33008802,0.24817006
3_717_92,56.27,74.76408,18.494074,0.4592013888888889,1058,2304,0.3286667,0.24736577
0_235_421,40.5,53.809574,13.309571,0.3138020833333333,723,2304,0.3286314,0.24734579
12_275_834,101.3,134.58871,33.288708,0.5798611111111112,1336,2304,0.32861507,0.24733655
3_784_129,63.300003,83.9517,20.651693,0.4552951388888889,1049,2304,0.32625106,0.24599494
3_889_44,66.700005,88.251205,21.551207,0.4796006944444444,1105,2304,0.32310653,0.24420297
0_593_362,41.600002,54.97558,13.375578,0.421875,972,2304,0.3215283,0.24330036
0_371_129,94.270004,124.565254,30.295248,0.5755208333333334,1326,2304,0.3213668,0.24320786
11_614_381,41.100002,54.305496,13.205496,0.3402777777777778,784,2304,0.32130158,0.24317051
13_680_73,45.0,59.41094,14.410935,0.3689236111111111,850,2304,0.320243,0.24256368
0_736_77,41.100002,54.249676,13.149675,0.3598090277777778,829,2304,0.31994343,0.24239178
0_562_6,52.8,69.65648,16.856478,0.3485243055555556,803,2304,0.31925148,0.2419944
13_694_73,52.2,68.85339,16.653395,0.390625,900,2304,0.31903055,0.24186745
0_371_834,130.0,171.42735,41.427353,0.6432291666666666,1482,2304,0.31867194,0.24166128
16_765_41,49.75,65.59294,15.8429365,0.33984375,783,2304,0.318451,0.24153417
11_617_600,43.3,57.058304,13.758304,0.4184027777777778,964,2304,0.31774375,0.2411271
0_194_259,46.5,61.25666,14.756659,0.3342013888888889,770,2304,0.3173475,0.24089885
16_561_452,43.2,56.895126,13.695125,0.4947916666666667,1140,2304,0.31701678,0.24070822
12_377_41,44.0,57.913773,13.913773,0.34375,792,2304,0.3162221,0.24024981
6_469_834,120.5,158.59138,38.091385,0.62890625,1449,2304,0.3161111,0.24018571
5_49_834,78.3,102.98557,24.685572,0.5021701388888888,1157,2304,0.3152691,0.23969932
3_878_302,52.18,68.60566,16.425655,0.4079861111111111,940,2304,0.31478834,0.2394213
3_723_607,40.530003,53.279774,12.749774,0.3541666666666667,816,2304,0.3145762,0.23929858
13_589_332,41.8,54.940926,13.1409235,0.4244791666666667,978,2304,0.31437618,0.23918279
13_702_462,46.940002,61.673172,14.733171,0.4236111111111111,976,2304,0.3138724,0.2388911
0_452_797,39.670002,52.083107,12.413106,0.2925347222222222,674,2304,0.31290913,0.23833267
3_855_750,51.8,67.993645,16.193645,0.4765625,1098,2304,0.31261864,0.2381641
12_376_834,143.0,187.63493,44.634937,0.6171875,1422,2304,0.31213242,0.23788181
12_252_600,42.8,56.15694,13.356941,0.4787326388888889,1103,2304,0.31207806,0.23785023
0_692_74,44.93,58.94469,14.014691,0.4826388888888889,1112,2304,0.3119228,0.23776002
0_548_129,71.700005,94.0354,22.335402,0.4401041666666667,1014,2304,0.31151184,0.2375212
0_104_797,39.9,52.294315,12.394314,0.3446180555555556,794,2304,0.31063443,0.23701073
7_71_45,43.170002,56.566105,13.396105,0.3454861111111111,796,2304,0.3103105,0.23682211
0_562_362,48.02,62.87894,14.858939,0.4622395833333333,1065,2304,0.3094323,0.23631026
0_790_834,125.700005,164.56178,38.861774,0.5902777777777778,1360,2304,0.30916288,0.2361531
12_218_129,66.8,87.42013,20.620123,0.4605034722222222,1061,2304,0.30868447,0.23587386
3_725_188,65.0,85.02052,20.020525,0.4756944444444444,1096,2304,0.30800807,0.23547873
0_298_379,64.4,84.1993,19.799303,0.4956597222222222,1142,2304,0.30744258,0.23514806
3_716_315,43.56,56.927097,13.367099,0.3567708333333333,822,2304,0.30686635,0.23481083
7_825_309,87.46,114.22871,26.768705,0.4826388888888889,1112,2304,0.30606797,0.23434307
0_850_21,51.25,66.91643,15.666426,0.4114583333333333,948,2304,0.30568635,0.23411928
0_713_379,74.200005,96.858376,22.658373,0.5234375,1206,2304,0.3053689,0.23393303
16_337_381,42.5,55.466873,12.966874,0.3498263888888889,806,2304,0.3051029,0.23377691
0_240_136,44.100002,57.519238,13.419235,0.3467881944444444,799,2304,0.30429104,0.23329996
0_343_642,49.850002,64.96398,15.113983,0.4210069444444444,970,2304,0.30318922,0.23265174
13_685_73,50.0,65.14191,15.141906,0.3728298611111111,859,2304,0.30283812,0.23244493
0_263_5,46.5,60.492786,13.992784,0.3315972222222222,764,2304,0.30092007,0.23131326
3_287_44,52.8,68.646614,15.846615,0.4131944444444444,952,2304,0.30012527,0.23084335
12_325_843,48.75,63.35675,14.60675,0.2738715277777778,631,2304,0.29962564,0.23054764
3_719_92,76.5,99.38103,22.881025,0.5225694444444444,1204,2304,0.29909837,0.23023535
0_305_834,122.3,158.7825,36.482502,0.5086805555555556,1172,2304,0.29830337,0.229764
17_896_6,42.2,54.78587,12.585867,0.2999131944444444,691,2304,0.29824328,0.22972834
0_166_77,56.5,73.31719,16.81719,0.4388020833333333,1011,2304,0.29764938,0.22937581
16_463_834,73.4,95.19771,21.797705,0.4223090277777778,973,2304,0.29697144,0.228973
11_624_600,62.4,80.851295,18.451298,0.5030381944444444,1159,2304,0.29569387,0.22821276
0_411_90,93.47,121.00499,27.534988,0.4878472222222222,1124,2304,0.29458636,0.2275525
13_817_432,47.86,61.949783,14.089784,0.4353298611111111,1003,2304,0.2943958,0.2274388
0_435_379,61.100002,79.036476,17.936474,0.4613715277777778,1063,2304,0.2935593,0.22693919
0_190_108,46.4,59.958878,13.558878,0.3689236111111111,850,2304,0.2922172,0.22613628
7_868_864,56.41,72.83537,16.425371,0.43359375,999,2304,0.29117835,0.22551365
16_559_834,114.9,148.28802,33.388027,0.5047743055555556,1163,2304,0.29058334,0.2251566
0_135_411,51.3,66.14357,14.843566,0.2560763888888889,590,2304,0.28934827,0.22441435
13_346_740,43.0,55.403194,12.403195,0.3971354166666667,915,2304,0.2884464,0.22387148
0_468_797,45.77,58.961796,13.191794,0.3294270833333333,759,2304,0.28821924,0.22373462
3_727_302,48.84,62.906105,14.066103,0.3836805555555556,884,2304,0.28800374,0.22360474
14_286_344,43.96,56.61344,12.653442,0.5481770833333334,1263,2304,0.28783992,0.22350597
3_818_188,49.4,63.603813,14.203812,0.3385416666666667,780,2304,0.28752655,0.22331698
0_308_834,155.1,199.67706,44.577065,0.5360243055555556,1235,2304,0.28740853,0.2232458
16_549_496,41.66,53.63256,11.972562,0.4171006944444444,961,2304,0.28738746,0.22323309
12_357_136,39.06,50.279724,11.219723,0.3116319444444444,718,2304,0.28724328,0.22314607
0_312_259,41.0,52.772495,11.772496,0.3272569444444444,754,2304,0.28713405,0.22308016
12_675_834,82.200005,105.79998,23.59998,0.4353298611111111,1003,2304,0.28710437,0.22306223
12_454_822,38.420002,49.439266,11.019264,0.4283854166666667,987,2304,0.2868106,0.22288486
0_790_18,52.02,66.93639,14.916394,0.4231770833333333,975,2304,0.28674343,0.2228443
16_549_843,44.82,57.64133,12.82133,0.3138020833333333,723,2304,0.2860627,0.22243293
4_864_190,38.28,49.206795,10.926793,0.3211805555555556,740,2304,0.28544393,0.22205862
0_179_224,62.61,80.442894,17.832893,0.5329861111111112,1228,2304,0.284825,0.22168389
11_533_768,56.9,73.071175,16.171177,0.30078125,693,2304,0.28420344,0.2213072
12_483_115,43.52,55.833397,12.313397,0.3302951388888889,761,2304,0.2829365,0.22053821
0_843_63,44.600002,57.19358,12.59358,0.2326388888888889,536,2304,0.28236726,0.2201922
2_48_254,50.27,64.4599,14.189899,0.4032118055555556,929,2304,0.2822737,0.2201353
0_18_5,49.7,63.72089,14.020888,0.40625,936,2304,0.28211042,0.22003597
0_242_373,44.4,56.89493,12.494932,0.3532986111111111,814,2304,0.28141737,0.21961415
10_101_77,42.57,54.53785,11.967849,0.3311631944444444,763,2304,0.2811334,0.21944116
13_810_45,47.15,60.39929,13.249286,0.3098958333333333,714,2304,0.28100288,0.21936162
0_488_797,43.100002,55.207256,12.107254,0.3025173611111111,697,2304,0.28091076,0.21930549
2_43_346,51.4,65.8232,14.423197,0.3589409722222222,827,2304,0.28060693,0.21912028
16_333_136,50.3,64.401794,14.101791,0.4010416666666667,924,2304,0.2803537,0.21896581
11_602_425,44.0,56.329044,12.329045,0.3706597222222222,854,2304,0.28020558,0.21887545
0_253_344,49.25,63.038387,13.788387,0.5069444444444444,1168,2304,0.27996725,0.21873002
5_272_344,44.48,56.85644,12.376439,0.5377604166666666,1239,2304,0.2782473,0.21767876
3_828_302,39.510002,50.492416,10.982415,0.3654513888888889,842,2304,0.27796546,0.21750623
0_151_834,119.5,152.62646,33.12646,0.5238715277777778,1207,2304,0.27720886,0.2170427
4_105_41,56.600002,72.257095,15.657097,0.39453125,909,2304,0.27662715,0.21668594
4_356_41,63.14,80.57892,17.438917,0.3424479166666667,789,2304,0.27619445,0.21642034
16_486_740,47.0,59.95516,12.955157,0.4444444444444444,1024,2304,0.27564165,0.21608078
6_474_41,62.420002,79.55319,17.133192,0.3441840277777778,793,2304,0.2744824,0.21536775
0_232_834,144.8,184.50089,39.70088,0.5685763888888888,1310,2304,0.27417734,0.21517988
3_766_302,40.72,51.87755,11.157546,0.3706597222222222,854,2304,0.27400652,0.21507466
3_719_315,56.31,71.706474,15.396476,0.36328125,837,2304,0.27342346,0.21471529
0_142_90,68.0,86.538475,18.538475,0.3606770833333333,831,2304,0.27262464,0.21422234
2_42_286,44.8,57.004807,12.204804,0.3042534722222222,701,2304,0.27242866,0.21410131
3_720_116,40.62,51.683617,11.063615,0.3467881944444444,799,2304,0.27236867,0.21406426
0_211_819,39.510002,50.26594,10.755941,0.33203125,765,2304,0.27223337,0.2139807
13_637_272,58.48,74.38004,15.900041,0.3780381944444444,871,2304,0.27188852,0.21376756
0_525_834,109.700005,139.49997,29.799965,0.4631076388888889,1067,2304,0.27164963,0.21361987
0_140_633,48.57,61.740753,13.170751,0.4205729166666667,969,2304,0.2711705,0.21332346
0_154_834,169.40001,215.30142,45.901417,0.6558159722222222,1511,2304,0.27096465,0.21319607
9_38_332,45.3,57.57199,12.27199,0.4474826388888889,1031,2304,0.27090487,0.21315902
3_729_188,86.200005,109.5322,23.3322,0.4796006944444444,1105,2304,0.27067515,0.2130168
3_419_607,52.86,67.16559,14.305586,0.40234375,927,2304,0.27063158,0.2129898
3_828_188,71.4,90.71873,19.318724,0.4722222222222222,1088,2304,0.27057037,0.21295188
2_92_45,47.4,60.210033,12.810034,0.32421875,747,2304,0.27025387,0.2127558
6_493_740,83.8,106.4472,22.647194,0.4704861111111111,1084,2304,0.2702529,0.21275519
11_528_381,43.100002,54.74636,11.6463585,0.2747395833333333,633,2304,0.27021712,0.21273302
3_768_120,84.94,107.88146,22.941462,0.4032118055555556,929,2304,0.2700902,0.21265434
0_291_21,45.5,57.733097,12.233097,0.3624131944444444,835,2304,0.26885927,0.21189053
0_74_41,110.39,140.04938,29.659376,0.4192708333333333,966,2304,0.2686781,0.211778
3_108_792,41.670002,52.85701,11.187011,0.3572048611111111,823,2304,0.26846677,0.21164668
10_23_635,44.260002,56.140945,11.880944,0.3368055555555556,776,2304,0.26843524,0.21162708
0_134_536,43.7,55.427746,11.727746,0.3046875,702,2304,0.26836947,0.21158619
0_291_797,44.07,55.862602,11.792603,0.3107638888888889,716,2304,0.267588,0.21110013
0_115_834,105.4,133.44704,28.04703,0.3940972222222222,908,2304,0.26610085,0.21017349
0_109_21,53.4,67.59041,14.190408,0.3454861111111111,796,2304,0.26573795,0.20994706
12_391_600,43.2,54.643154,11.443154,0.3971354166666667,915,2304,0.26488784,0.20941606
0_182_768,68.4,86.49649,18.09649,0.4131944444444444,952,2304,0.26456857,0.20921648
6_609_600,40.7,51.463417,10.763416,0.4006076388888889,923,2304,0.2644574,0.20914695
0_148_650,55.600002,70.285225,14.685222,0.3546006944444444,817,2304,0.2641227,0.20893754
0_19_21,55.600002,70.27,14.669998,0.3953993055555556,911,2304,0.26384887,0.20876618
0_182_630,46.24,58.439953,12.199953,0.3177083333333333,732,2304,0.2638398,0.20876049
0_183_21,52.100002,65.83479,13.734795,0.3146701388888889,725,2304,0.26362368,0.20862517
0_131_843,45.600002,57.556396,11.956397,0.3064236111111111,706,2304,0.26220167,0.20773359
0_234_411,63.5,80.146835,16.646835,0.2673611111111111,616,2304,0.26215488,0.20770422
0_211_630,48.920002,61.74301,12.82301,0.3741319444444444,862,2304,0.26212204,0.2076836
2_92_309,90.66,114.42264,23.762634,0.46875,1080,2304,0.26210713,0.20767424
12_388_554,43.36,54.711754,11.351753,0.3624131944444444,835,2304,0.26180243,0.2074829
3_785_92,85.0,107.241806,22.241804,0.4813368055555556,1109,2304,0.2616683,0.20739864
14_457_190,56.7,71.509415,14.809416,0.3381076388888889,779,2304,0.26118898,0.20709743
6_513_598,40.5,51.070553,10.570554,0.2973090277777778,685,2304,0.26100132,0.20697942
15_510_133,44.0,55.478603,11.478602,0.3823784722222222,881,2304,0.26087734,0.20690143
0_557_632,42.670002,53.781395,11.111393,0.3962673611111111,913,2304,0.26040292,0.20660292
3_782_607,40.420002,50.934864,10.514865,0.3120659722222222,719,2304,0.26014015,0.20643748
0_289_843,43.84,55.230938,11.390937,0.24088541666666666,555,2304,0.25982976,0.20624197
6_470_834,119.700005,150.7925,31.092491,0.54296875,1251,2304,0.25975347,0.2061939
12_384_344,40.02,50.41057,10.39057,0.50390625,1161,2304,0.25963444,0.20611888
0_174_74,40.48,50.966743,10.486744,0.4952256944444444,1141,2304,0.25905988,0.2057566
0_581_834,125.600006,158.11322,32.51321,0.4496527777777778,1036,2304,0.25886312,0.20563246
0_556_129,125.700005,158.21336,32.513367,0.5234375,1206,2304,0.25865844,0.20550328
0_216_74,47.05,59.21474,12.164739,0.4253472222222222,980,2304,0.25854918,0.2054343
0_229_536,38.600002,48.579292,9.97929,0.2443576388888889,563,2304,0.25853083,0.20542271
12_387_634,39.64,49.88634,10.246341,0.3493923611111111,805,2304,0.2584849,0.20539372
6_493_834,151.7,190.90648,39.20647,0.5967881944444444,1375,2304,0.2584474,0.20537004
12_313_600,46.0,57.878883,11.878883,0.4058159722222222,935,2304,0.2582366,0.20523691
3_106_120,67.3,84.66976,17.369762,0.3858506944444444,889,2304,0.25809452,0.20514718
5_111_802,46.600002,58.624092,12.024092,0.1870659722222222,431,2304,0.2580277,0.20510495
3_841_157,137.657,173.09663,35.439636,0.5638020833333334,1299,2304,0.25744885,0.20473902
0_441_797,51.5,64.748474,13.24847,0.2894965277777778,667,2304,0.25725186,0.2046144
16_278_129,72.200005,90.76843,18.56843,0.4383680555555556,1010,2304,0.25718045,0.20456925
0_60_226,109.86,138.00006,28.140059,0.6028645833333334,1389,2304,0.2561447,0.20391338
0_288_41,73.3,92.06245,18.762445,0.2951388888888889,680,2304,0.25596786,0.20380129
0_137_224,93.17,117.01376,23.843763,0.5642361111111112,1300,2304,0.25591674,0.20376888
3_873_607,50.15,62.973457,12.823456,0.3381076388888889,779,2304,0.255702,0.20363271
3_719_316,59.68,74.91461,15.2346115,0.3441840277777778,793,2304,0.25527164,0.20335968
13_698_402,39.48,49.551254,10.071255,0.3342013888888889,770,2304,0.25509763,0.20324925
3_889_860,56.0,70.28288,14.282882,0.2595486111111111,598,2304,0.25505146,0.20321992
0_155_21,50.68,63.604816,12.924817,0.3472222222222222,800,2304,0.25502795,0.203205
0_517_425,43.9,55.08131,11.18131,0.3051215277777778,703,2304,0.25469953,0.20299643
0_263_90,105.3,132.11601,26.816004,0.4453125,1026,2304,0.2546629,0.20297316
3_717_116,39.91,50.06819,10.15819,0.3155381944444444,727,2304,0.25452742,0.20288709
12_482_845,49.5,62.0845,12.584497,0.3090277777777778,712,2304,0.25423226,0.20269951
12_460_633,40.54,50.843616,10.303617,0.3190104166666667,735,2304,0.25415927,0.2026531
0_555_63,55.600002,69.72342,14.123422,0.2630208333333333,606,2304,0.25401837,0.20256352
12_454_834,90.3,113.23634,22.936342,0.48046875,1107,2304,0.25400156,0.20255284
0_692_108,51.0,63.936863,12.936864,0.3142361111111111,724,2304,0.253664,0.20233811
0_119_79,41.24,51.68077,10.440769,0.3125,720,2304,0.2531709,0.20202425
0_254_650,49.9,62.515354,12.615354,0.3350694444444444,772,2304,0.25281268,0.20179608
0_200_108,48.77,61.098484,12.328484,0.2960069444444444,682,2304,0.25278825,0.20178051
12_387_387,55.600002,69.654045,14.054042,0.3420138888888889,788,2304,0.2527705,0.20176922
0_112_108,46.16,57.788998,11.628997,0.3068576388888889,707,2304,0.251928,0.20123202
3_802_188,79.6,99.61319,20.013191,0.4704861111111111,1084,2304,0.25142202,0.20090905
3_107_302,50.010002,62.576107,12.566106,0.3355034722222222,773,2304,0.25127184,0.20081316
0_435_77,57.4,71.81259,14.41259,0.3802083333333333,876,2304,0.2510904,0.20069726
0_481_133,44.9,56.16635,11.266352,0.3146701388888889,725,2304,0.25092095,0.20058899
0_162_797,42.100002,52.638287,10.538284,0.2400173611111111,553,2304,0.25031552,0.20020188
7_136_254,45.63,57.051292,11.421291,0.3684895833333333,849,2304,0.25030223,0.20019339
3_771_607,47.06,58.837303,11.777303,0.3415798611111111,787,2304,0.25026143,0.20016728
0_438_411,49.0,61.259354,12.259353,0.2387152777777778,550,2304,0.25019088,0.20012213
12_329_191,172.90001,216.13431,43.2343,0.5325520833333334,1227,2304,0.25005376,0.20003441
13_701_678,40.0,49.999638,9.999636,0.3689236111111111,850,2304,0.2499909,0.19999416
0_452_424,39.38,49.223877,9.843876,0.3029513888888889,698,2304,0.24997145,0.19998172
16_564_728,41.5,51.869507,10.369504,0.3229166666666667,744,2304,0.24986756,0.19991522
12_484_41,52.96,66.16639,13.206387,0.3359375,774,2304,0.24936531,0.19959357
0_1_806,48.9,61.087032,12.18703,0.3285590277777778,757,2304,0.2492235,0.19950274
12_388_108,42.260002,52.775883,10.515881,0.3637152777777778,838,2304,0.24883768,0.19925542
16_103_496,39.05,48.750114,9.700115,0.3689236111111111,850,2304,0.24840245,0.19897625
13_653_531,49.23,61.453213,12.22321,0.3294270833333333,759,2304,0.24828784,0.19890271
0_231_41,70.96,88.56623,17.606226,0.3745659722222222,863,2304,0.2481148,0.19879164
0_481_650,64.98,81.09363,16.11363,0.3368055555555556,776,2304,0.2479783,0.19870402
16_170_345,39.72,49.558968,9.838966,0.3020833333333333,696,2304,0.24770811,0.1985305
12_320_536,56.100002,69.97373,13.873728,0.3519965277777778,811,2304,0.24730352,0.19827051
3_858_188,99.08,123.57023,24.490227,0.4605034722222222,1061,2304,0.24717629,0.19818874
16_410_41,49.18,61.330215,12.150216,0.3585069444444444,826,2304,0.24705604,0.19811141
12_248_834,121.5,151.48877,29.988771,0.5334201388888888,1229,2304,0.24682117,0.19796036
11_550_6,39.59,49.355682,9.765683,0.2504340277777778,577,2304,0.24667045,0.1978634
3_809_792,45.2,56.346428,11.146427,0.3289930555555556,758,2304,0.24660237,0.19781959
16_490_496,41.06,51.179443,10.119441,0.4114583333333333,948,2304,0.24645495,0.19772471
0_500_77,61.9,77.11262,15.212615,0.3441840277777778,793,2304,0.24576114,0.1972779
16_565_115,50.100002,62.387806,12.287806,0.3012152777777778,694,2304,0.24526557,0.19695845
13_656_503,44.7,55.663254,10.963253,0.3463541666666667,798,2304,0.24526292,0.19695674
13_776_221,42.100002,52.409412,10.309411,0.2955729166666667,681,2304,0.24487911,0.19670916
0_438_843,48.95,60.933212,11.983212,0.3003472222222222,692,2304,0.24480516,0.19666143
0_431_738,43.97,54.721592,10.751593,0.3068576388888889,707,2304,0.2445211,0.19647807
12_90_635,42.45,52.82947,10.379469,0.3203125,738,2304,0.24451046,0.19647118
11_602_296,45.52,56.64998,11.129979,0.3506944444444444,808,2304,0.24450745,0.19646926
0_240_21,49.27,61.305115,12.035113,0.3059895833333333,705,2304,0.24426858,0.19631499
16_565_834,124.3,154.64792,30.347918,0.4596354166666667,1059,2304,0.24415058,0.19623877
0_154_821,57.52,71.54265,14.022646,0.4240451388888889,977,2304,0.2437873,0.196004
12_247_77,39.58,49.208393,9.628391,0.2829861111111111,652,2304,0.24326405,0.19566563
13_629_864,68.19,84.76709,16.577087,0.46875,1080,2304,0.24310143,0.19556041
0_157_74,43.100002,53.574047,10.474047,0.4735243055555556,1091,2304,0.24301732,0.19550598
0_212_719,40.97,50.916897,9.9468975,0.3875868055555556,893,2304,0.2427849,0.19535553
6_893_77,46.39,57.63125,11.241248,0.3372395833333333,777,2304,0.24232051,0.19505474
6_541_476,58.39,72.50164,14.11164,0.3315972222222222,764,2304,0.24167906,0.19463891
0_829_834,151.5,188.02458,36.524582,0.5807291666666666,1338,2304,0.24108635,0.1942543
12_342_401,43.5,53.982193,10.482193,0.20703125,477,2304,0.24096996,0.19417872
0_535_18,44.05,54.664112,10.61411,0.3424479166666667,789,2304,0.24095596,0.19416963
0_461_74,38.99,48.382915,9.392913,0.4878472222222222,1124,2304,0.24090569,0.19413698
0_150_74,42.54,52.78397,10.243968,0.4565972222222222,1052,2304,0.24080789,0.19407347
6_339_600,63.100002,78.29483,15.194827,0.4613715277777778,1063,2304,0.24080549,0.1940719
16_607_694,56.3,69.852264,13.552262,0.3276909722222222,755,2304,0.24071515,0.19401321
0_378_259,44.5,55.197483,10.697483,0.2725694444444444,628,2304,0.24039288,0.19380382
12_422_476,42.920002,53.23421,10.314211,0.3077256944444444,709,2304,0.24031246,0.19375154
0_883_74,41.54,51.513065,9.973066,0.4010416666666667,924,2304,0.24008344,0.19360265
3_110_120,73.46,91.08772,17.627724,0.3572048611111111,823,2304,0.23996358,0.19352469
0_118_630,41.02,50.856064,9.836062,0.2795138888888889,644,2304,0.23978698,0.19340983
16_276_834,124.3,154.02957,29.729574,0.4318576388888889,995,2304,0.23917598,0.19301212
16_561_12,47.66,59.018253,11.358251,0.3914930555555556,902,2304,0.23831831,0.19245318
0_126_411,46.0,56.956993,10.95699,0.19791666666666666,456,2304,0.23819543,0.19237305
0_525_634,39.25,48.582714,9.332712,0.3368055555555556,776,2304,0.2377761,0.19209944
0_521_216,43.9,54.32641,10.426408,0.3098958333333333,714,2304,0.23750359,0.19192153
13_701_147,41.7,51.60372,9.903721,0.2230902777777778,514,2304,0.2374993,0.19191873
0_134_425,45.3,56.051563,10.751562,0.3515625,810,2304,0.23734133,0.19181556
0_160_108,52.870003,65.41525,12.54525,0.2942708333333333,678,2304,0.23728484,0.19177866
6_479_129,78.1,96.62511,18.525106,0.4539930555555556,1046,2304,0.23719727,0.19172145
0_435_108,47.05,58.205246,11.155246,0.3051215277777778,703,2304,0.23709343,0.19165361
3_814_456,40.11,49.61925,9.509251,0.21875,504,2304,0.23707929,0.19164439
3_785_157,208.326,257.69952,49.37353,0.5707465277777778,1315,2304,0.23700128,0.19159341
15_509_666,50.7,62.712738,12.012736,0.3103298611111111,715,2304,0.2369376,0.19155177
12_383_90,67.630005,83.64702,16.01702,0.2530381944444444,583,2304,0.23683304,0.19148344
0_182_5,40.7,50.339108,9.639105,0.2677951388888889,617,2304,0.23683304,0.19148342
13_683_286,47.2,58.366615,11.1666155,0.2816840277777778,649,2304,0.23658083,0.19131854
13_694_332,46.7,57.736855,11.036855,0.4075520833333333,939,2304,0.23633522,0.19115788
15_9_226,76.61,94.685356,18.075357,0.5564236111111112,1282,2304,0.23593992,0.1908992
3_762_302,47.16,58.27939,11.119389,0.3003472222222222,692,2304,0.23578008,0.19079453
0_112_194,40.09,49.538654,9.448654,0.3098958333333333,714,2304,0.23568606,0.19073296
0_300_77,109.0,134.67867,25.678661,0.4110243055555556,947,2304,0.23558405,0.19066614
0_132_6,69.200005,85.4947,16.294697,0.3020833333333333,696,2304,0.23547249,0.19059306
0_671_151,43.100002,53.24131,10.141309,0.3181423611111111,733,2304,0.23529717,0.19047819
3_392_157,151.697,187.3529,35.655903,0.5078125,1170,2304,0.23504685,0.19031411
12_329_387,52.600002,64.951195,12.351194,0.3177083333333333,732,2304,0.23481357,0.19016115
12_322_834,100.1,123.58996,23.489954,0.3910590277777778,901,2304,0.23466487,0.19006361
5_7_635,42.06,51.91553,9.855532,0.3203125,738,2304,0.23432076,0.18983783
16_545_129,102.240005,126.14912,23.909117,0.4444444444444444,1024,2304,0.23385285,0.1895306
12_379_41,53.13,65.55391,12.423909,0.28125,648,2304,0.23383981,0.18952201
12_230_600,58.2,71.802284,13.602286,0.3962673611111111,913,2304,0.23371626,0.18944086
0_135_74,42.91,52.937077,10.027075,0.4583333333333333,1056,2304,0.23367688,0.18941498
0_402_20,41.2,50.826893,9.626893,0.23828125,549,2304,0.23366244,0.1894055
13_310_309,132.36,163.26637,30.906364,0.4548611111111111,1048,2304,0.2335023,0.18930024
4_328_6,47.350002,58.401814,11.051813,0.2634548611111111,607,2304,0.23340681,0.1892375
16_395_136,49.100002,60.553783,11.453781,0.3207465277777778,739,2304,0.23327455,0.18915054
0_353_41,92.08,113.554245,21.474247,0.28125,648,2304,0.23321293,0.18911003
16_355_834,122.9,151.50734,28.607334,0.4201388888888889,968,2304,0.23276919,0.18881814
0_74_843,55.08,67.892075,12.812072,0.3038194444444444,700,2304,0.23260841,0.18871233
16_571_496,44.33,54.630302,10.300301,0.3784722222222222,872,2304,0.23235507,0.18854555
0_235_247,50.370003,62.072487,11.702485,0.3641493055555556,839,2304,0.23233044,0.18852934
0_140_74,47.13,58.07056,10.940561,0.4370659722222222,1007,2304,0.23213582,0.18840116
0_664_843,40.190002,49.49374,9.3037405,0.2643229166666667,609,2304,0.2314939,0.18797812
0_658_6,60.31,74.25333,13.943325,0.2508680555555556,578,2304,0.23119424,0.18778047
0_0_21,69.4,85.39643,15.996432,0.3498263888888889,806,2304,0.23049614,0.18731968
0_56_650,47.65,58.632957,10.982958,0.28515625,657,2304,0.2304923,0.18731713
0_309_717,41.7,51.30303,9.603027,0.3250868055555556,749,2304,0.23028842,0.18718247
0_91_140,62.800003,77.261986,14.461984,0.3606770833333333,831,2304,0.23028636,0.1871811
3_718_340,40.58,49.921993,9.341992,0.2725694444444444,628,2304,0.23021173,0.18713179
13_748_402,44.56,54.817307,10.257308,0.3719618055555556,857,2304,0.23019093,0.18711805
16_279_129,82.1,100.99563,18.895628,0.4236111111111111,976,2304,0.23015381,0.18709353
5_50_810,43.8,53.87066,10.07066,0.2721354166666667,627,2304,0.22992374,0.18694146
12_250_822,64.200005,78.92203,14.722023,0.4917534722222222,1133,2304,0.22931498,0.18653883
0_554_21,85.1,104.58517,19.485168,0.3693576388888889,851,2304,0.2289679,0.1863091
0_525_21,54.3,66.7147,12.4147,0.3272569444444444,754,2304,0.22863168,0.18608642
0_232_259,42.8,52.572266,9.772265,0.22916666666666666,528,2304,0.22832397,0.18588252
0_812_380,43.34,53.23379,9.893791,0.24696180555555555,569,2304,0.22828314,0.18585546
0_56_129,87.700005,107.71768,20.017683,0.39453125,909,2304,0.22825179,0.1858347
0_118_295,41.37,50.80758,9.437579,0.3090277777777778,712,2304,0.22812617,0.18575141
0_179_379,80.8,99.23088,18.430883,0.4557291666666667,1050,2304,0.22810498,0.18573737
3_754_44,67.9,83.377495,15.477496,0.3658854166666667,843,2304,0.22794545,0.18563157
4_866_596,59.2,72.69342,13.493422,0.3841145833333333,885,2304,0.22792941,0.18562095
16_276_136,42.97,52.75781,9.787807,0.21006944444444445,484,2304,0.22778234,0.18552339
16_518_834,131.3,161.20404,29.90404,0.4487847222222222,1034,2304,0.22775353,0.18550427
0_806_74,49.350002,60.583664,11.233664,0.4696180555555556,1082,2304,0.22763248,0.18542397
0_158_21,68.770004,84.419754,15.649752,0.4014756944444444,925,2304,0.22756654,0.1853802
11_672_34,42.41,52.040054,9.630053,0.3428819444444444,790,2304,0.22707033,0.18505079
0_62_74,45.7,56.074245,10.374246,0.5052083333333334,1164,2304,0.22700755,0.18500909
16_333_345,47.81,58.646667,10.836665,0.3133680555555556,722,2304,0.22666106,0.18477887
0_343_21,92.6,113.56128,20.96128,0.3980034722222222,917,2304,0.22636373,0.18458124
0_288_21,54.18,66.438416,12.258418,0.2521701388888889,581,2304,0.22625357,0.18450798
0_621_738,42.7,52.35657,9.65657,0.2999131944444444,691,2304,0.22614919,0.18443856
10_3_77,69.8,85.57856,15.778558,0.3385416666666667,780,2304,0.22605382,0.18437512
0_151_88,40.4,49.517178,9.117177,0.3676215277777778,847,2304,0.22567269,0.1841215
0_481_247,40.29,49.37974,9.089742,0.30859375,711,2304,0.22560789,0.18407835
0_405_18,43.64,53.479107,9.839107,0.3172743055555556,731,2304,0.22546074,0.18398038
0_59_6,54.170002,66.382614,12.212616,0.2747395833333333,633,2304,0.2254498,0.1839731
4_830_596,53.5,65.55988,12.059884,0.3098958333333333,714,2304,0.22541839,0.18395218
0_18_452,40.7,49.850708,9.150707,0.3897569444444444,898,2304,0.2248331,0.18356223
12_222_200,43.4,53.14952,9.749519,0.2907986111111111,670,2304,0.22464329,0.1834357
0_109_19,91.770004,112.32886,20.558859,0.3741319444444444,862,2304,0.2240259,0.18302384
3_712_607,76.4,93.50675,17.106752,0.3815104166666667,879,2304,0.22391036,0.18294671
12_432_381,51.9,63.509823,11.609822,0.2651909722222222,611,2304,0.223696,0.18280357
3_110_792,46.49,56.876705,10.386704,0.3684895833333333,849,2304,0.22341803,0.1826179
16_546_41,59.460003,72.71079,13.250791,0.2725694444444444,628,2304,0.22285217,0.18223967
13_798_521,101.5,124.11759,22.617588,0.4561631944444444,1051,2304,0.22283338,0.18222709
0_172_108,46.66,57.050087,10.390085,0.2994791666666667,690,2304,0.2226765,0.18212216
0_517_373,42.0,51.349583,9.349582,0.3237847222222222,746,2304,0.22260909,0.18207708
0_402_600,76.1,93.00274,16.902735,0.4045138888888889,932,2304,0.22211215,0.18174449
0_494_6,59.47,72.665054,13.195055,0.2990451388888889,689,2304,0.2218775,0.18158735
16_563_554,48.84,59.6762,10.836201,0.3459201388888889,797,2304,0.22187144,0.18158329
0_740_74,53.41,65.2505,11.840499,0.4583333333333333,1056,2304,0.22169067,0.18146218
6_508_834,118.100006,144.27344,26.173435,0.4474826388888889,1031,2304,0.22162095,0.18141548
12_90_90,59.49,72.67062,13.180627,0.2903645833333333,669,2304,0.22156037,0.1813749
0_216_108,50.620003,61.831867,11.211868,0.24739583333333334,570,2304,0.22149086,0.18132831
16_549_296,39.350002,48.063766,8.713766,0.3337673611111111,769,2304,0.22144258,0.18129595
15_737_132,94.47,115.37471,20.904707,0.4123263888888889,950,2304,0.22128408,0.18118969
0_822_247,41.91,51.18382,9.273819,0.35546875,819,2304,0.22127938,0.18118654
0_140_650,55.420002,67.68089,12.260891,0.2864583333333333,660,2304,0.22123584,0.18115735
3_724_340,49.5,60.4477,10.9477005,0.30859375,711,2304,0.22116567,0.1811103
5_749_600,68.1,83.15762,15.057623,0.4466145833333333,1029,2304,0.22111048,0.18107328
0_213_650,45.2,55.18805,9.988048,0.24739583333333334,570,2304,0.2209745,0.18098207
16_650_843,48.33,59.004494,10.674495,0.2873263888888889,662,2304,0.22086684,0.18090986
0_282_797,41.8,51.023666,9.223665,0.2677951388888889,617,2304,0.22066185,0.18077229
3_727_792,57.670002,70.38433,12.714327,0.3220486111111111,742,2304,0.22046691,0.18064144
13_686_221,60.7,74.0687,13.368704,0.3172743055555556,731,2304,0.22024223,0.18049058
0_241_821,57.25,69.85105,12.60105,0.5360243055555556,1235,2304,0.22010568,0.18039887
3_809_316,65.21,79.56195,14.351953,0.3068576388888889,707,2304,0.22008821,0.18038714
3_821_792,59.07,72.06563,12.9956255,0.359375,828,2304,0.22000381,0.18033043
0_183_20,41.7,50.871567,9.171564,0.23177083333333334,534,2304,0.21994159,0.18028861
16_292_596,56.8,69.28339,12.483385,0.3480902777777778,802,2304,0.21977791,0.18017863
16_544_772,40.59,49.50857,8.918572,0.3051215277777778,703,2304,0.21972339,0.18014199
4_852_768,44.06,53.74056,9.680558,0.20703125,477,2304,0.21971308,0.18013506
13_629_402,44.260002,53.98364,9.723639,0.33984375,783,2304,0.21969359,0.18012196
0_60_536,42.0,51.22555,9.22555,0.2204861111111111,508,2304,0.21965595,0.18009664
3_800_92,119.6,145.86017,26.26017,0.5008680555555556,1154,2304,0.21956664,0.1800366
12_228_108,45.31,55.24722,9.937217,0.33984375,783,2304,0.21931618,0.17986818
0_242_425,45.7,55.72057,10.020567,0.3138020833333333,723,2304,0.21926843,0.17983605
11_20_556,49.7,60.587536,10.887533,0.3927951388888889,905,2304,0.21906506,0.17969923
6_477_560,48.420002,59.025997,10.605995,0.3611111111111111,832,2304,0.21904162,0.17968346
12_226_834,122.700005,149.57486,26.874865,0.4848090277777778,1117,2304,0.21902904,0.17967501
16_278_387,41.0,49.971397,8.971396,0.2478298611111111,571,2304,0.21881455,0.17953064
0_577_18,52.0,63.378242,11.378243,0.23567708333333334,543,2304,0.21881238,0.17952918
16_542_772,39.29,47.886658,8.596658,0.3394097222222222,782,2304,0.21880014,0.17952093
0_628_21,75.700005,92.26098,16.560978,0.2838541666666667,654,2304,0.21877116,0.17950143
0_181_108,59.95,73.06337,13.113371,0.3302951388888889,761,2304,0.21873847,0.17947942
0_217_26,57.84,70.48383,12.643835,0.3611111111111111,832,2304,0.21860018,0.17938632
0_126_77,51.0,62.133068,11.133067,0.296875,684,2304,0.21829544,0.17918102
0_439_583,41.600002,50.673447,9.073444,0.2842881944444444,655,2304,0.21811163,0.17905718
16_410_600,98.4,119.86039,21.460386,0.4505208333333333,1038,2304,0.21809335,0.17904486
16_518_41,62.59,76.23852,13.648514,0.2712673611111111,625,2304,0.2180622,0.17902386
0_664_26,72.200005,87.93641,15.736409,0.3472222222222222,800,2304,0.2179558,0.17895214
0_434_843,57.77,70.35222,12.582218,0.26171875,603,2304,0.21779847,0.17884608
0_679_21,56.9,69.282455,12.382458,0.3355034722222222,773,2304,0.21761788,0.17872429
12_454_635,47.52,57.84373,10.323729,0.2977430555555556,686,2304,0.21725018,0.17847618
12_264_740,100.200005,121.94253,21.742523,0.4375,1008,2304,0.21699125,0.1783014
0_305_670,43.100002,52.449802,9.349802,0.2730034722222222,629,2304,0.21693274,0.1782619
0_172_136,51.5,62.65339,11.15339,0.3081597222222222,710,2304,0.21657068,0.17801735
0_578_554,67.1,81.630135,14.530135,0.2664930555555556,614,2304,0.2165445,0.17799965
4_864_115,41.57,50.57138,9.001381,0.2417534722222222,557,2304,0.21653551,0.17799358
6_495_313,56.48,68.70429,12.224291,0.4600694444444444,1060,2304,0.21643575,0.17792615
7_75_67,39.86,48.48456,8.624558,0.27734375,639,2304,0.21637125,0.17788258
12_249_200,52.260002,63.545883,11.285882,0.3198784722222222,737,2304,0.2159564,0.1776021
16_600_554,41.7,50.69351,8.993506,0.3155381944444444,727,2304,0.21567161,0.17740943
6_681_191,136.1,165.44511,29.345108,0.4817708333333333,1110,2304,0.2156143,0.17737065
11_651_699,39.4,47.89015,8.490147,0.22352430555555555,515,2304,0.21548595,0.17728378
16_565_259,47.9,58.201214,10.301212,0.3346354166666667,771,2304,0.21505661,0.17699309
0_212_632,42.940002,52.172,9.232001,0.3168402777777778,730,2304,0.2149977,0.17695318
0_302_21,60.47,73.46991,12.999909,0.3229166666666667,744,2304,0.21498114,0.17694196
13_702_570,45.0,54.672318,9.672318,0.29296875,675,2304,0.21494041,0.17691436
12_319_108,45.8,55.642086,9.842083,0.3125,720,2304,0.21489264,0.17688198
0_59_21,60.300003,73.25335,12.953351,0.3289930555555556,758,2304,0.2148151,0.17682947
10_101_259,43.9,53.329056,9.429054,0.2686631944444444,619,2304,0.21478483,0.17680895
3_317_398,44.43,53.945583,9.515583,0.23350694444444445,538,2304,0.21417022,0.17639226
0_301_108,48.75,59.184753,10.434752,0.3090277777777778,712,2304,0.21404621,0.17630811
4_880_190,42.74,51.878025,9.138022,0.2981770833333333,687,2304,0.21380492,0.17614438
0_740_489,38.9,47.214226,8.314224,0.2417534722222222,557,2304,0.21373326,0.17609574
0_61_834,127.3,154.50325,27.203245,0.4509548611111111,1039,2304,0.21369399,0.17606908
0_239_489,42.7,51.821854,9.121853,0.24305555555555555,560,2304,0.21362653,0.17602329
0_556_411,75.4,91.49804,16.098038,0.2222222222222222,512,2304,0.21350183,0.1759386
0_119_140,59.2,71.82604,12.6260395,0.3133680555555556,722,2304,0.2132777,0.17578638
16_285_834,140.1,169.93661,29.836615,0.4861111111111111,1120,2304,0.21296655,0.17557496
0_704_74,56.74,68.8026,12.062593,0.4418402777777778,1018,2304,0.21259417,0.17532177
0_34_797,48.5,58.809563,10.309561,0.2608506944444444,601,2304,0.21256827,0.17530416
7_72_73,78.8,95.541916,16.741915,0.3871527777777778,892,2304,0.21246085,0.1752311
0_567_200,41.260002,50.026043,8.766044,0.2795138888888889,644,2304,0.21245864,0.17522961
2_92_4,64.0,77.59194,13.591942,0.26171875,603,2304,0.21237409,0.17517208
12_262_834,112.6,136.49905,23.899052,0.4670138888888889,1076,2304,0.21224736,0.17508584
3_766_860,45.600002,55.276516,9.676515,0.2578125,594,2304,0.21220426,0.17505652
0_872_77,52.9,64.110504,11.2105,0.2482638888888889,572,2304,0.2119187,0.17486213
16_358_715,46.260002,56.060856,9.800854,0.3207465277777778,739,2304,0.21186453,0.17482527
13_685_210,42.5,51.50349,9.003491,0.2387152777777778,550,2304,0.21184686,0.17481323
4_304_190,50.2,60.828915,10.628913,0.2921006944444444,673,2304,0.21173133,0.17473455
16_732_554,39.0,47.252083,8.252081,0.2973090277777778,685,2304,0.21159182,0.17463952
12_205_108,45.05,54.57607,9.526067,0.2890625,666,2304,0.21145542,0.17454658
16_367_834,181.5,219.85803,38.35803,0.4908854166666667,1131,2304,0.211339,0.17446727
6_476_6,59.4,71.94677,12.546771,0.3515625,810,2304,0.21122509,0.17438963
16_333_259,55.600002,67.33882,11.738818,0.3285590277777778,757,2304,0.21112981,0.17432468
0_312_793,39.8,48.202873,8.402873,0.2630208333333333,606,2304,0.21112746,0.17432307
0_195_291,39.600002,47.956642,8.35664,0.3177083333333333,732,2304,0.21102625,0.17425406
3_820_116,51.36,62.19451,10.834513,0.2699652777777778,622,2304,0.21095234,0.17420368
6_398_259,53.0,64.17874,11.178741,0.2708333333333333,624,2304,0.21091965,0.17418137
7_72_402,40.45,48.97036,8.520359,0.3155381944444444,727,2304,0.21063928,0.17399013
0_118_133,41.100002,49.755585,8.655583,0.2760416666666667,636,2304,0.21059813,0.17396204
16_395_834,156.6,189.57866,32.978664,0.4917534722222222,1133,2304,0.21059172,0.17395769
0_806_321,40.4,48.905483,8.505484,0.24696180555555555,569,2304,0.21053177,0.17391677
0_371_806,54.0,65.36348,11.363477,0.2842881944444444,655,2304,0.21043475,0.17385055
14_76_525,40.11,48.54502,8.4350195,0.3276909722222222,755,2304,0.21029717,0.17375663
0_118_670,44.0,53.245064,9.245062,0.2673611111111111,616,2304,0.21011505,0.17363228
5_49_381,46.2,55.903378,9.703376,0.2690972222222222,620,2304,0.21002978,0.17357406
0_161_634,43.55,52.68976,9.139758,0.23958333333333334,552,2304,0.20986816,0.17346366
0_517_650,59.2,71.62141,12.421404,0.28515625,657,2304,0.20982102,0.17343144
7_72_45,71.43,86.38561,14.955611,0.3207465277777778,739,2304,0.20937437,0.17312618
13_380_45,53.84,65.10205,11.262052,0.2517361111111111,580,2304,0.20917629,0.17299074
13_775_531,70.060005,84.70295,14.642952,0.3433159722222222,791,2304,0.20900586,0.17287417
0_232_411,43.2,52.227474,9.0274725,0.18446180555555555,425,2304,0.20896927,0.1728491
12_636_387,49.5,59.834866,10.334864,0.2916666666666667,672,2304,0.20878513,0.1727231
12_222_834,160.7,194.221,33.520985,0.4947916666666667,1140,2304,0.20859356,0.17259197
12_261_753,46.75,56.497795,9.747794,0.4275173611111111,985,2304,0.20850897,0.17253406
0_621_108,72.520004,87.639725,15.119726,0.3428819444444444,790,2304,0.20849042,0.17252138
12_265_600,60.3,72.86727,12.567271,0.4435763888888889,1022,2304,0.20841245,0.17246798
0_363_600,72.1,87.1053,15.0053,0.3940972222222222,908,2304,0.20811789,0.1722662
3_108_339,47.370003,57.221027,9.851028,0.2734375,630,2304,0.2079592,0.1721575
0_599_108,57.09,68.95517,11.865166,0.3081597222222222,710,2304,0.20783265,0.17207073
16_355_633,42.28,51.06675,8.786751,0.2625868055555556,605,2304,0.20782287,0.17206404
0_188_536,43.3,52.296787,8.996787,0.1953125,450,2304,0.20777799,0.17203327
6_538_190,47.12,56.903965,9.783964,0.2960069444444444,682,2304,0.2076393,0.17193818
13_696_305,40.4,48.787144,8.387142,0.3337673611111111,769,2304,0.20760252,0.17191295
0_500_634,40.08,48.3943,8.314297,0.2825520833333333,651,2304,0.20744252,0.17180322
0_157_843,40.63,49.04568,8.41568,0.2504340277777778,577,2304,0.2071297,0.1715886
0_148_411,45.9,55.399864,9.499863,0.19270833333333334,444,2304,0.20696868,0.1714781
0_822_295,47.760002,57.637768,9.8777685,0.4049479166666667,933,2304,0.20682094,0.17137666
0_183_858,43.850002,52.91608,9.066078,0.2183159722222222,503,2304,0.20675206,0.17132936
0_166_136,43.04,51.935234,8.895234,0.3125,720,2304,0.20667365,0.17127551
13_585_628,39.600002,47.784126,8.184127,0.2560763888888889,590,2304,0.20666985,0.17127292
12_425_600,62.9,75.89803,12.998033,0.4544270833333333,1047,2304,0.20664598,0.17125651
12_325_108,45.59,55.008335,9.418336,0.3103298611111111,715,2304,0.20658776,0.17121652
6_398_843,43.06,51.951607,8.891605,0.234375,540,2304,0.20649338,0.1711517
11_531_79,47.73,57.58003,9.850029,0.265625,612,2304,0.20636977,0.17106676
6_398_381,62.4,75.2763,12.876297,0.3259548611111111,751,2304,0.20635091,0.1710538
12_206_476,39.440002,47.574894,8.1348915,0.22135416666666666,510,2304,0.20625992,0.17099127
16_170_296,50.15,60.493797,10.343798,0.3116319444444444,718,2304,0.20625718,0.1709894
12_444_90,67.73,81.68042,13.950422,0.2703993055555556,623,2304,0.20597109,0.17079273
4_834_191,92.48,111.51335,19.033352,0.3541666666666667,816,2304,0.20581046,0.17068227
12_227_381,57.600002,69.45172,11.851719,0.2677951388888889,617,2304,0.205759,0.17064688
0_312_797,41.4,49.91529,8.51529,0.2625868055555556,605,2304,0.20568334,0.17059483
16_103_715,46.74,56.342865,9.602862,0.3237847222222222,746,2304,0.20545276,0.17043617
0_847_359,39.64,47.769554,8.129555,0.2109375,486,2304,0.20508464,0.17018276
16_445_41,43.03,51.852364,8.822364,0.2035590277777778,469,2304,0.20502822,0.1701439
0_556_200,41.8,50.369392,8.569393,0.27734375,639,2304,0.20500942,0.17013097
0_628_670,72.9,87.835175,14.935174,0.3190104166666667,735,2304,0.20487207,0.17003636
16_374_600,67.700005,81.56667,13.866674,0.4118923611111111,949,2304,0.20482531,0.17000417
5_894_638,43.12,51.949,8.8289995,0.2686631944444444,619,2304,0.20475417,0.16995513
0_241_136,42.7,51.42436,8.724357,0.3159722222222222,728,2304,0.20431748,0.16965416
3_726_460,39.71,47.822094,8.112094,0.2482638888888889,572,2304,0.2042834,0.16963068
0_348_93,42.5,51.181515,8.681515,0.3450520833333333,795,2304,0.20427093,0.16962208
0_806_200,39.78,47.897953,8.11795,0.2760416666666667,636,2304,0.20407116,0.16948429
3_728_333,70.98,85.459045,14.479048,0.4014756944444444,925,2304,0.2039877,0.16942674
12_206_140,41.83,50.34484,8.514842,0.2921006944444444,673,2304,0.20355825,0.16913038
0_57_600,81.1,97.60571,16.505709,0.4140625,954,2304,0.20352292,0.16910598
12_206_740,86.0,103.47724,17.477236,0.3580729166666667,825,2304,0.20322368,0.16889933
0_373_600,69.3,83.374435,14.074431,0.3541666666666667,816,2304,0.20309424,0.16880992
0_144_108,50.3,60.514267,10.214266,0.2721354166666667,627,2304,0.20306692,0.16879104
7_267_50,40.32,48.50549,8.18549,0.2465277777777778,568,2304,0.20301314,0.16875388
13_584_69,50.2,60.390926,10.190924,0.2591145833333333,597,2304,0.20300645,0.16874926
0_671_136,54.100002,65.082184,10.982181,0.3311631944444444,763,2304,0.20299779,0.16874327
16_330_670,41.8,50.28117,8.48117,0.24088541666666666,555,2304,0.2028988,0.16867487
0_61_41,83.8,100.79802,16.99802,0.2526041666666667,582,2304,0.20284033,0.16863446
12_451_191,152.5,183.41513,30.915129,0.4244791666666667,978,2304,0.20272216,0.16855277
0_148_18,46.170002,55.523453,9.353452,0.2799479166666667,645,2304,0.2025872,0.16845948
12_319_6,58.7,70.5831,11.883099,0.2886284722222222,665,2304,0.20243779,0.16835615
0_173_77,85.1,102.3244,17.2244,0.3806423611111111,877,2304,0.20240188,0.1683313
0_489_18,44.07,52.989544,8.919543,0.3181423611111111,733,2304,0.2023949,0.16832648
0_184_77,67.3,80.91968,13.619678,0.2686631944444444,619,2304,0.20237261,0.16831107
16_565_41,60.620003,72.88197,12.261969,0.2643229166666667,609,2304,0.20227595,0.1682442
0_371_628,44.27,53.223183,8.953183,0.2582465277777778,595,2304,0.20224041,0.16821961
12_414_191,166.6,200.28386,33.68385,0.5,1152,2304,0.20218396,0.16818056
12_223_834,112.0,134.64038,22.640383,0.3806423611111111,877,2304,0.20214628,0.16815448
0_439_797,53.3,64.066154,10.766154,0.2803819444444444,646,2304,0.20199165,0.16804746
2_44_599,43.3,52.037052,8.73705,0.2322048611111111,535,2304,0.20177945,0.16790056
3_352_339,46.920002,56.386208,9.466207,0.2209201388888889,509,2304,0.20175205,0.1678816
16_565_291,50.43,60.600597,10.170594,0.3233506944444444,745,2304,0.20167746,0.16782993
16_561_633,58.02,69.719444,11.69944,0.3576388888888889,824,2304,0.20164494,0.16780742
16_170_600,106.200005,127.60969,21.409689,0.4409722222222222,1016,2304,0.20159781,0.1677748
0_850_136,42.4,50.94585,8.545849,0.2842881944444444,655,2304,0.20155303,0.16774377
12_334_631,46.73,56.146996,9.416994,0.3229166666666667,744,2304,0.20151924,0.16772036
0_684_100,45.170002,54.270863,9.100861,0.24739583333333334,570,2304,0.2014802,0.16769332
0_202_249,40.11,48.19016,8.080157,0.24609375,567,2304,0.20144995,0.16767235
12_303_476,46.55,55.92432,9.374318,0.2907986111111111,670,2304,0.2013817,0.16762507
0_177_834,139.2,167.22765,28.027645,0.46484375,1071,2304,0.20134804,0.16760175
3_807_188,76.0,91.3023,15.302296,0.3689236111111111,850,2304,0.201346,0.16760033
0_847_41,113.26,136.04973,22.789719,0.3077256944444444,709,2304,0.20121595,0.16751021
1_123_535,66.71,80.12435,13.414347,0.3993055555555556,920,2304,0.2010845,0.1674191
6_805_843,41.600002,49.965107,8.365107,0.22960069444444445,529,2304,0.20108429,0.16741897
12_623_116,42.4,50.92445,8.524449,0.2400173611111111,553,2304,0.20104833,0.16739404
16_358_108,41.600002,49.96271,8.362712,0.24348958333333334,561,2304,0.20102672,0.16737907
12_447_740,112.4,134.99042,22.590416,0.4470486111111111,1030,2304,0.20098235,0.1673483
0_489_21,75.700005,90.912445,15.212443,0.3671875,846,2304,0.20095697,0.1673307
0_211_295,47.15,56.61788,9.467881,0.3862847222222222,890,2304,0.20080341,0.16722423
0_471_200,39.81,47.797874,7.9878755,0.2860243055555556,659,2304,0.20064996,0.16711779
3_784_92,129.1,154.97314,25.873135,0.50390625,1161,2304,0.20041157,0.16695237
0_664_21,54.7,65.66114,10.961143,0.31640625,729,2304,0.20038651,0.166935
12_376_683,54.9,65.90006,11.00006,0.2864583333333333,660,2304,0.2003654,0.16692033
12_480_802,48.34,58.023617,9.683614,0.1401909722222222,323,2304,0.200323,0.1668909
0_236_21,62.4,74.89161,12.491609,0.3020833333333333,696,2304,0.20018603,0.16679583
4_389_259,49.100002,58.920124,9.820125,0.2647569444444444,610,2304,0.20000254,0.16666843
0_161_21,51.600002,61.91618,10.316177,0.21354166666666666,492,2304,0.19992591,0.16661522
7_825_535,69.97,83.954926,13.984922,0.3680555555555556,848,2304,0.19987026,0.16657655
15_139_638,44.920002,53.896694,8.976694,0.2608506944444444,601,2304,0.19983734,0.1665537
13_745_535,45.670002,54.795456,9.125456,0.2756076388888889,635,2304,0.1998129,0.16653673
0_151_155,41.14,49.36022,8.220221,0.2643229166666667,609,2304,0.1998109,0.16653532
0_142_650,40.4,48.468464,8.068463,0.22743055555555555,524,2304,0.19971444,0.1664683
3_792_188,100.200005,120.2082,20.008194,0.3237847222222222,746,2304,0.19968256,0.16644616
0_815_834,148.5,178.15062,29.65062,0.4392361111111111,1012,2304,0.19966747,0.16643567
0_237_200,44.5,53.38116,8.881161,0.2756076388888889,635,2304,0.19957665,0.16637257
0_164_834,144.7,173.55846,28.858448,0.4835069444444444,1114,2304,0.19943641,0.16627508
0_548_411,40.2,48.212887,8.012887,0.1584201388888889,365,2304,0.19932555,0.16619803
0_812_108,61.460003,73.71018,12.250182,0.2782118055555556,641,2304,0.19931959,0.16619389
17_21_422,42.2,50.607964,8.407964,0.2625868055555556,605,2304,0.19924085,0.16613914
14_88_363,38.9,46.64379,7.7437897,0.2191840277777778,505,2304,0.19906914,0.16601974
12_320_387,68.5,82.12753,13.627534,0.2708333333333333,624,2304,0.1989421,0.16593137
16_89_740,51.7,61.984997,10.284995,0.3342013888888889,770,2304,0.19893607,0.16592717
0_311_738,46.16,55.33938,9.1793785,0.2912326388888889,671,2304,0.19886002,0.16587426
0_282_21,62.300003,74.67631,12.376306,0.2903645833333333,669,2304,0.19865657,0.1657327
11_672_63,41.3,49.4959,8.1959,0.1605902777777778,370,2304,0.19844794,0.16558746
4_328_190,44.510002,53.340282,8.83028,0.2673611111111111,616,2304,0.19838868,0.16554618
0_740_628,46.32,55.50657,9.186567,0.2690972222222222,620,2304,0.19832832,0.16550414
10_3_634,52.02,62.32444,10.3044405,0.28515625,657,2304,0.19808613,0.16533546
4_882_190,47.82,57.290173,9.470171,0.23350694444444445,538,2304,0.19803788,0.16530184
11_672_376,40.63,48.675575,8.045574,0.2608506944444444,601,2304,0.19802053,0.16528976
6_369_224,65.73,78.742325,13.012321,0.3506944444444444,808,2304,0.19796623,0.16525194
0_181_628,48.370003,57.932644,9.562643,0.2816840277777778,649,2304,0.1976978,0.16506484
0_431_16,45.46,54.441204,8.981204,0.2638888888888889,608,2304,0.19756278,0.16497071
10_102_638,49.670002,59.481926,9.811925,0.3003472222222222,692,2304,0.19754227,0.1649564
0_257_843,40.04,47.949387,7.9093866,0.19661458333333334,453,2304,0.19753712,0.16495283
0_284_366,40.5,48.49603,7.996027,0.3298611111111111,760,2304,0.19743277,0.16488004
3_854_302,63.48,76.00828,12.528277,0.2582465277777778,595,2304,0.19735786,0.16482781
0_60_77,74.97,89.763214,14.793216,0.3151041666666667,726,2304,0.1973218,0.16480266
3_808_381,43.100002,51.60074,8.500737,0.23697916666666666,546,2304,0.19723287,0.1647406
0_242_310,40.440002,48.415783,7.975781,0.3098958333333333,714,2304,0.19722503,0.16473514
0_186_74,49.780003,59.594204,9.814201,0.4587673611111111,1057,2304,0.19715148,0.16468382
0_155_26,41.96,50.231945,8.271943,0.2456597222222222,566,2304,0.19713879,0.16467495
4_63_41,82.6,98.87272,16.272715,0.3307291666666667,762,2304,0.19700624,0.16458245
12_336_672,41.56,49.743214,8.183214,0.1948784722222222,449,2304,0.1969012,0.16450916
3_793_550,48.5,58.041046,9.541045,0.19270833333333334,444,2304,0.19672258,0.16438444
2_82_393,39.12,46.815617,7.6956162,0.3020833333333333,696,2304,0.19671822,0.1643814
0_335_259,40.98,49.037178,8.0571785,0.2521701388888889,581,2304,0.19661246,0.16430755
0_438_829,39.21,46.91834,7.7083397,0.2578125,594,2304,0.19659117,0.16429268
2_45_864,135.03,161.57352,26.543518,0.5017361111111112,1156,2304,0.19657497,0.16428137
9_40_534,59.54,71.23478,11.694781,0.3611111111111111,832,2304,0.1964189,0.16417235
16_283_41,80.83,96.69697,15.866969,0.2864583333333333,660,2304,0.19630049,0.16408962
0_468_136,43.28,51.775764,8.495763,0.2248263888888889,518,2304,0.19629766,0.16408764
16_545_806,40.4,48.329613,7.9296117,0.24913194444444445,574,2304,0.19627751,0.16407356
0_216_21,73.200005,87.56668,14.366678,0.2864583333333333,660,2304,0.19626608,0.16406558
6_539_363,51.34,61.40857,10.06857,0.2786458333333333,642,2304,0.19611551,0.16396034
0_772_753,46.63,55.77477,9.144769,0.3997395833333333,921,2304,0.19611341,0.16395888
6_539_6,39.260002,46.95691,7.696907,0.24348958333333334,561,2304,0.19604959,0.16391426
0_647_21,76.9,91.97484,15.07484,0.3315972222222222,764,2304,0.19603172,0.16390178
16_277_381,73.5,87.907616,14.407616,0.2925347222222222,674,2304,0.19602199,0.16389497
0_434_717,43.510002,52.038216,8.528214,0.2825520833333333,651,2304,0.19600584,0.16388369
0_165_834,98.5,117.78944,19.289433,0.3841145833333333,885,2304,0.1958318,0.16376199
0_434_650,69.5,83.109665,13.609661,0.3159722222222222,728,2304,0.19582246,0.16375546
3_823_607,59.620003,71.28649,11.66649,0.2860243055555556,659,2304,0.1956808,0.16365638
16_523_644,46.4,55.4727,9.072697,0.2699652777777778,622,2304,0.19553225,0.16355246
7_99_221,53.5,63.960896,10.460895,0.2786458333333333,642,2304,0.19553074,0.1635514
0_237_140,45.57,54.47453,8.90453,0.2847222222222222,656,2304,0.19540332,0.16346225
12_349_600,61.4,73.389694,11.989696,0.3784722222222222,872,2304,0.19527191,0.1633703
0_314_738,41.280003,49.338234,8.058233,0.2282986111111111,526,2304,0.19520913,0.16332634
0_159_84,53.2,63.577522,10.377523,0.2699652777777778,622,2304,0.19506623,0.16322629
0_436_670,41.9,50.069267,8.169265,0.2478298611111111,571,2304,0.19497052,0.16315927
3_838_129,50.120003,59.891014,9.771012,0.2621527777777778,604,2304,0.19495235,0.16314656
0_309_829,44.100002,52.69438,8.594382,0.24088541666666666,555,2304,0.19488394,0.16309865
16_285_719,40.940002,48.91663,7.976629,0.2907986111111111,670,2304,0.19483703,0.16306579
6_398_810,46.96,56.10344,9.143438,0.24869791666666666,573,2304,0.19470695,0.16297466
0_104_600,84.200005,100.58839,16.388384,0.3936631944444444,907,2304,0.19463637,0.16292521
0_171_63,41.5,49.57733,8.077332,0.17100694444444445,394,2304,0.1946345,0.16292389
0_850_63,43.5,51.966293,8.466292,0.1605902777777778,370,2304,0.1946274,0.16291893
0_704_63,41.5,49.575764,8.075765,0.1684027777777778,388,2304,0.19459674,0.16289744
13_637_381,66.200005,79.08212,12.882121,0.2599826388888889,599,2304,0.19459397,0.16289549
0_736_834,140.1,167.36118,27.261171,0.40625,936,2304,0.19458365,0.16288826
4_848_772,38.77,46.307854,7.537854,0.2682291666666667,618,2304,0.19442491,0.16277702
0_185_810,67.9,81.09992,13.1999235,0.3732638888888889,860,2304,0.1944024,0.16276124
3_725_120,46.21,55.18792,8.977921,0.3029513888888889,698,2304,0.19428523,0.16267909
3_820_120,76.020004,90.77957,14.759571,0.31640625,729,2304,0.19415379,0.16258693
0_154_133,51.5,61.49093,9.990929,0.3025173611111111,697,2304,0.19399862,0.16247809
0_647_650,59.600002,71.15065,11.550649,0.2847222222222222,656,2304,0.19380282,0.16234073
16_650_108,42.96,51.2825,8.3225,0.2881944444444444,664,2304,0.19372673,0.16228732
0_161_26,43.96,52.47331,8.513309,0.2052951388888889,473,2304,0.19366035,0.16224074
13_673_521,89.44,106.75162,17.311613,0.3953993055555556,911,2304,0.1935556,0.16216722
0_420_633,42.05,50.183926,8.1339245,0.2947048611111111,679,2304,0.1934346,0.16208227
14_457_330,58.8,70.17048,11.3704815,0.2300347222222222,530,2304,0.19337554,0.16204081
0_18_411,89.8,107.16273,17.362726,0.2404513888888889,554,2304,0.19334884,0.16202207
13_673_4,73.700005,87.94852,14.248513,0.2578125,594,2304,0.19333124,0.1620097
0_91_628,41.9,49.99865,8.098648,0.19140625,441,2304,0.19328515,0.16197734
0_309_650,79.0,94.25835,15.258348,0.3012152777777778,694,2304,0.19314365,0.16187796
0_236_829,40.7,48.558834,7.8588333,0.2604166666666667,600,2304,0.19309172,0.16184148
0_93_843,46.370003,55.32262,8.952619,0.23958333333333334,552,2304,0.19306919,0.16182564
4_98_635,44.57,53.17418,8.604179,0.2604166666666667,600,2304,0.19304867,0.16181123
0_1_627,41.7,49.749233,8.049233,0.1935763888888889,446,2304,0.19302718,0.16179614
13_332_731,50.600002,60.361763,9.761762,0.2630208333333333,606,2304,0.19292018,0.16172095
0_363_84,39.97,47.679565,7.709566,0.2378472222222222,548,2304,0.1928838,0.16169539
16_324_768,41.9,49.972557,8.0725565,0.2265625,522,2304,0.19266243,0.1615398
3_419_737,43.33,51.673203,8.343204,0.2877604166666667,663,2304,0.19255027,0.16146094
16_523_634,40.09,47.807858,7.717857,0.2782118055555556,641,2304,0.19251327,0.1614349
0_740_77,73.8,87.97848,14.178478,0.27734375,639,2304,0.1921203,0.16115849
7_141_535,47.23,56.300674,9.070672,0.3129340277777778,721,2304,0.19205318,0.16111125
4_852_190,51.54,61.43177,9.891771,0.2482638888888889,572,2304,0.19192415,0.16102044
0_856_190,78.700005,93.8024,15.102398,0.2942708333333333,678,2304,0.19189832,0.16100226
9_39_320,39.87,47.51847,7.64847,0.3120659722222222,719,2304,0.19183522,0.16095783
13_708_284,39.72,47.33838,7.618378,0.2721354166666667,627,2304,0.19180207,0.1609345
13_629_503,39.0,46.47752,7.4775205,0.2426215277777778,559,2304,0.19173129,0.16088466
16_415_291,44.75,53.329296,8.579294,0.24696180555555555,569,2304,0.19171607,0.16087395
0_18_669,43.0,51.242554,8.242553,0.21484375,495,2304,0.19168727,0.16085367
12_227_108,43.55,51.895576,8.345575,0.3033854166666667,699,2304,0.19163205,0.16081478
11_672_834,183.1,218.18105,35.081047,0.5021701388888888,1157,2304,0.191595,0.1607887
9_39_45,57.05,67.97916,10.929154,0.2604166666666667,600,2304,0.1915715,0.16077214
3_108_860,48.16,57.381386,9.221385,0.21006944444444445,484,2304,0.19147395,0.16070342
0_628_633,39.24,46.75004,7.5100374,0.2782118055555556,641,2304,0.19138728,0.16064239
16_464_129,64.200005,76.47532,12.275315,0.3237847222222222,746,2304,0.19120428,0.16051343
0_263_282,44.600002,53.121944,8.521944,0.2565104166666667,591,2304,0.19107497,0.1604223
0_100_58,39.010002,46.46017,7.450169,0.2912326388888889,671,2304,0.190981,0.16035604
6_398_224,74.9,89.19984,14.299836,0.4657118055555556,1073,2304,0.19091904,0.16031235
0_790_746,40.7,48.47009,7.770087,0.2621527777777778,604,2304,0.19091122,0.16030684
11_630_481,42.18,50.231335,8.051333,0.2925347222222222,674,2304,0.19088036,0.16028509
12_64_476,61.58,73.32507,11.745073,0.2625868055555556,605,2304,0.1907287,0.16017814
16_543_296,57.210003,68.114395,10.904394,0.3255208333333333,750,2304,0.19060293,0.16008942
11_492_740,69.9,83.21177,13.311769,0.4114583333333333,948,2304,0.19044018,0.15997459
13_777_599,54.7,65.111946,10.411947,0.1953125,450,2304,0.19034638,0.1599084
11_492_354,45.100002,53.67821,8.578209,0.2912326388888889,671,2304,0.19020417,0.15980802
11_634_296,40.54,48.250748,7.7107463,0.2565104166666667,591,2304,0.19020094,0.15980573
0_446_41,86.130005,102.51201,16.382004,0.2708333333333333,624,2304,0.1902009,0.1598057
12_249_476,61.7,73.432846,11.732848,0.3138020833333333,723,2304,0.1901596,0.15977657
0_449_686,40.0,47.60394,7.603937,0.35546875,819,2304,0.19009843,0.15973336
12_344_381,48.3,57.480503,9.180502,0.2586805555555556,596,2304,0.1900725,0.15971506
0_525_644,40.4,48.07706,7.6770587,0.2378472222222222,548,2304,0.1900262,0.15968236
12_364_384,46.100002,54.85143,8.75143,0.140625,324,2304,0.18983577,0.15954788
0_213_554,61.4,73.05507,11.655069,0.3081597222222222,710,2304,0.18982197,0.15953813
0_417_259,40.4,48.058117,7.6581173,0.20572916666666666,474,2304,0.18955736,0.15935117
0_562_74,56.5,67.201035,10.7010355,0.4717881944444444,1087,2304,0.18939885,0.15923914
16_365_635,40.11,47.706173,7.596173,0.2591145833333333,597,2304,0.1893835,0.1592283
10_3_72,49.54,58.91379,9.373792,0.2604166666666667,600,2304,0.18921663,0.15911031
12_228_469,42.64,50.70552,8.06552,0.24479166666666666,564,2304,0.18915385,0.15906592
12_372_6,50.48,60.028023,9.548023,0.2894965277777778,667,2304,0.18914467,0.15905944
6_369_796,86.560005,102.930115,16.370115,0.3012152777777778,694,2304,0.1891187,0.15904106
7_72_320,55.8,66.346725,10.546726,0.3259548611111111,751,2304,0.18900943,0.15896378
0_704_200,46.8,55.641705,8.841702,0.2556423611111111,589,2304,0.18892527,0.15890424
0_56_6,66.200005,78.702545,12.502544,0.24696180555555555,569,2304,0.18886018,0.1588582
0_284_79,49.22,58.515118,9.295115,0.3177083333333333,732,2304,0.18884833,0.1588498
16_279_650,39.100002,46.47946,7.379461,0.22526041666666666,519,2304,0.188733,0.1587682
0_188_136,68.58,81.52128,12.941277,0.36328125,837,2304,0.18870336,0.15874723
0_548_84,45.440002,54.01094,8.570942,0.20963541666666666,483,2304,0.18862107,0.15868899
3_823_834,77.6,92.23573,14.635735,0.3472222222222222,800,2304,0.18860483,0.15867749
13_696_441,40.8,48.4946,7.694597,0.19227430555555555,443,2304,0.18859306,0.15866914
6_609_740,52.4,62.27863,9.878628,0.3302951388888889,761,2304,0.18852343,0.15861987
5_427_476,39.190002,46.576466,7.386464,0.2725694444444444,628,2304,0.18847828,0.1585879
0_822_806,70.1,83.306015,13.206017,0.3224826388888889,743,2304,0.18838826,0.15852417
2_43_507,51.5,61.20064,9.70064,0.26953125,621,2304,0.18836194,0.15850553
0_259_18,39.07,46.425716,7.355715,0.2777777777777778,640,2304,0.18827015,0.15844053
3_709_423,49.82,59.184975,9.364973,0.2647569444444444,610,2304,0.18797618,0.15823227
12_251_422,44.0,52.26513,8.265129,0.2573784722222222,593,2304,0.18784384,0.1581385
0_196_554,71.5,84.92109,13.42109,0.3129340277777778,721,2304,0.18770756,0.1580419
16_607_768,47.600002,56.53166,8.931656,0.2868923611111111,661,2304,0.18763982,0.15799388
0_343_650,100.47,119.31789,18.847883,0.3719618055555556,857,2304,0.18759713,0.1579636
16_296_554,42.780003,50.803127,8.023126,0.2534722222222222,584,2304,0.18754384,0.15792583
0_150_207,68.4,81.22716,12.827158,0.3029513888888889,698,2304,0.18753155,0.15791711
0_112_686,52.9,62.814617,9.914618,0.3715277777777778,856,2304,0.18742187,0.15783934
0_502_843,42.7,50.701077,8.001075,0.24305555555555555,560,2304,0.1873788,0.15780878
0_551_26,43.07,51.138885,8.068884,0.2504340277777778,577,2304,0.1873435,0.15778373
12_244_634,55.47,65.858795,10.388795,0.2986111111111111,688,2304,0.18728672,0.15774347
4_11_6,63.81,75.75518,11.945179,0.2677951388888889,617,2304,0.18719916,0.15768135
3_887_4,52.9,62.795036,9.895036,0.16493055555555555,380,2304,0.18705171,0.15757672
0_595_556,40.5,48.071335,7.5713344,0.2803819444444444,646,2304,0.18694653,0.15750206
0_521_26,66.8,79.28417,12.484168,0.3615451388888889,833,2304,0.18688874,0.15746103
0_91_633,47.870003,56.814026,8.944026,0.3198784722222222,737,2304,0.1868399,0.15742637
13_817_220,45.170002,53.608704,8.438704,0.2760416666666667,636,2304,0.18682097,0.15741293
0_420_822,40.670002,48.26767,7.59767,0.2973090277777778,685,2304,0.18681262,0.15740702
0_583_207,63.170002,74.960915,11.790912,0.296875,684,2304,0.18665366,0.15729412
0_289_26,43.780003,51.946705,8.166704,0.2565104166666667,591,2304,0.1865396,0.15721314
0_34_26,61.95,73.50389,11.553886,0.3177083333333333,732,2304,0.18650341,0.15718742
16_404_6,49.04,58.184376,9.144376,0.2582465277777778,595,2304,0.18646769,0.15716206
0_211_259,56.100002,66.56017,10.460175,0.2651909722222222,611,2304,0.18645586,0.15715365
1_30_678,48.4,57.419037,9.019037,0.2808159722222222,647,2304,0.18634374,0.15707399
0_699_525,39.83,47.2508,7.4208,0.2977430555555556,686,2304,0.18631183,0.15705131
10_3_670,44.4,52.671406,8.271405,0.2204861111111111,508,2304,0.1862929,0.15703787
0_204_633,48.670002,57.736393,9.066392,0.2747395833333333,633,2304,0.18628296,0.1570308
3_723_92,104.65,124.13497,19.484966,0.34375,792,2304,0.18619174,0.15696597
0_195_345,45.170002,53.579945,8.409945,0.3107638888888889,716,2304,0.18618429,0.15696068
12_414_638,44.510002,52.796898,8.286896,0.2816840277777778,649,2304,0.18618053,0.156958
0_129_834,156.5,185.61832,29.118317,0.4717881944444444,1087,2304,0.18605953,0.156872
16_170_108,45.7,54.20094,8.500939,0.2630208333333333,606,2304,0.18601617,0.15684119
3_807_834,70.4,83.49378,13.093782,0.3459201388888889,797,2304,0.18599123,0.15682344
15_456_481,40.56,48.09976,7.5397563,0.2404513888888889,554,2304,0.18589142,0.15675248
6_892_226,52.46,62.20281,9.742808,0.4453125,1026,2304,0.1857188,0.15662971
12_225_843,44.82,53.138184,8.318183,0.23697916666666666,546,2304,0.18559088,0.15653871
12_421_181,46.04,54.583958,8.543959,0.25,576,2304,0.18557686,0.15652876
0_263_698,45.5,53.94367,8.443667,0.2404513888888889,554,2304,0.18557511,0.1565275
0_213_293,42.41,50.275856,7.865856,0.2894965277777778,667,2304,0.18547173,0.15645395
0_282_6,70.380005,83.424614,13.04461,0.2747395833333333,633,2304,0.1853454,0.15636404
0_562_424,48.600002,57.60523,9.005228,0.2821180555555556,650,2304,0.18529275,0.15632658
4_321_580,90.0,106.67486,16.674858,0.3767361111111111,868,2304,0.1852762,0.15631479
0_521_16,42.98,50.934193,7.954193,0.23828125,549,2304,0.18506731,0.15616608
9_38_599,44.9,53.208813,8.308813,0.2378472222222222,548,2304,0.18505152,0.15615483
0_812_834,209.5,248.26743,38.76743,0.57421875,1323,2304,0.18504739,0.15615189
6_477_259,59.9,70.98431,11.084309,0.2829861111111111,652,2304,0.18504688,0.15615153
0_489_719,42.57,50.44675,7.8767505,0.3485243055555556,803,2304,0.18503055,0.1561399
3_854_423,42.3,50.12609,7.8260894,0.2634548611111111,607,2304,0.18501393,0.15612806
16_103_296,52.170002,61.820953,9.650952,0.3116319444444444,718,2304,0.18499045,0.15611134
6_681_620,46.86,55.5282,8.668199,0.2387152777777778,550,2304,0.18498076,0.15610445
3_809_116,62.58,74.14762,11.567621,0.3294270833333333,759,2304,0.18484533,0.15600799
0_29_628,41.05,48.635086,7.585085,0.2326388888888889,536,2304,0.18477674,0.15595911
0_431_74,62.04,73.50328,11.463279,0.4071180555555556,938,2304,0.18477239,0.15595601
3_70_860,51.420002,60.915462,9.495462,0.2269965277777778,523,2304,0.18466476,0.15587935
0_442_858,42.39,50.216663,7.8266606,0.2556423611111111,589,2304,0.1846346,0.15585785
12_220_638,45.33,53.698902,8.3689,0.2764756944444444,637,2304,0.18462166,0.15584862
0_46_259,52.0,61.597656,9.597656,0.2569444444444444,592,2304,0.18457031,0.15581204
3_751_315,45.93,54.40613,8.47613,0.2612847222222222,602,2304,0.18454452,0.15579364
3_717_44,63.600002,75.33345,11.733452,0.2925347222222222,674,2304,0.18448824,0.15575354
0_373_387,50.0,59.22357,9.223571,0.21484375,495,2304,0.18447141,0.15574154
6_892_596,71.0,84.089386,13.089383,0.3368055555555556,776,2304,0.18435751,0.15566035
0_593_84,64.770004,76.70846,11.9384575,0.2717013888888889,626,2304,0.18432078,0.15563418
0_140_829,49.04,58.07888,9.038878,0.24522569444444445,565,2304,0.18431644,0.15563107
0_781_295,50.73,60.07813,9.348128,0.33984375,783,2304,0.1842722,0.15559952
0_307_6,95.6,113.21626,17.616259,0.3077256944444444,709,2304,0.18427049,0.15559831
0_628_18,51.16,60.582188,9.422187,0.2582465277777778,595,2304,0.18417098,0.15552735
0_758_738,42.09,49.840004,7.7500043,0.23914930555555555,551,2304,0.18412934,0.15549767
16_413_291,69.61,82.42711,12.817104,0.3441840277777778,793,2304,0.18412735,0.15549622
0_150_740,52.9,62.64019,9.740189,0.3268229166666667,753,2304,0.18412454,0.15549424
12_421_291,76.18,90.201416,14.021413,0.3120659722222222,719,2304,0.18405636,0.15544559
3_807_339,41.95,49.669605,7.719603,0.25,576,2304,0.18401913,0.15541905
12_357_200,56.4,66.773155,10.373153,0.2543402777777778,586,2304,0.18392114,0.15534915
0_179_63,45.5,53.866493,8.366493,0.15234375,351,2304,0.18387897,0.15531906
16_546_699,39.4,46.6424,7.2423997,0.2348090277777778,541,2304,0.18381724,0.15527503
0_635_21,71.3,84.40521,13.105212,0.3203125,738,2304,0.18380381,0.15526544
3_443_316,65.450005,77.47764,12.0276375,0.3263888888888889,752,2304,0.18376832,0.15524012
12_424_351,46.68,55.25304,8.573038,0.2647569444444444,610,2304,0.18365549,0.15515958
0_161_740,69.6,82.37428,12.774278,0.3489583333333333,804,2304,0.18353848,0.15507604
0_593_249,40.84,48.33368,7.493679,0.3181423611111111,733,2304,0.18348871,0.15504053
12_422_802,56.4,66.73382,10.333816,0.1484375,342,2304,0.18322368,0.15485126
0_301_26,55.83,66.05866,10.228661,0.2990451388888889,689,2304,0.18321082,0.15484208
0_134_627,41.7,49.337906,7.637904,0.1896701388888889,437,2304,0.18316317,0.15480803
3_726_339,59.58,70.490395,10.910391,0.24131944444444445,556,2304,0.1831217,0.1547784
6_667_796,87.24,103.21311,15.973113,0.3372395833333333,777,2304,0.18309392,0.15475856
6_805_822,87.35,103.34227,15.992271,0.3272569444444444,754,2304,0.18308267,0.15475054
0_311_642,44.61,52.77088,8.160882,0.24348958333333334,561,2304,0.1829384,0.15464744
4_881_422,54.600002,64.5738,9.9738,0.24479166666666666,564,2304,0.18267031,0.15445583
0_489_600,77.8,92.00932,14.209321,0.38671875,891,2304,0.18263908,0.15443349
0_74_74,56.39,66.68829,10.298294,0.4470486111111111,1030,2304,0.18262625,0.15442431
13_346_64,42.420002,50.164833,7.744831,0.23914930555555555,551,2304,0.18257499,0.15438765
0_195_644,51.600002,61.01557,9.415569,0.2760416666666667,636,2304,0.18247226,0.1543142
2_270_740,41.4,48.95381,7.5538096,0.21788194444444445,502,2304,0.18245916,0.15430483
0_847_600,117.4,138.81699,21.416986,0.4153645833333333,957,2304,0.18242748,0.15428217
3_712_792,80.020004,94.60846,14.58846,0.3654513888888889,842,2304,0.18231016,0.15419826
16_156_600,120.200005,142.10483,21.904821,0.4487847222222222,1034,2304,0.18223645,0.15414551
12_341_387,47.5,56.155113,8.655113,0.23046875,531,2304,0.1822129,0.15412867
0_449_63,45.5,53.789032,8.28903,0.16536458333333334,381,2304,0.18217649,0.15410261
14_68_26,58.36,68.98379,10.623788,0.2591145833333333,597,2304,0.18203886,0.15400413
0_212_63,65.5,77.41977,11.919765,0.21571180555555555,497,2304,0.18198115,0.1539628
0_815_259,49.88,58.93848,9.05848,0.2504340277777778,577,2304,0.18160546,0.15369383
13_680_461,41.08,48.540283,7.460281,0.2612847222222222,602,2304,0.18160371,0.15369257
4_356_638,42.29,49.969837,7.679838,0.23133680555555555,533,2304,0.18159938,0.15368947
4_865_41,72.08,85.16666,13.086658,0.2651909722222222,611,2304,0.1815574,0.1536594
1_66_678,45.850002,54.172382,8.32238,0.3138020833333333,723,2304,0.18151319,0.15362772
1_65_309,136.74,161.55739,24.817392,0.4309895833333333,993,2304,0.18149328,0.15361348
0_1_829,43.77,51.710503,7.9405007,0.23133680555555555,533,2304,0.18141423,0.15355682
14_76_122,54.05,63.8553,9.805302,0.2734375,630,2304,0.18141168,0.15355502
9_37_503,50.0,59.068943,9.068942,0.23524305555555555,542,2304,0.18137884,0.15353148
6_496_740,78.3,92.49957,14.199572,0.3845486111111111,886,2304,0.1813483,0.15350959
0_577_216,52.7,62.241623,9.541621,0.2113715277777778,487,2304,0.18105543,0.15329969
0_648_634,47.670002,56.296944,8.626943,0.2782118055555556,641,2304,0.18097214,0.15323998
7_75_658,38.9,45.93887,7.0388684,0.3294270833333333,759,2304,0.18094777,0.1532225
16_324_656,77.11,91.0582,13.948198,0.3563368055555556,821,2304,0.18088703,0.15317895
0_744_136,50.3,59.384613,9.084613,0.2881944444444444,664,2304,0.18060862,0.15297924
4_356_772,40.11,47.352314,7.242314,0.2730034722222222,629,2304,0.1805613,0.1529453
1_381_428,56.440002,66.62708,10.187082,0.3619791666666667,834,2304,0.18049401,0.15289702
2_43_147,53.2,62.7985,9.5985,0.23828125,549,2304,0.18042293,0.15284601
0_151_136,90.4,106.708694,16.308691,0.4197048611111111,967,2304,0.18040587,0.15283376
3_753_770,42.5,50.163643,7.663644,0.2439236111111111,562,2304,0.18032104,0.15277287
12_341_802,42.420002,50.068066,7.648065,0.12239583333333333,282,2304,0.18029384,0.15275335
0_202_633,53.81,63.507103,9.697103,0.26953125,621,2304,0.18021004,0.1526932
0_190_135,39.8,46.97116,7.17116,0.23133680555555555,533,2304,0.18017991,0.15267156
12_265_845,49.619,58.558502,8.939502,0.2569444444444444,592,2304,0.18016288,0.15265933
0_165_500,46.8,55.225838,8.4258375,0.2821180555555556,650,2304,0.18003927,0.15257058
12_251_387,50.100002,59.113598,9.0135975,0.2543402777777778,586,2304,0.17991212,0.15247926
0_160_136,50.2,59.2312,9.031199,0.2604166666666667,600,2304,0.17990437,0.15247369
12_249_834,161.5,190.55406,29.054058,0.5026041666666666,1158,2304,0.17990129,0.15247147
0_91_422,91.3,107.72116,16.421162,0.33984375,783,2304,0.17985937,0.15244137
0_314_834,156.40001,184.50604,28.106041,0.4231770833333333,975,2304,0.17970613,0.15233128
12_303_635,39.57,46.68064,7.110642,0.2144097222222222,494,2304,0.1796978,0.15232529
14_133_122,52.600002,62.052013,9.452012,0.2847222222222222,656,2304,0.17969604,0.15232402
6_538_559,71.520004,84.371765,12.851766,0.33984375,783,2304,0.1796947,0.15232307
3_844_296,44.33,52.292614,7.962614,0.2769097222222222,638,2304,0.17962134,0.15227033
0_177_496,40.420002,47.678658,7.2586555,0.33984375,783,2304,0.17958078,0.15224119
16_600_764,41.48,48.9245,7.4444995,0.22005208333333334,507,2304,0.17947203,0.15216301
12_440_6,42.36,49.95891,7.59891,0.2009548611111111,463,2304,0.1793888,0.15210319
12_124_774,44.68,52.694973,8.014973,0.22135416666666666,510,2304,0.17938614,0.15210128
0_684_387,47.7,56.254913,8.554912,0.2404513888888889,554,2304,0.17934825,0.15207404
0_744_634,39.52,46.60762,7.0876193,0.2825520833333333,651,2304,0.1793426,0.15206997
0_348_79,47.670002,56.21779,8.547787,0.3342013888888889,770,2304,0.17931165,0.15204772
0_213_194,51.81,61.098774,9.288774,0.3129340277777778,721,2304,0.17928533,0.1520288
16_283_644,43.0,50.708706,7.7087035,0.2981770833333333,687,2304,0.17927217,0.15201934
6_473_145,41.79,49.279484,7.4894843,0.2743055555555556,632,2304,0.17921713,0.15197976
0_502_108,51.280003,60.467274,9.187273,0.2339409722222222,539,2304,0.17915899,0.15193795
3_800_423,54.09,63.779236,9.689235,0.2586805555555556,596,2304,0.17913172,0.15191832
12_444_763,55.100002,64.96879,9.868784,0.2508680555555556,578,2304,0.17910677,0.15190038
0_554_650,94.5,111.419975,16.919975,0.3784722222222222,872,2304,0.17904736,0.15185764
13_698_163,41.690002,49.153954,7.463951,0.23741319444444445,547,2304,0.17903456,0.15184844
0_843_7,45.7,53.881226,8.181225,0.3020833333333333,696,2304,0.17902024,0.15183814
13_694_210,42.100002,49.633335,7.5333357,0.24479166666666666,564,2304,0.17893907,0.15177976
0_183_258,52.7,62.129158,9.429157,0.2899305555555556,668,2304,0.17892139,0.15176702
12_454_638,76.05,89.6531,13.603096,0.30859375,711,2304,0.17887042,0.15173034
4_852_422,40.7,47.97811,7.278111,0.2126736111111111,490,2304,0.17882337,0.15169649
0_449_6,71.340004,84.09708,12.757072,0.2339409722222222,539,2304,0.17882074,0.1516946
16_605_638,45.08,53.138874,8.058872,0.2604166666666667,600,2304,0.17876823,0.1516568
0_100_600,82.1,96.77637,14.676364,0.3480902777777778,802,2304,0.17876205,0.15165235
12_454_387,52.8,62.224945,9.424946,0.2777777777777778,640,2304,0.17850277,0.15146571
10_23_699,53.5,63.04881,9.548807,0.3012152777777778,694,2304,0.17848238,0.15145104
0_556_829,48.3,56.920086,8.620084,0.2170138888888889,500,2304,0.17846964,0.15144186
0_494_19,154.40001,181.95485,27.554846,0.4743923611111111,1093,2304,0.17846401,0.15143782
13_646_521,72.590004,85.538994,12.948991,0.3207465277777778,739,2304,0.17838532,0.15138115
3_720_834,68.1,80.245346,12.145341,0.3298611111111111,760,2304,0.17834568,0.15135258
12_379_77,54.06,63.69428,9.634277,0.2777777777777778,640,2304,0.17821452,0.15125813
13_810_531,78.08,91.99291,13.912909,0.30078125,693,2304,0.17818786,0.15123892
0_58_556,42.7,50.30103,7.601029,0.265625,612,2304,0.17801005,0.1511108
12_344_387,60.3,71.03051,10.730506,0.2573784722222222,593,2304,0.177952,0.15106897
0_806_41,121.96,143.65178,21.691782,0.2690972222222222,620,2304,0.17785981,0.15100253
12_620_491,40.03,47.146065,7.1160645,0.26953125,621,2304,0.17776829,0.15093656
16_285_296,40.84,48.09611,7.256109,0.2842881944444444,655,2304,0.17767163,0.15086687
16_561_834,192.3,226.46335,34.163345,0.4839409722222222,1115,2304,0.1776565,0.15085596
12_349_108,41.38,48.729263,7.3492613,0.2599826388888889,599,2304,0.17760418,0.15081823
0_371_21,94.1,110.80544,16.70544,0.3506944444444444,808,2304,0.17752859,0.15076372
0_487_634,43.010002,50.64361,7.633609,0.2903645833333333,669,2304,0.1774845,0.15073194
12_620_296,40.850002,48.096966,7.246967,0.23914930555555555,551,2304,0.17740431,0.15067409
11_531_249,39.93,47.010708,7.0807066,0.3133680555555556,722,2304,0.17732799,0.15061902
0_260_194,47.32,55.70786,8.387858,0.3003472222222222,692,2304,0.17725821,0.15056868
7_825_45,52.100002,61.334797,9.234795,0.24913194444444445,574,2304,0.17725132,0.15056372
10_23_763,71.020004,83.608315,12.588313,0.3324652777777778,766,2304,0.17725025,0.15056293
0_300_843,56.97,67.06715,10.097144,0.2482638888888889,572,2304,0.17723615,0.15055276
16_543_206,39.45,46.435204,6.9852014,0.20182291666666666,465,2304,0.17706467,0.150429
5_6_473,41.8,49.198395,7.3983946,0.2816840277777778,649,2304,0.17699508,0.15037878
16_324_638,57.3,67.43679,10.136789,0.2912326388888889,671,2304,0.17690732,0.15031542
16_765_802,66.62,78.39426,11.774259,0.171875,396,2304,0.17673759,0.15019287
11_532_600,129.0,151.79411,22.794117,0.4418402777777778,1018,2304,0.17669858,0.1501647
3_767_834,60.9,71.65662,10.756617,0.3185763888888889,734,2304,0.17662753,0.15011337
15_742_845,55.658,65.48468,9.826675,0.2951388888888889,680,2304,0.17655459,0.15006068
0_678_6,96.8,113.88215,17.08215,0.26953125,621,2304,0.17646848,0.14999849
0_19_699,44.5,52.35213,7.8521314,0.2604166666666667,600,2304,0.17645238,0.14998685
7_267_521,64.11,75.40461,11.294609,0.3142361111111111,724,2304,0.17617546,0.14978673
0_235_625,39.510002,46.47048,6.9604793,0.2764756944444444,637,2304,0.17617005,0.1497828
0_128_108,48.57,57.12427,8.55427,0.23307291666666666,537,2304,0.1761225,0.14974843
0_191_634,41.920002,49.300907,7.3809066,0.24131944444444445,556,2304,0.17607124,0.14971137
0_382_738,45.9,53.978493,8.078492,0.2730034722222222,629,2304,0.176002,0.14966132
4_863_441,84.8,99.718475,14.918471,0.1801215277777778,415,2304,0.17592536,0.14960589
0_586_6,105.6,124.161026,18.561022,0.3029513888888889,698,2304,0.17576726,0.14949153
13_817_335,50.7,59.61048,8.91048,0.2751736111111111,634,2304,0.17574911,0.1494784
0_679_136,45.3,53.2595,7.9594975,0.2664930555555556,614,2304,0.17570634,0.14944747
16_649_554,50.41,59.265347,8.855346,0.21744791666666666,501,2304,0.17566645,0.1494186
6_476_600,94.0,110.50746,16.507462,0.4644097222222222,1070,2304,0.17561129,0.1493787
16_283_79,41.2,48.430725,7.230726,0.3263888888888889,752,2304,0.17550305,0.14930038
4_304_191,143.5,168.68437,25.184374,0.34765625,801,2304,0.17550087,0.1492988
6_893_93,40.79,47.948013,7.1580133,0.2686631944444444,619,2304,0.17548451,0.14928697
0_93_21,73.8,86.74857,12.948569,0.3480902777777778,802,2304,0.17545485,0.1492655
13_817_129,90.65,106.55476,15.904764,0.2881944444444444,664,2304,0.17545244,0.14926375
0_258_93,52.0,61.121216,9.121215,0.3107638888888889,716,2304,0.17540798,0.14923157
0_757_19,109.200005,128.34538,19.145374,0.3684895833333333,849,2304,0.17532393,0.14917073
13_708_350,48.74,57.280827,8.540828,0.2912326388888889,671,2304,0.17523241,0.14910448
0_300_650,86.700005,101.891426,15.1914215,0.2747395833333333,633,2304,0.17521822,0.14909421
13_817_286,94.47,111.004074,16.534075,0.2899305555555556,668,2304,0.17501931,0.14895016
0_2_41,111.55,131.0619,19.511906,0.3103298611111111,715,2304,0.17491622,0.14887549
13_652_531,55.55,65.264824,9.714823,0.2686631944444444,619,2304,0.1748843,0.14885235
11_633_740,49.0,57.566288,8.566286,0.3294270833333333,759,2304,0.17482217,0.14880733
0_405_634,47.77,56.11593,8.345928,0.2717013888888889,626,2304,0.17471066,0.14872654
0_157_108,56.210003,66.02123,9.811231,0.2682291666666667,618,2304,0.17454599,0.14860721
13_585_235,49.2,57.782036,8.582033,0.19010416666666666,438,2304,0.17443156,0.14852424
12_219_634,60.370003,70.89893,10.528933,0.3255208333333333,750,2304,0.17440669,0.14850622
12_453_740,91.0,106.865456,15.865454,0.3177083333333333,732,2304,0.17434564,0.14846195
0_263_475,76.9,90.30528,13.405277,0.2686631944444444,619,2304,0.17432089,0.148444
0_273_686,48.9,57.421227,8.521225,0.3359375,774,2304,0.17425817,0.14839852
1_33_269,49.5,58.125324,8.625324,0.1948784722222222,449,2304,0.17424898,0.14839184
16_367_635,42.97,50.456917,7.486916,0.2243923611111111,517,2304,0.17423588,0.14838235
13_745_461,44.58,52.34645,7.7664504,0.2738715277777778,631,2304,0.17421378,0.14836632
14_88_596,51.600002,60.586967,8.986965,0.27734375,639,2304,0.17416598,0.14833166
5_16_140,50.55,59.350155,8.800154,0.2777777777777778,640,2304,0.1740881,0.14827517
16_519_644,51.4,60.34756,8.947558,0.2608506944444444,601,2304,0.174077,0.1482671
12_409_758,39.58,46.468704,6.888703,0.3333333333333333,768,2304,0.17404504,0.14824392
13_698_335,42.0,49.306946,7.306944,0.2582465277777778,595,2304,0.17397486,0.14819299
16_374_11,40.600002,47.662533,7.0625315,0.2265625,522,2304,0.17395397,0.14817785
6_469_476,50.48,59.2605,8.780502,0.2842881944444444,655,2304,0.17394023,0.14816786
16_563_296,52.780003,61.95929,9.179291,0.2899305555555556,668,2304,0.17391607,0.14815035
0_595_150,61.100002,71.70875,10.608747,0.2565104166666667,591,2304,0.17362924,0.14794216
0_635_194,55.170002,64.74621,9.576204,0.23567708333333334,543,2304,0.1735763,0.14790371
0_368_291,44.14,51.797077,7.657076,0.3051215277777778,703,2304,0.1734725,0.14782834
0_134_600,130.1,152.66536,22.565357,0.4431423611111111,1021,2304,0.17344624,0.14780928
0_314_554,97.380005,114.2665,16.886501,0.2703993055555556,623,2304,0.1734083,0.14778173
0_648_41,98.5,115.5744,17.074402,0.2660590277777778,613,2304,0.17334418,0.14773515
16_295_194,53.07,62.268665,9.198665,0.2690972222222222,620,2304,0.17333078,0.14772542
0_46_16,44.34,52.025234,7.6852317,0.18836805555555555,434,2304,0.17332503,0.14772123
3_763_448,55.7,65.34463,9.644625,0.2465277777777778,568,2304,0.17315304,0.14759628
1_28_254,49.370003,57.913963,8.543961,0.26171875,603,2304,0.17305976,0.14752851
16_340_381,86.5,101.4676,14.967595,0.2907986111111111,670,2304,0.17303579,0.14751108
4_832_596,48.3,56.65719,8.357189,0.3046875,702,2304,0.1730267,0.14750448
0_877_740,75.5,88.5624,13.0624,0.3337673611111111,769,2304,0.17301191,0.14749373
0_112_84,70.700005,82.93123,12.231224,0.2855902777777778,658,2304,0.17300174,0.14748634
2_45_45,161.89,189.89412,28.00412,0.3858506944444444,889,2304,0.1729824,0.14747229
0_562_136,41.3,48.4438,7.1438007,0.2443576388888889,563,2304,0.17297338,0.14746574
0_166_6,61.3,71.896904,10.5969,0.2682291666666667,618,2304,0.1728695,0.14739022
0_147_843,73.46,86.157295,12.697297,0.2508680555555556,578,2304,0.1728464,0.14737344
3_751_834,76.700005,89.95643,13.25643,0.3541666666666667,816,2304,0.1728348,0.147365
3_728_834,84.4,98.98218,14.582178,0.3524305555555556,812,2304,0.17277461,0.14732125
0_548_93,39.3,46.089718,6.7897186,0.2230902777777778,514,2304,0.17276639,0.14731526
16_573_306,57.29,67.187,9.896997,0.265625,612,2304,0.17275262,0.14730525
3_858_290,42.48,49.814625,7.3346224,0.2573784722222222,593,2304,0.1726606,0.14723833
6_469_224,78.93,92.546684,13.616684,0.4865451388888889,1121,2304,0.17251594,0.14713314
12_451_363,49.96,58.577545,8.617543,0.22743055555555555,524,2304,0.17248885,0.14711343
13_639_815,46.32,54.308773,7.988773,0.2578125,594,2304,0.17246918,0.14709912
0_371_108,70.32,82.44239,12.122389,0.2947048611111111,679,2304,0.17238893,0.14704072
0_173_54,39.25,46.016193,6.766192,0.3142361111111111,724,2304,0.17238706,0.14703937
0_847_16,48.3,56.624588,8.324589,0.2035590277777778,469,2304,0.17235173,0.14701368
0_254_580,111.4,130.59505,19.195045,0.3736979166666667,861,2304,0.1723074,0.14698142
12_303_634,43.89,51.446342,7.5563436,0.23741319444444445,547,2304,0.1721655,0.14687815
0_368_699,44.8,52.512886,7.7128863,0.2048611111111111,472,2304,0.17216264,0.14687607
12_249_628,45.010002,52.757713,7.747711,0.21006944444444445,484,2304,0.1721331,0.14685456
13_403_309,143.40001,168.08345,24.683441,0.3615451388888889,833,2304,0.17212999,0.1468523
6_805_764,45.940002,53.84675,7.9067464,0.2165798611111111,499,2304,0.17211027,0.14683795
5_734_544,43.5,50.981,7.4809985,0.14453125,333,2304,0.17197698,0.14674091
16_561_259,88.9,104.18249,15.282487,0.3315972222222222,764,2304,0.17190649,0.1466896
16_569_387,50.9,59.64976,8.749759,0.21397569444444445,493,2304,0.17190096,0.14668556
16_330_554,46.18,54.1164,7.9363995,0.2825520833333333,651,2304,0.17185794,0.14665423
5_733_363,45.3,53.083405,7.7834044,0.2647569444444444,610,2304,0.17181909,0.14662595
16_501_699,44.0,51.55828,7.55828,0.2782118055555556,641,2304,0.1717791,0.14659682
3_70_340,47.43,55.57502,8.145019,0.2599826388888889,599,2304,0.17172715,0.14655899
13_748_45,55.0,64.441956,9.4419565,0.2638888888888889,608,2304,0.17167194,0.14651878
0_235_265,44.68,52.34142,7.6614194,0.2087673611111111,481,2304,0.17147313,0.14637393
0_488_670,42.0,49.198803,7.198801,0.2513020833333333,579,2304,0.17140003,0.14632066
0_212_295,41.16,48.21024,7.0502377,0.3090277777777778,712,2304,0.17128858,0.14623943
16_598_381,74.6,87.37556,12.775552,0.2673611111111111,616,2304,0.17125405,0.14621425
0_137_94,39.27,45.992706,6.7227054,0.1775173611111111,409,2304,0.17119189,0.14616895
13_776_381,51.5,60.315838,8.815837,0.1970486111111111,454,2304,0.1711813,0.14616123
3_786_580,74.9,87.7213,12.821299,0.33203125,765,2304,0.17117888,0.14615947
14_88_387,56.4,66.05188,9.651879,0.2052951388888889,473,2304,0.17113261,0.14612573
0_593_670,41.2,48.25038,7.050382,0.20833333333333334,480,2304,0.17112577,0.14612076
0_417_585,41.190002,48.23819,7.048189,0.22786458333333334,525,2304,0.17111407,0.14611222
16_466_600,92.6,108.42802,15.828013,0.3697916666666667,852,2304,0.17092888,0.14597715
16_296_740,39.9,46.718536,6.8185363,0.2938368055555556,677,2304,0.17089063,0.14594927
0_815_293,47.100002,55.146862,8.046861,0.2556423611111111,589,2304,0.1708463,0.14591692
0_176_600,94.3,110.40902,16.109022,0.3975694444444444,916,2304,0.17082737,0.14590314
13_798_286,51.08,59.805195,8.725196,0.2526041666666667,582,2304,0.17081432,0.14589362
0_596_858,41.510002,48.600246,7.0902457,0.22178819444444445,511,2304,0.17080812,0.14588909
3_113_206,40.77,47.728004,6.9580035,0.2426215277777778,559,2304,0.17066479,0.14578451
12_226_181,54.370003,63.647766,9.277765,0.30859375,711,2304,0.17064124,0.14576733
0_579_554,54.97,64.346,9.375997,0.2782118055555556,641,2304,0.1705657,0.14571218
0_750_554,86.3,101.01526,14.715255,0.3919270833333333,903,2304,0.1705128,0.14567359
16_464_638,51.98,60.842407,8.862408,0.2690972222222222,620,2304,0.1704965,0.14566168
16_571_831,42.190002,49.374943,7.1849422,0.2222222222222222,512,2304,0.17029963,0.14551799
12_316_638,49.170002,57.54154,8.371536,0.2569444444444444,592,2304,0.17025699,0.14548683
4_98_190,57.370003,67.13746,9.767458,0.2526041666666667,582,2304,0.17025375,0.14548448
12_336_11,41.8,48.91614,7.116139,0.20833333333333334,480,2304,0.17024256,0.1454763
0_259_644,54.3,63.541645,9.241643,0.23307291666666666,537,2304,0.17019601,0.14544229
6_473_635,50.58,59.177025,8.597023,0.2838541666666667,654,2304,0.16996881,0.14527637
16_367_115,52.14,61.001682,8.861683,0.1853298611111111,427,2304,0.1699594,0.14526948
12_350_672,51.2,59.90186,8.701858,0.2738715277777778,631,2304,0.16995816,0.14526857
0_233_293,41.37,48.398495,7.028494,0.3211805555555556,740,2304,0.1698935,0.14522134
12_313_118,66.8,78.147606,11.347601,0.2721354166666667,627,2304,0.16987425,0.14520727
4_830_635,41.16,48.149822,6.9898214,0.23046875,531,2304,0.16982074,0.14516817
12_252_845,65.98,77.180855,11.200855,0.2747395833333333,633,2304,0.16976136,0.1451248
0_273_136,44.5,52.051914,7.5519123,0.23914930555555555,551,2304,0.1697059,0.14508423
0_368_290,48.600002,56.84676,8.246761,0.2669270833333333,615,2304,0.16968644,0.14507003
14_77_224,118.46,138.55914,20.099134,0.4934895833333333,1137,2304,0.16967022,0.14505816
13_590_522,46.32,54.171284,7.851282,0.2664930555555556,614,2304,0.16950092,0.14493439
16_732_11,44.5,52.04195,7.541951,0.23697916666666666,546,2304,0.16948205,0.14492062
0_829_858,49.12,57.442272,8.322272,0.2682291666666667,618,2304,0.16942737,0.14488062
0_368_222,39.5,46.190464,6.6904626,0.23828125,549,2304,0.1693788,0.1448451
6_470_41,54.39,63.601967,9.211965,0.22743055555555555,524,2304,0.16936871,0.14483774
0_235_285,50.46,59.005486,8.545485,0.2699652777777778,622,2304,0.16935165,0.14482525
11_531_719,44.98,52.597366,7.617365,0.3072916666666667,708,2304,0.16935004,0.14482407
0_298_207,76.97,89.99962,13.029618,0.24913194444444445,574,2304,0.16928177,0.14477415
0_405_858,44.27,51.759933,7.4899335,0.2417534722222222,557,2304,0.16918756,0.14470524
0_197_634,51.920002,60.70289,8.782886,0.2777777777777778,640,2304,0.16916189,0.14468645
0_435_452,43.5,50.856937,7.3569384,0.3059895833333333,705,2304,0.16912502,0.14465949
0_182_834,220.40001,257.659,37.259,0.51171875,1179,2304,0.1690517,0.14460585
0_112_19,131.40001,153.61255,22.21255,0.3914930555555556,902,2304,0.16904527,0.14460114
0_180_296,56.48,66.0237,9.5436945,0.2881944444444444,664,2304,0.16897476,0.14454953
16_491_26,42.82,50.051926,7.2319255,0.2586805555555556,596,2304,0.1688913,0.14448845
0_197_250,48.510002,56.70273,8.192726,0.18663194444444445,430,2304,0.16888736,0.14448558
0_246_291,59.620003,69.68839,10.06839,0.2942708333333333,678,2304,0.16887604,0.1444773
6_506_422,41.2,48.15137,6.951372,0.22916666666666666,528,2304,0.16872261,0.14436498
6_122_351,46.61,54.472992,7.862993,0.3198784722222222,737,2304,0.16869755,0.14434662
13_677_381,69.200005,80.87282,11.672812,0.23177083333333334,534,2304,0.16868225,0.14433542
0_577_212,52.21,61.00546,8.795459,0.2109375,486,2304,0.16846311,0.14417495
5_734_381,56.8,66.36733,9.567332,0.2387152777777778,550,2304,0.16843896,0.14415725
16_333_500,46.940002,54.84368,7.9036813,0.22960069444444445,529,2304,0.16837837,0.14411288
12_484_683,49.7,58.06806,8.368062,0.22526041666666666,519,2304,0.16837147,0.14410782
12_313_656,43.21,50.48249,7.272491,0.2209201388888889,509,2304,0.16830574,0.14405967
3_857_666,48.760002,56.962524,8.202522,0.1996527777777778,460,2304,0.16822235,0.14399858
0_186_834,133.90001,156.42192,22.521921,0.3754340277777778,865,2304,0.16819955,0.14398187
0_41_6,91.200005,106.53976,15.339754,0.2669270833333333,615,2304,0.16819905,0.1439815
5_7_763,50.77,59.306355,8.536356,0.2387152777777778,550,2304,0.16813779,0.14393662
16_544_774,49.350002,57.646965,8.296964,0.2417534722222222,557,2304,0.16812488,0.14392716
16_549_633,49.71,58.06684,8.356842,0.2899305555555556,668,2304,0.16811189,0.14391764
0_214_293,60.24,70.35716,10.11716,0.2916666666666667,672,2304,0.16794753,0.14379716
0_145_109,41.32,48.258575,6.9385743,0.1879340277777778,433,2304,0.1679229,0.1437791
3_429_92,171.2,199.94714,28.747143,0.5217013888888888,1202,2304,0.16791555,0.1437737
11_631_11,39.600002,46.249294,6.649292,0.19270833333333334,444,2304,0.16791141,0.14377066
0_343_88,58.38,68.18187,9.801866,0.3263888888888889,752,2304,0.16789766,0.14376059
13_698_73,108.3,126.48184,18.181843,0.359375,828,2304,0.16788405,0.14375062
0_815_843,55.39,64.68828,9.298274,0.2131076388888889,491,2304,0.16786918,0.1437397
0_188_642,48.05,56.114895,8.064895,0.2578125,594,2304,0.1678438,0.1437211
16_278_136,44.8,52.318546,7.5185437,0.23567708333333334,543,2304,0.16782464,0.14370705
16_285_259,54.4,63.52868,9.128677,0.2651909722222222,611,2304,0.16780657,0.1436938
13_676_461,44.920002,52.451683,7.531683,0.2760416666666667,636,2304,0.1676688,0.14359277
0_172_216,45.24,52.823914,7.583911,0.22352430555555555,515,2304,0.16763729,0.14356965
16_546_150,39.690002,46.34066,6.6506605,0.20052083333333334,462,2304,0.16756514,0.14351673
0_154_625,40.65,47.460804,6.810804,0.2947048611111111,679,2304,0.16754745,0.14350376
1_30_309,175.3,204.65552,29.355507,0.3958333333333333,912,2304,0.16745868,0.14343862
14_457_145,44.89,52.40714,7.5171375,0.2786458333333333,642,2304,0.16745684,0.14343728
15_875_452,51.2,59.771053,8.571051,0.3020833333333333,696,2304,0.16740333,0.14339802
0_176_150,42.7,49.845764,7.145765,0.2421875,558,2304,0.16734812,0.14335752
0_24_27,41.4,48.3276,6.9275994,0.18880208333333334,435,2304,0.16733332,0.14334665
0_142_19,94.450005,110.25297,15.802969,0.3402777777777778,784,2304,0.1673157,0.14333373
0_243_578,55.420002,64.69182,9.271813,0.2730034722222222,629,2304,0.16730085,0.14332281
15_875_108,56.63,66.1039,9.473893,0.3402777777777778,784,2304,0.16729459,0.14331822
0_242_6,90.8,105.98905,15.189047,0.24348958333333334,561,2304,0.16728024,0.1433077
5_427_140,45.56,53.179714,7.619713,0.2282986111111111,526,2304,0.16724567,0.14328232
0_309_634,59.010002,68.8766,9.866601,0.30859375,711,2304,0.16720217,0.1432504
0_300_644,50.9,59.410065,8.510064,0.2586805555555556,596,2304,0.16719182,0.1432428
11_669_381,75.0,87.53882,12.53882,0.2530381944444444,583,2304,0.16718426,0.14323726
0_162_310,39.9,46.569973,6.6699724,0.2482638888888889,572,2304,0.16716722,0.14322475
0_348_23,57.68,67.31655,9.636552,0.2903645833333333,669,2304,0.16706921,0.14315279
10_297_354,54.420002,63.503445,9.083443,0.2573784722222222,593,2304,0.16691367,0.14303859
4_351_441,59.100002,68.96311,9.8631115,0.16319444444444445,376,2304,0.16688852,0.14302011
2_45_235,45.2,52.74152,7.5415177,0.1909722222222222,440,2304,0.16684774,0.14299014
6_475_11,54.100002,63.12579,9.025789,0.2638888888888889,608,2304,0.16683528,0.14298101
16_415_740,54.4,63.47003,9.07003,0.3055555555555556,704,2304,0.1667285,0.14290257
0_370_600,92.0,107.338165,15.338165,0.3763020833333333,867,2304,0.16671918,0.14289573
0_311_563,41.100002,47.950962,6.85096,0.2855902777777778,658,2304,0.16669,0.14287429
13_702_73,151.0,176.15211,25.152117,0.4674479166666667,1077,2304,0.1665703,0.14278634
12_244_683,42.600002,49.694565,7.0945625,0.20399305555555555,470,2304,0.16653901,0.14276335
0_436_6,71.5,83.403915,11.903914,0.24913194444444445,574,2304,0.16648832,0.1427261
16_277_6,40.38,47.10212,6.722121,0.21354166666666666,492,2304,0.16647154,0.14271377
0_214_108,63.41,73.96299,10.552985,0.23350694444444445,538,2304,0.16642462,0.14267927
3_752_294,45.24,52.766266,7.526264,0.23307291666666666,537,2304,0.16636305,0.14263402
6_498_600,83.0,96.8043,13.804298,0.4123263888888889,950,2304,0.16631685,0.14260006
16_358_699,49.5,57.729965,8.229964,0.22178819444444445,511,2304,0.16626191,0.14255966
7_871_381,54.9,64.024826,9.1248255,0.20182291666666666,465,2304,0.1662081,0.14252011
16_546_264,60.2,70.20484,10.004841,0.11414930555555555,263,2304,0.16619337,0.14250927
0_757_93,42.9,50.028774,7.1287727,0.2777777777777778,640,2304,0.16617185,0.14249346
12_458_481,76.78,89.53604,12.756041,0.2934027777777778,676,2304,0.16613755,0.14246823
16_358_79,47.43,55.309307,7.879306,0.2595486111111111,598,2304,0.16612494,0.14245895
3_835_315,57.47,67.01545,9.545448,0.2612847222222222,602,2304,0.16609445,0.14243653
13_817_111,68.81,80.23022,11.420213,0.2899305555555556,668,2304,0.16596735,0.14234304
12_366_644,53.7,62.611412,8.911412,0.3025173611111111,697,2304,0.16594808,0.14232889
0_658_411,51.9,60.51266,8.612659,0.1519097222222222,350,2304,0.16594718,0.14232822
13_393_531,109.19,127.30593,18.115929,0.3381076388888889,779,2304,0.16591197,0.14230232
0_522_21,70.44,82.122406,11.682407,0.2786458333333333,642,2304,0.16584904,0.14225604
12_64_635,43.78,51.03926,7.2592616,0.2326388888888889,536,2304,0.16581228,0.14222898
0_273_634,40.95,47.739666,6.789664,0.2921006944444444,673,2304,0.16580375,0.14222269
7_71_309,118.700005,138.3707,19.670702,0.3689236111111111,850,2304,0.16571778,0.14215945
0_215_411,60.100002,70.05245,9.952453,0.1801215277777778,415,2304,0.16559821,0.14207144
6_537_11,42.2,49.187202,6.9872026,0.2261284722222222,521,2304,0.16557352,0.14205326
0_140_858,53.670002,62.55371,8.88371,0.23307291666666666,537,2304,0.16552468,0.14201732
0_161_411,57.3,66.78332,9.483315,0.1740451388888889,401,2304,0.16550289,0.14200126
0_308_719,57.670002,67.214195,9.54419,0.2573784722222222,593,2304,0.16549662,0.14199665
0_595_26,45.38,52.88447,7.5044727,0.21397569444444445,493,2304,0.1653696,0.14190315
0_200_407,39.57,46.11165,6.5416493,0.2669270833333333,615,2304,0.16531841,0.14186545
6_539_631,51.71,60.25502,8.54502,0.2825520833333333,651,2304,0.16524889,0.14181425
16_360_481,52.3,60.935665,8.635666,0.2951388888888889,680,2304,0.1651179,0.14171776
0_140_26,67.41,78.53845,11.128453,0.3203125,738,2304,0.16508608,0.14169432
12_357_16,47.37,55.186142,7.8161426,0.2760416666666667,636,2304,0.16500196,0.14163235
0_209_366,42.54,49.554764,7.0147624,0.2921006944444444,673,2304,0.16489804,0.14155576
0_815_556,44.3,51.60072,7.3007183,0.24696180555555555,569,2304,0.16480178,0.14148481
0_212_765,53.74,62.595314,8.855313,0.23828125,549,2304,0.16478066,0.14146927
0_204_259,44.170002,51.447414,7.277413,0.22135416666666666,510,2304,0.16475917,0.14145343
0_132_207,64.78,75.448135,10.668137,0.2638888888888889,608,2304,0.16468257,0.14139695
3_813_737,40.350002,46.993145,6.643144,0.22960069444444445,529,2304,0.16463801,0.14136411
0_599_452,39.4,45.88502,6.485021,0.2981770833333333,687,2304,0.16459444,0.14133199
0_850_822,40.12,46.723236,6.603235,0.2126736111111111,490,2304,0.16458711,0.14132658
3_716_205,39.21,45.661007,6.4510074,0.21006944444444445,484,2304,0.16452454,0.14128044
0_182_487,41.56,48.397396,6.837396,0.19140625,441,2304,0.16451867,0.14127612
0_713_634,52.79,61.47322,8.683219,0.2287326388888889,527,2304,0.16448605,0.14125206
12_247_16,40.36,46.99612,6.63612,0.21397569444444445,493,2304,0.16442318,0.1412057
3_429_205,68.71,80.00475,11.294751,0.2743055555555556,632,2304,0.16438293,0.141176
15_79_763,39.63,46.140354,6.5103545,0.2265625,522,2304,0.16427843,0.14109893
12_342_638,44.04,51.274033,7.23403,0.2378472222222222,548,2304,0.16426043,0.14108564
0_822_738,47.9,55.76491,7.8649096,0.2886284722222222,665,2304,0.16419435,0.14103688
12_357_206,46.3,53.901997,7.6019945,0.2013888888888889,464,2304,0.16418995,0.14103363
14_77_422,42.0,48.892864,6.8928638,0.2586805555555556,596,2304,0.1641158,0.14097893
6_609_835,56.7,66.00275,9.302744,0.1644965277777778,379,2304,0.16406955,0.1409448
6_681_116,64.700005,75.3148,10.614799,0.2699652777777778,622,2304,0.16406178,0.14093909
0_554_470,42.100002,49.006485,6.9064856,0.2816840277777778,649,2304,0.16404954,0.14093003
13_592_599,43.7,50.864326,7.1643257,0.19401041666666666,447,2304,0.16394338,0.14085168
6_893_749,47.14,54.866302,7.7263017,0.265625,612,2304,0.16390118,0.14082053
16_573_364,42.5,49.45889,6.9588885,0.2417534722222222,557,2304,0.16373855,0.14070046
0_201_650,63.3,73.66134,10.3613405,0.2013888888888889,464,2304,0.16368626,0.14066185
0_621_63,50.2,58.413326,8.2133255,0.15755208333333334,363,2304,0.16361205,0.14060704
13_683_309,109.94,127.92709,17.98709,0.2552083333333333,588,2304,0.16360822,0.14060421
12_222_476,62.29,72.47674,10.186735,0.2591145833333333,597,2304,0.16353725,0.14055179
16_283_474,45.7,53.168648,7.4686456,0.2747395833333333,633,2304,0.1634277,0.14047086
12_372_802,50.600002,58.86758,8.267581,0.11458333333333333,264,2304,0.16339092,0.1404437
11_666_580,126.5,147.16702,20.667027,0.4652777777777778,1072,2304,0.1633757,0.14043246
3_724_294,44.74,52.044872,7.3048725,0.24522569444444445,565,2304,0.16327386,0.1403572
12_480_774,42.95,49.962597,7.0125947,0.2517361111111111,580,2304,0.16327345,0.14035688
5_743_683,45.9,53.393078,7.493078,0.2300347222222222,530,2304,0.16324788,0.140338
0_159_496,56.95,66.24528,9.295278,0.296875,684,2304,0.16321822,0.14031608
10_297_468,52.3,60.83606,8.536058,0.23567708333333334,543,2304,0.16321336,0.14031248
0_137_374,42.0,48.85479,6.8547907,0.2183159722222222,503,2304,0.1632093,0.1403095
3_873_666,46.08,53.60061,7.5206065,0.20572916666666666,474,2304,0.1632076,0.14030823
14_286_191,174.1,202.50395,28.403944,0.453125,1044,2304,0.16314729,0.14026365
0_217_140,50.2,58.38451,8.184508,0.2595486111111111,598,2304,0.16303802,0.14018287
6_476_650,43.0,50.010464,7.0104628,0.20442708333333334,471,2304,0.16303402,0.14017992
0_84_634,47.08,54.750828,7.6708255,0.2712673611111111,625,2304,0.16293171,0.14010428
11_672_248,49.260002,57.28583,8.025832,0.3168402777777778,730,2304,0.16292797,0.14010152
4_105_634,45.600002,53.027107,7.4271064,0.2595486111111111,598,2304,0.16287513,0.14006245
16_367_569,40.7,47.325874,6.625872,0.2092013888888889,482,2304,0.16279784,0.14000528
0_827_638,57.34,66.674614,9.334611,0.3059895833333333,705,2304,0.16279405,0.14000247
6_497_226,93.76,109.0219,15.261891,0.4644097222222222,1070,2304,0.16277614,0.13998923
12_516_291,59.870003,69.61418,9.744182,0.3146701388888889,725,2304,0.16275565,0.13997409
0_61_414,47.43,55.14774,7.7177386,0.2582465277777778,595,2304,0.1627185,0.1399466
16_622_381,77.700005,90.34154,12.641534,0.2630208333333333,606,2304,0.16269669,0.13993047
16_559_381,82.1,95.457184,13.357185,0.2612847222222222,602,2304,0.1626941,0.13992855
0_612_84,52.75,61.33197,8.58197,0.2378472222222222,548,2304,0.16269138,0.13992654
0_8_58,51.23,59.564095,8.334094,0.2552083333333333,588,2304,0.16267996,0.13991809
6_496_749,41.27,47.983192,6.71319,0.25390625,585,2304,0.16266513,0.13990712
0_599_21,76.700005,89.17193,12.4719305,0.3155381944444444,727,2304,0.16260664,0.13986386
13_702_305,101.5,117.98165,16.48165,0.3177083333333333,732,2304,0.16238078,0.13969672
16_571_474,39.600002,46.03001,6.4300113,0.2508680555555556,578,2304,0.16237402,0.13969173
0_239_635,48.98,56.928528,7.948528,0.25,576,2304,0.1622811,0.13962293
3_858_860,58.920002,68.480095,9.560092,0.21875,504,2304,0.16225547,0.13960396
15_875_719,40.08,46.58288,6.502879,0.2734375,630,2304,0.16224748,0.13959806
0_741_650,64.4,74.845566,10.445568,0.2595486111111111,598,2304,0.16219826,0.13956161
16_575_26,44.79,52.05469,7.2646914,0.2269965277777778,523,2304,0.16219449,0.13955882
0_187_563,39.48,45.8824,6.402399,0.2825520833333333,651,2304,0.16216816,0.13953932
2_47_402,46.7,54.27119,7.5711904,0.3055555555555556,704,2304,0.162124,0.13950662
16_330_381,61.100002,71.00535,9.905347,0.22352430555555555,515,2304,0.16211696,0.13950142
16_765_474,45.3,52.64383,7.3438287,0.15755208333333334,363,2304,0.16211542,0.13950028
16_360_644,47.9,55.6622,7.7622,0.2660590277777778,613,2304,0.1620501,0.1394519
12_372_127,58.7,68.21022,9.510221,0.29296875,675,2304,0.16201398,0.13942516
16_765_699,40.0,46.47955,6.479549,0.22178819444444445,511,2304,0.16198872,0.13940644
12_316_11,39.4,45.78137,6.3813686,0.21788194444444445,502,2304,0.16196367,0.13938789
0_612_387,62.7,72.85231,10.152311,0.2730034722222222,629,2304,0.16191883,0.13935469
0_595_638,73.47,85.363914,11.893915,0.3012152777777778,694,2304,0.16188805,0.13933189
0_471_650,75.8,88.07063,12.270634,0.2651909722222222,611,2304,0.1618817,0.13932718
3_86_834,90.4,105.032295,14.632293,0.3424479166666667,789,2304,0.16186164,0.13931233
6_339_638,47.13,54.75617,7.6261687,0.23914930555555555,551,2304,0.16181134,0.13927506
0_187_194,87.880005,102.09881,14.218808,0.3493923611111111,805,2304,0.16179799,0.13926518
0_289_207,59.420002,69.027695,9.607694,0.23177083333333334,534,2304,0.16169123,0.13918607
0_540_719,47.06,54.66849,7.6084886,0.3250868055555556,749,2304,0.16167633,0.13917503
0_348_345,48.66,56.52484,7.864842,0.3042534722222222,701,2304,0.16162848,0.13913956
0_202_829,63.620003,73.902214,10.28221,0.20008680555555555,461,2304,0.16161914,0.13913265
0_781_633,54.170002,62.924267,8.754265,0.3098958333333333,714,2304,0.16160725,0.13912383
0_692_259,42.8,49.714573,6.914573,0.22395833333333334,516,2304,0.16155545,0.13908544
13_689_579,56.2,65.27386,9.0738535,0.19401041666666666,447,2304,0.16145647,0.13901207
0_363_201,44.41,51.577892,7.1678925,0.2183159722222222,503,2304,0.16140267,0.1389722
0_115_140,48.100002,55.858795,7.7587943,0.2287326388888889,527,2304,0.16130549,0.13890013
0_184_250,51.46,59.75704,8.297037,0.2265625,522,2304,0.16123275,0.13884619
0_168_411,56.600002,65.72566,9.125662,0.18229166666666666,420,2304,0.16123077,0.13884473
0_885_63,48.4,56.202744,7.8027415,0.16710069444444445,385,2304,0.16121367,0.13883203
11_505_479,41.41,48.08549,6.6754904,0.20182291666666666,465,2304,0.16120479,0.13882546
16_571_644,54.7,63.51391,8.813908,0.2717013888888889,626,2304,0.16113177,0.1387713
12_458_108,56.100002,65.13913,9.039127,0.2769097222222222,638,2304,0.16112526,0.13876647
0_18_276,41.68,48.3951,6.715099,0.2417534722222222,557,2304,0.16111082,0.13875575
0_53_374,42.010002,48.773987,6.763986,0.20703125,477,2304,0.16100894,0.13868019
12_483_634,40.58,47.11366,6.53366,0.2669270833333333,615,2304,0.1610069,0.13867868
0_81_84,66.97,77.752106,10.782102,0.2248263888888889,518,2304,0.16099897,0.1386728
0_555_556,50.5,58.630436,8.130436,0.2921006944444444,673,2304,0.16099873,0.13867262
11_430_772,48.5,56.301773,7.8017716,0.2712673611111111,625,2304,0.16086127,0.13857062
6_534_387,53.8,62.453156,8.653153,0.2873263888888889,662,2304,0.16083929,0.1385543
0_555_628,66.9,77.65862,10.75862,0.2569444444444444,592,2304,0.16081645,0.13853736
12_207_6,69.64,80.836555,11.196557,0.21223958333333334,489,2304,0.16077767,0.13850859
14_88_599,126.8,147.18651,20.386503,0.3342013888888889,770,2304,0.16077684,0.13850796
0_118_719,45.5,52.813423,7.3134236,0.2703993055555556,623,2304,0.16073458,0.13847661
4_63_802,47.4,55.013954,7.613954,0.12413194444444445,286,2304,0.16063194,0.13840042
11_624_634,47.55,55.185703,7.635703,0.2573784722222222,593,2304,0.16058262,0.1383638
12_379_110,40.8,47.35133,6.5513287,0.19010416666666666,438,2304,0.16057178,0.13835575
3_808_191,41.86,48.581455,6.721453,0.1853298611111111,427,2304,0.16056983,0.1383543
0_822_368,42.37,49.1713,6.8012996,0.2838541666666667,654,2304,0.1605216,0.13831848
16_355_60,42.100002,48.857224,6.7572236,0.2170138888888889,500,2304,0.16050412,0.13830552
12_261_108,47.420002,55.030956,7.610955,0.2604166666666667,600,2304,0.16050094,0.13830316
0_257_635,44.7,51.874317,7.174315,0.2717013888888889,626,2304,0.16049922,0.13830186
12_269_763,71.07,82.47609,11.406092,0.2599826388888889,599,2304,0.16049094,0.13829574
9_54_69,56.4,65.4459,9.045896,0.24479166666666666,564,2304,0.16038822,0.13821945
16_170_802,74.1,85.982635,11.882636,0.14756944444444445,340,2304,0.16035946,0.1381981
16_278_834,116.5,135.18166,18.681654,0.3211805555555556,740,2304,0.16035755,0.13819666
13_346_286,66.8,77.51072,10.710719,0.2734375,630,2304,0.1603401,0.13818371
3_724_302,67.200005,77.97354,10.773542,0.24131944444444445,556,2304,0.16032057,0.13816921
3_820_587,46.4,53.83172,7.431719,0.2634548611111111,607,2304,0.16016635,0.13805464
0_197_94,41.07,47.647186,6.5771866,0.2126736111111111,490,2304,0.16014576,0.13803935
0_500_635,58.47,67.83177,9.361768,0.2877604166666667,663,2304,0.16011232,0.1380145
0_595_635,58.86,68.28128,9.421283,0.2638888888888889,608,2304,0.16006257,0.13797754
3_443_4,76.200005,88.38856,12.188554,0.2326388888888889,536,2304,0.15995477,0.13789742
4_306_422,45.100002,52.311295,7.211294,0.23741319444444445,547,2304,0.15989564,0.13785349
0_511_21,59.100002,68.539894,9.439891,0.3068576388888889,707,2304,0.15972742,0.13772841
3_858_737,44.530003,51.641953,7.1119523,0.22569444444444445,520,2304,0.15971148,0.13771656
0_146_250,57.05,66.16003,9.1100235,0.2621527777777778,604,2304,0.1596849,0.13769679
13_777_791,49.95,57.923595,7.9735937,0.2647569444444444,610,2304,0.1596315,0.13765709
11_602_93,40.36,46.80091,6.440909,0.2677951388888889,617,2304,0.15958644,0.13762358
0_446_424,48.530003,56.274284,7.744282,0.2456597222222222,566,2304,0.15957719,0.13761671
12_460_635,63.65,73.80551,10.155514,0.2204861111111111,508,2304,0.15955245,0.1375983
6_493_9,41.5,48.11907,6.619068,0.2326388888888889,536,2304,0.15949562,0.13755603
0_214_740,108.700005,126.031746,17.331747,0.4049479166666667,933,2304,0.15944569,0.1375189
3_800_156,39.9,46.261436,6.361434,0.14973958333333334,345,2304,0.15943442,0.13751051
12_399_422,41.2,47.767673,6.567673,0.2526041666666667,582,2304,0.15940954,0.137492
0_851_411,52.5,60.866646,8.366645,0.15321180555555555,353,2304,0.15936467,0.13745862
12_226_715,48.48,56.205082,7.7250824,0.2326388888888889,536,2304,0.15934576,0.13744456
0_692_636,39.7,46.023937,6.323936,0.2743055555555556,632,2304,0.1592931,0.13740537
16_573_136,50.09,58.067734,7.9777336,0.24348958333333334,561,2304,0.15926799,0.1373867
0_229_16,41.84,48.50229,6.6622887,0.2643229166666667,609,2304,0.15923253,0.13736029
0_235_734,41.24,47.80533,6.565328,0.2504340277777778,577,2304,0.15919806,0.13733464
0_353_670,42.100002,48.80208,6.702076,0.2109375,486,2304,0.1591942,0.13733177
17_21_190,57.100002,66.18987,9.089873,0.2322048611111111,535,2304,0.15919217,0.13733028
16_765_635,51.100002,59.234444,8.134444,0.2269965277777778,523,2304,0.15918677,0.13732626
0_343_16,65.200005,75.57575,10.375749,0.2595486111111111,598,2304,0.15913723,0.13728939
12_619_291,55.710003,64.57519,8.86519,0.3363715277777778,775,2304,0.15913102,0.13728477
0_209_194,62.99,73.012886,10.022882,0.2899305555555556,668,2304,0.15911862,0.13727553
12_250_606,45.420002,52.642956,7.2229548,0.2339409722222222,539,2304,0.15902586,0.13720648
16_518_416,41.47,48.064373,6.594374,0.2495659722222222,575,2304,0.15901554,0.13719879
16_564_363,64.3,74.52363,10.223628,0.234375,540,2304,0.15899888,0.1371864
0_597_296,60.14,69.67882,9.5388155,0.2960069444444444,682,2304,0.15861017,0.13689692
0_750_834,243.90001,282.54184,38.64183,0.5572916666666666,1284,2304,0.15843308,0.13676499
12_636_207,43.190002,50.031322,6.841321,0.20703125,477,2304,0.15840057,0.13674076
12_484_363,71.1,82.362274,11.262269,0.265625,612,2304,0.15840042,0.13674062
10_23_729,41.9,48.535835,6.6358333,0.24479166666666666,564,2304,0.1583731,0.13672028
0_197_686,67.8,78.53043,10.730429,0.2743055555555556,632,2304,0.1582659,0.13664038
0_790_793,39.54,45.796906,6.256903,0.20703125,477,2304,0.15824236,0.13662283
16_569_364,41.100002,47.603703,6.5037036,0.19921875,459,2304,0.15824096,0.1366218
0_193_407,47.83,55.39584,7.56584,0.21006944444444445,484,2304,0.15818188,0.13657776
12_516_387,70.1,81.18786,11.087855,0.2517361111111111,580,2304,0.15817198,0.13657036
1_123_317,104.5,121.02597,16.525965,0.4045138888888889,932,2304,0.1581432,0.1365489
15_9_631,62.54,72.42496,9.8849535,0.3033854166666667,699,2304,0.15805809,0.13648546
11_608_194,40.41,46.79339,6.383388,0.2495659722222222,575,2304,0.15796556,0.13641645
0_599_6,78.1,90.43087,12.330865,0.2725694444444444,628,2304,0.1578856,0.13635682
16_543_9,47.2,54.647755,7.447753,0.21571180555555555,497,2304,0.15779138,0.13628653
0_843_487,43.9,50.82508,6.9250817,0.18055555555555555,416,2304,0.15774673,0.13625324
12_357_219,40.87,47.31131,6.441308,0.21961805555555555,506,2304,0.1576048,0.13614732
5_734_476,43.350002,50.17975,6.829747,0.2556423611111111,589,2304,0.15754895,0.13610564
0_177_41,104.5,120.96045,16.460447,0.2339409722222222,539,2304,0.15751624,0.13608123
12_90_6,68.21,78.94761,10.737605,0.2582465277777778,595,2304,0.15741982,0.13600925
8_13_666,53.2,61.572327,8.372327,0.23914930555555555,551,2304,0.15737456,0.13597548
0_467_23,49.22,56.96301,7.7430086,0.24609375,567,2304,0.15731427,0.13593046
0_502_200,39.77,46.02406,6.2540603,0.19661458333333334,453,2304,0.15725572,0.13588676
3_116_860,53.620003,62.043858,8.423857,0.19791666666666666,456,2304,0.15710288,0.13577262
4_389_419,45.07,52.149105,7.079106,0.2339409722222222,539,2304,0.15706913,0.1357474
3_443_315,52.77,61.05698,8.286979,0.2708333333333333,624,2304,0.15703958,0.13572533
10_23_150,40.11,46.408028,6.2980256,0.22135416666666666,510,2304,0.15701884,0.13570984
13_708_320,43.24,50.027943,6.7879434,0.2595486111111111,598,2304,0.15698296,0.13568304
0_552_310,45.690002,52.861607,7.1716056,0.2690972222222222,620,2304,0.15696225,0.13566756
0_298_296,52.88,61.178642,8.298642,0.2708333333333333,624,2304,0.15693347,0.13564606
0_446_27,54.9,63.514492,8.61449,0.22569444444444445,520,2304,0.15691237,0.1356303
0_104_58,40.04,46.321545,6.281543,0.2630208333333333,606,2304,0.15688169,0.13560736
0_282_296,79.520004,91.993996,12.473995,0.30078125,693,2304,0.15686613,0.13559575
12_265_259,40.600002,46.96861,6.3686085,0.25,576,2304,0.15686227,0.13559286
16_395_291,79.72,92.22482,12.504818,0.3563368055555556,821,2304,0.15685923,0.13559058
12_516_596,73.200005,84.680115,11.480114,0.3576388888888889,824,2304,0.15683214,0.13557036
15_51_656,45.4,52.51774,7.1177382,0.2829861111111111,652,2304,0.15677837,0.13553017
0_152_554,58.45,67.60856,9.15856,0.1814236111111111,418,2304,0.1566905,0.1354645
3_813_206,41.600002,48.117138,6.517136,0.2339409722222222,539,2304,0.15666191,0.13544314
0_95_12,45.54,52.67385,7.1338515,0.2152777777777778,496,2304,0.15665023,0.1354344
0_441_296,68.69,79.44782,10.757818,0.2712673611111111,625,2304,0.15661404,0.13540734
0_167_212,41.2,47.651764,6.4517617,0.203125,468,2304,0.15659615,0.13539398
0_96_650,75.06,86.81168,11.751684,0.2630208333333333,606,2304,0.15656388,0.13536985
12_275_194,45.510002,52.63239,7.1223903,0.24609375,567,2304,0.15650165,0.13532333
16_360_11,62.5,72.2796,9.779602,0.24913194444444445,574,2304,0.15647364,0.13530238
16_571_296,54.07,62.52682,8.45682,0.2868923611111111,661,2304,0.15640502,0.13525108
12_424_422,49.600002,57.35109,7.751089,0.25390625,585,2304,0.15627195,0.13515157
0_648_19,142.40001,164.65134,22.25133,0.33203125,765,2304,0.15625933,0.13514212
0_548_783,65.9,76.195694,10.295695,0.18619791666666666,429,2304,0.15623209,0.13512175
0_648_834,167.40001,193.54968,26.149677,0.4075520833333333,939,2304,0.15621072,0.13510576
0_121_715,46.77,54.075512,7.30551,0.23828125,549,2304,0.15620077,0.13509831
3_836_316,64.17,74.1883,10.018298,0.25,576,2304,0.15612121,0.1350388
13_338_381,92.4,106.81497,14.414971,0.24739583333333334,570,2304,0.15600619,0.13495272
12_64_253,40.0,46.23734,6.23734,0.1345486111111111,310,2304,0.1559335,0.13489833
3_802_44,90.700005,104.842285,14.142282,0.3133680555555556,722,2304,0.15592371,0.134891
13_346_393,54.420002,62.903286,8.483284,0.28125,648,2304,0.1558854,0.13486233
16_163_296,64.57,74.62962,10.059622,0.2621527777777778,604,2304,0.15579405,0.13479395
0_628_140,43.07,49.77953,6.709528,0.19661458333333334,453,2304,0.15578194,0.13478488
0_314_93,48.47,56.020134,7.5501347,0.2951388888888889,680,2304,0.15576923,0.13477537
0_199_686,45.7,52.818035,7.118035,0.3216145833333333,741,2304,0.15575568,0.13476524
6_667_650,43.06,49.76636,6.7063603,0.1931423611111111,445,2304,0.15574455,0.1347569
0_126_23,51.55,59.575386,8.025386,0.25,576,2304,0.1556816,0.13470976
5_17_606,46.13,53.31072,7.1807165,0.1740451388888889,401,2304,0.15566261,0.13469554
3_771_116,67.82,78.372505,10.552505,0.2690972222222222,620,2304,0.15559576,0.13464549
0_714_686,63.3,73.14799,9.847982,0.3572048611111111,823,2304,0.15557635,0.13463095
0_274_194,52.32,60.459747,8.139748,0.21875,504,2304,0.15557621,0.13463086
0_488_411,49.600002,57.31585,7.7158494,0.1684027777777778,388,2304,0.15556148,0.13461982
4_428_856,40.7,47.030357,6.330355,0.12760416666666666,294,2304,0.15553698,0.13460147
0_60_108,62.75,72.50911,9.759109,0.2769097222222222,638,2304,0.15552364,0.13459148
16_330_716,42.8,49.45574,6.65574,0.1931423611111111,445,2304,0.15550794,0.13457972
0_678_293,50.88,58.79211,7.912109,0.2725694444444444,628,2304,0.15550528,0.13457774
12_349_719,44.79,51.753098,6.9630957,0.2495659722222222,575,2304,0.15546094,0.13454452
0_35_793,43.8,50.6088,6.8087997,0.2048611111111111,472,2304,0.15545206,0.13453786
3_787_339,92.96,107.41016,14.450156,0.3389756944444444,781,2304,0.15544489,0.1345325
0_192_489,47.100002,54.420837,7.3208375,0.21006944444444445,484,2304,0.15543179,0.13452269
13_694_45,47.77,55.192825,7.4228253,0.19618055555555555,452,2304,0.15538676,0.13448896
0_115_27,39.5,45.63605,6.1360507,0.1488715277777778,343,2304,0.15534306,0.13445622
0_799_719,56.280003,65.01955,8.739543,0.2855902777777778,658,2304,0.15528682,0.13441409
13_626_522,54.55,63.02077,8.470772,0.2365451388888889,545,2304,0.15528454,0.13441238
0_215_220,41.27,47.678482,6.40848,0.2261284722222222,521,2304,0.15528181,0.13441032
0_489_843,49.920002,57.67157,7.75157,0.17838541666666666,411,2304,0.15527984,0.13440886
0_162_650,57.8,66.77334,8.97334,0.21223958333333334,489,2304,0.1552481,0.13438508
13_662_501,44.16,51.014828,6.854825,0.24869791666666666,573,2304,0.15522702,0.13436927
0_217_774,52.2,60.29987,8.09987,0.2508680555555556,578,2304,0.15516992,0.13432649
2_92_458,41.09,47.46418,6.3741803,0.23567708333333334,543,2304,0.15512729,0.13429454
0_599_765,40.600002,46.892414,6.2924137,0.22526041666666666,519,2304,0.15498555,0.13418831
3_70_294,52.2,60.28744,8.08744,0.23567708333333334,543,2304,0.15493178,0.134148
16_546_638,60.71,70.11359,9.403583,0.2782118055555556,641,2304,0.15489347,0.13411926
0_149_806,56.0,64.67236,8.672362,0.24348958333333334,561,2304,0.15486361,0.13409688
8_14_834,102.200005,118.022736,15.822732,0.3580729166666667,825,2304,0.15482125,0.13406512
0_187_592,46.690002,53.917744,7.2277427,0.2482638888888889,572,2304,0.15480278,0.13405128
6_52_296,42.02,48.523903,6.5039024,0.1996527777777778,460,2304,0.15478112,0.13403502
0_806_635,68.590004,79.20623,10.61623,0.2912326388888889,671,2304,0.1547781,0.13403277
2_44_393,45.18,52.170567,6.9905653,0.2738715277777778,631,2304,0.15472698,0.13399443
0_203_802,74.200005,85.68039,11.480387,0.16493055555555555,380,2304,0.15472218,0.13399084
15_510_705,40.0,46.18614,6.1861367,0.2482638888888889,572,2304,0.15465342,0.13393925
16_503_764,42.5,49.072067,6.5720677,0.21744791666666666,501,2304,0.15463689,0.13392685
0_151_634,87.5,101.0304,13.530398,0.3498263888888889,806,2304,0.15463312,0.13392402
0_704_190,87.5,101.02715,13.527155,0.2730034722222222,629,2304,0.15459606,0.13389623
0_487_645,43.920002,50.70755,6.787548,0.22743055555555555,524,2304,0.15454344,0.13385676
16_543_259,84.6,97.669655,13.069655,0.3033854166666667,699,2304,0.15448765,0.1338149
16_732_80,40.54,46.802025,6.262025,0.19401041666666666,447,2304,0.15446533,0.13379817
0_714_249,68.270004,78.8136,10.543595,0.3606770833333333,831,2304,0.15443964,0.13377889
1_25_0,42.4,48.94816,6.5481567,0.1918402777777778,442,2304,0.15443765,0.1337774
0_535_84,70.5,81.3845,10.8845005,0.2899305555555556,668,2304,0.15439008,0.13374169
0_168_84,62.57,72.22884,9.65884,0.24869791666666666,573,2304,0.15436855,0.13372552
16_412_261,39.350002,45.424294,6.0742927,0.21961805555555555,506,2304,0.15436575,0.13372344
16_564_468,79.700005,92.00233,12.302328,0.2261284722222222,521,2304,0.15435794,0.13371758
0_242_258,54.100002,62.449417,8.349418,0.2282986111111111,526,2304,0.15433304,0.1336989
13_585_111,50.7,58.523273,7.8232727,0.2243923611111111,517,2304,0.15430517,0.13367797
12_444_650,40.25,46.4596,6.2095985,0.18359375,423,2304,0.15427575,0.13365588
11_631_843,40.100002,46.286064,6.186065,0.1857638888888889,428,2304,0.15426596,0.13364854
0_405_79,39.9,46.05383,6.1538305,0.21354166666666666,492,2304,0.15423134,0.13362256
0_241_500,63.0,72.71509,9.715088,0.2873263888888889,662,2304,0.15420775,0.13360484
0_757_41,99.44,114.77237,15.332368,0.2087673611111111,481,2304,0.15418713,0.13358936
0_714_500,54.07,62.40634,8.336339,0.2677951388888889,617,2304,0.15417679,0.1335816
0_640_473,43.8,50.552902,6.752901,0.2517361111111111,580,2304,0.15417583,0.13358088
15_742_740,78.700005,90.832924,12.13292,0.3715277777777778,856,2304,0.1541667,0.13357404
0_203_644,49.4,57.015594,7.6155925,0.2595486111111111,598,2304,0.15416178,0.13357034
0_583_127,47.3,54.590565,7.2905645,0.20703125,477,2304,0.15413456,0.1335499
13_656_112,69.700005,80.440834,10.740829,0.2942708333333333,678,2304,0.15410085,0.1335246
3_770_125,41.52,47.917877,6.3978767,0.2222222222222222,512,2304,0.15409145,0.13351753
6_477_650,49.16,56.73461,7.574612,0.2261284722222222,521,2304,0.15408081,0.13350955
0_648_150,44.24,51.053883,6.8138833,0.17838541666666666,411,2304,0.15402086,0.13346455
0_281_387,49.100002,56.660927,7.5609245,0.17491319444444445,403,2304,0.15399031,0.1334416
0_635_345,51.0,58.849926,7.8499246,0.29296875,675,2304,0.15392008,0.13338886
12_675_363,65.3,75.34477,10.04477,0.20616319444444445,475,2304,0.15382496,0.13331741
16_566_11,63.300003,73.035904,9.735904,0.2426215277777778,559,2304,0.15380573,0.13330299
16_526_381,104.700005,120.80226,16.102255,0.2964409722222222,683,2304,0.15379421,0.13329431
0_843_470,41.81,48.23987,6.4298677,0.19227430555555555,443,2304,0.15378779,0.1332895
0_148_600,113.1,130.49144,17.391438,0.4127604166666667,951,2304,0.15377045,0.13327646
0_211_108,71.51,82.50403,10.994029,0.3107638888888889,716,2304,0.15374114,0.13325445
0_579_843,49.05,56.58964,7.5396423,0.1818576388888889,419,2304,0.1537134,0.1332336
16_731_670,43.8,50.529816,6.729815,0.17664930555555555,407,2304,0.15364875,0.13318503
15_9_469,41.15,47.472282,6.322282,0.2361111111111111,544,2304,0.1536399,0.13317838
12_421_715,44.760002,51.635334,6.8753347,0.1896701388888889,437,2304,0.15360443,0.13315174
3_719_834,104.5,120.55077,16.050774,0.3576388888888889,824,2304,0.15359592,0.13314533
15_895_145,57.15,65.923996,8.773992,0.2864583333333333,660,2304,0.15352565,0.13309254
16_365_802,65.700005,75.785774,10.085775,0.14366319444444445,331,2304,0.15351255,0.1330827
0_536_212,48.05,55.426,7.3759995,0.2092013888888889,482,2304,0.15350676,0.13307834
13_777_535,81.96,94.540726,12.580721,0.2751736111111111,634,2304,0.1534983,0.13307197
12_425_802,66.8,77.052185,10.252186,0.13151041666666666,303,2304,0.15347584,0.13305509
5_16_525,46.280003,53.382572,7.102573,0.2860243055555556,659,2304,0.15346959,0.13305041
0_46_633,66.880005,77.14331,10.26331,0.2786458333333333,642,2304,0.15345858,0.13304213
11_891_635,52.54,60.589996,8.049997,0.2699652777777778,622,2304,0.15321654,0.13286017
17_21_452,40.2,46.354454,6.154454,0.2439236111111111,562,2304,0.15309587,0.13276942
0_235_508,40.3,46.46861,6.1686096,0.1948784722222222,449,2304,0.15306725,0.13274789
3_764_316,68.06,78.47626,10.416255,0.1953125,450,2304,0.15304519,0.13273129
16_543_304,42.2,48.657604,6.457602,0.23177083333333334,534,2304,0.15302373,0.13271517
11_672_381,95.200005,109.76209,14.562087,0.2825520833333333,651,2304,0.15296309,0.13266955
14_76_108,54.04,62.305634,8.265635,0.1918402777777778,442,2304,0.152954,0.13266271
12_414_763,47.38,54.62301,7.243009,0.2209201388888889,509,2304,0.1528706,0.13259996
16_404_559,45.440002,52.38605,6.9460516,0.25390625,585,2304,0.15286204,0.13259353
0_867_411,44.8,51.648067,6.8480673,0.1449652777777778,334,2304,0.15285864,0.13259096
15_9_774,39.68,45.744408,6.064408,0.21006944444444445,484,2304,0.15283285,0.13257156
0_215_79,50.8,58.560516,7.760514,0.24348958333333334,561,2304,0.15276602,0.13252127
16_565_140,46.05,53.08468,7.0346766,0.3042534722222222,701,2304,0.15276171,0.13251802
0_300_93,58.870003,67.85937,8.989369,0.2730034722222222,629,2304,0.15269864,0.13247058
0_29_291,65.0,74.91737,9.917371,0.3103298611111111,715,2304,0.15257494,0.13237745
11_615_363,43.600002,50.25181,6.6518073,0.16883680555555555,389,2304,0.15256438,0.13236952
16_278_306,39.028,44.979305,5.9513044,0.24609375,567,2304,0.15248807,0.13231206
13_626_530,39.100002,45.062023,5.962021,0.1875,432,2304,0.15248135,0.132307
0_263_688,80.1,92.31325,12.213246,0.3259548611111111,751,2304,0.15247498,0.13230221
0_168_387,70.200005,80.90269,10.702689,0.2378472222222222,548,2304,0.15245995,0.1322909
3_754_316,76.67,88.35807,11.688069,0.23828125,549,2304,0.15244645,0.13228072
0_188_194,52.04,59.97247,7.93247,0.2708333333333333,624,2304,0.15243024,0.13226852
3_721_448,44.02,50.72652,6.7065206,0.2065972222222222,476,2304,0.15235166,0.13220936
13_310_195,40.87,47.09623,6.2262287,0.2322048611111111,535,2304,0.15234227,0.13220228
16_323_93,43.16,49.733845,6.573844,0.24913194444444445,574,2304,0.15231335,0.1321805
0_860_644,58.4,67.29488,8.894885,0.2404513888888889,554,2304,0.15230967,0.13217773
0_567_746,43.8,50.466988,6.6669874,0.2630208333333333,606,2304,0.15221433,0.13210592
0_555_259,44.9,51.73237,6.8323674,0.21223958333333334,489,2304,0.15216853,0.13207142
6_541_491,60.97,70.24626,9.27626,0.21571180555555555,497,2304,0.15214467,0.13205343
3_429_591,60.510002,69.71299,9.20299,0.2599826388888889,599,2304,0.15209039,0.13201255
0_167_6,99.8,114.972885,15.172883,0.2756076388888889,635,2304,0.1520329,0.13196923
16_563_774,47.670002,54.916874,7.2468715,0.22526041666666666,519,2304,0.15202163,0.13196075
16_565_634,61.84,71.23998,9.399985,0.2907986111111111,670,2304,0.15200494,0.13194817
0_197_216,50.9,58.636635,7.736632,0.2417534722222222,557,2304,0.15199669,0.13194194
0_118_563,50.34,57.991173,7.6511717,0.2703993055555556,623,2304,0.1519899,0.13193683
0_129_212,57.170002,65.85558,8.685581,0.2287326388888889,527,2304,0.1519255,0.1318883
16_279_500,42.3,48.72482,6.424819,0.18663194444444445,430,2304,0.15188697,0.13185927
0_446_220,51.0,58.74522,7.745219,0.2578125,594,2304,0.15186705,0.13184425
0_583_500,50.170002,57.788734,7.6187353,0.22960069444444445,529,2304,0.15185837,0.13183773
0_452_686,45.4,52.293537,6.893535,0.2938368055555556,677,2304,0.15183997,0.13182384
0_182_16,59.7,68.76444,9.064439,0.1801215277777778,415,2304,0.15183315,0.1318187
11_666_647,46.100002,53.09458,6.994582,0.12630208333333334,291,2304,0.15172629,0.13173816
0_562_93,53.97,62.156593,8.18659,0.2947048611111111,679,2304,0.15168779,0.13170911
0_74_627,51.9,59.766605,7.866605,0.2387152777777778,550,2304,0.15157235,0.13162208
0_201_806,55.5,63.911713,8.411714,0.1853298611111111,427,2304,0.15156241,0.13161458
0_192_783,87.3,100.528595,13.228593,0.19140625,441,2304,0.15153027,0.13159035
4_356_740,82.0,94.42535,12.425342,0.3103298611111111,715,2304,0.15152855,0.13158906
12_387_716,47.9,55.156994,7.256994,0.21484375,495,2304,0.151503,0.13156979
0_19_500,58.8,67.70694,8.906937,0.2513020833333333,579,2304,0.15147851,0.13155131
1_30_579,41.760002,48.080227,6.3202257,0.17317708333333334,399,2304,0.1513464,0.13145167
11_651_834,119.5,137.5816,18.081608,0.3294270833333333,759,2304,0.15131052,0.1314246
0_8_291,40.670002,46.82352,6.153519,0.2829861111111111,652,2304,0.15130363,0.1314194
4_306_740,80.1,92.216705,12.1167,0.2907986111111111,670,2304,0.15126967,0.13139376
6_493_306,44.12,50.788605,6.6686025,0.2322048611111111,535,2304,0.15114693,0.13130115
0_209_250,61.210003,70.46032,9.250316,0.2669270833333333,615,2304,0.15112425,0.13128404
12_458_11,57.100002,65.72788,8.627885,0.24088541666666666,555,2304,0.1511013,0.13126674
0_135_746,46.3,53.29574,6.995738,0.2517361111111111,580,2304,0.15109585,0.13126262
0_461_600,114.8,132.13579,17.33578,0.4262152777777778,982,2304,0.15100853,0.1311967
0_34_250,60.98,70.18166,9.20166,0.2881944444444444,664,2304,0.15089637,0.13111202
0_750_7,39.600002,45.571663,5.971663,0.20833333333333334,480,2304,0.15079956,0.13103895
0_307_79,45.0,51.785748,6.785746,0.2586805555555556,596,2304,0.15079436,0.13103501
0_19_768,43.8,50.404343,6.604342,0.15755208333333334,363,2304,0.15078406,0.13102724
3_712_339,97.98,112.752075,14.772075,0.2964409722222222,683,2304,0.15076622,0.13101377
4_848_638,56.3,64.787575,8.487577,0.23133680555555555,533,2304,0.15075625,0.13100626
0_581_9,40.9,47.06175,6.1617484,0.15711805555555555,362,2304,0.15065399,0.13092902
15_456_6,47.5,54.653893,7.153893,0.18098958333333334,417,2304,0.15060827,0.13089448
13_702_583,49.2,56.60946,7.4094596,0.2534722222222222,584,2304,0.15059876,0.1308873
0_521_310,44.77,51.511806,6.7418075,0.26171875,603,2304,0.15058762,0.13087888
16_607_116,102.11,117.48507,15.375071,0.2643229166666667,609,2304,0.1505736,0.1308683
0_221_23,45.530003,52.3798,6.8497972,0.17881944444444445,412,2304,0.15044579,0.13077174
0_131_249,50.63,58.24431,7.6143064,0.2426215277777778,559,2304,0.15039119,0.13073048
7_71_221,48.8,56.137486,7.3374844,0.2404513888888889,554,2304,0.15035829,0.13070561
0_151_556,61.2,70.400734,9.200732,0.2907986111111111,670,2304,0.15033875,0.13069086
0_260_122,60.18,69.22739,9.047385,0.2222222222222222,512,2304,0.15033874,0.13069084
7_861_112,50.9,58.550392,7.650391,0.1974826388888889,455,2304,0.15030238,0.13066337
0_284_216,46.3,53.257847,6.9578476,0.25,576,2304,0.1502775,0.13064456
0_186_473,41.5,47.73405,6.2340484,0.2348090277777778,541,2304,0.15021804,0.1305996
0_488_644,58.9,67.747574,8.847569,0.2191840277777778,505,2304,0.1502134,0.1305961
0_640_843,61.06,70.23159,9.17159,0.17447916666666666,402,2304,0.15020618,0.13059066
0_494_554,89.26,102.665115,13.405114,0.2921006944444444,673,2304,0.15018053,0.13057126
0_237_26,73.880005,84.971306,11.091301,0.2673611111111111,616,2304,0.15012588,0.13052996
16_565_364,41.8,48.07421,6.2742114,0.1870659722222222,431,2304,0.15010075,0.13051096
0_174_212,44.3,50.947567,6.6475663,0.2191840277777778,505,2304,0.15005793,0.13047858
0_118_216,88.3,101.54512,13.245121,0.2504340277777778,577,2304,0.15000136,0.13043582
0_750_121,47.600002,54.738667,7.138664,0.2035590277777778,469,2304,0.14997192,0.13041355
0_282_136,40.9,47.032063,6.132062,0.2013888888888889,464,2304,0.14992815,0.13038047
13_407_579,43.18,49.652046,6.4720435,0.1896701388888889,437,2304,0.1498852,0.13034797
0_140_496,55.33,63.621128,8.291129,0.3046875,702,2304,0.1498487,0.13032037
0_242_257,41.420002,47.62567,6.2056723,0.1440972222222222,332,2304,0.14982308,0.130301
12_620_631,67.15,77.20029,10.050283,0.2855902777777778,658,2304,0.14966914,0.13018453
0_58_822,41.54,47.756878,6.216878,0.19791666666666666,456,2304,0.14966004,0.13017765
3_889_310,44.8,51.504364,6.7043633,0.24913194444444445,574,2304,0.14965098,0.13017078
0_137_7,45.5,52.306927,6.806927,0.2682291666666667,618,2304,0.1496028,0.13013433
0_790_250,70.37,80.89395,10.5239525,0.2821180555555556,650,2304,0.14955169,0.13009566
16_573_559,43.600002,50.119408,6.5194087,0.22916666666666666,528,2304,0.14952771,0.13007753
12_876_802,114.200005,131.27264,17.072649,0.23046875,531,2304,0.14949779,0.13005489
13_759_521,73.98,85.03419,11.054189,0.3203125,738,2304,0.1494213,0.129997
0_235_592,40.39,46.42441,6.0344105,0.24131944444444445,556,2304,0.14940357,0.12998356
0_595_686,48.8,56.088562,7.288563,0.2465277777777778,568,2304,0.1493558,0.1299474
0_578_774,47.7,54.823364,7.1233625,0.20399305555555555,470,2304,0.14933674,0.12993297
11_687_291,53.58,61.578228,7.998227,0.3033854166666667,699,2304,0.14927635,0.12988725
6_495_217,42.5,48.844135,6.3441353,0.2230902777777778,514,2304,0.14927377,0.1298853
6_541_728,54.0,62.06019,8.060189,0.24348958333333334,561,2304,0.14926277,0.12987697
16_765_93,41.760002,47.991512,6.23151,0.2170138888888889,500,2304,0.14922197,0.1298461
0_193_194,79.1,90.90059,11.800587,0.26171875,603,2304,0.14918567,0.12981859
15_737_218,39.61,45.512043,5.902044,0.1796875,414,2304,0.14900388,0.12968093
13_590_4,56.7,65.14671,8.446711,0.1579861111111111,364,2304,0.14897196,0.12965675
0_758_596,120.700005,138.67998,17.979979,0.3515625,810,2304,0.1489642,0.12965086
3_845_580,65.8,75.60172,9.801723,0.1935763888888889,446,2304,0.14896235,0.12964946
16_340_93,43.81,50.33461,6.5246086,0.2243923611111111,517,2304,0.14892966,0.1296247
0_621_54,39.83,45.76122,5.931218,0.2890625,666,2304,0.14891332,0.12961233
0_309_670,41.3,47.44885,6.1488466,0.2026909722222222,467,2304,0.1488825,0.12958895
0_119_740,72.3,83.05851,10.75851,0.3116319444444444,718,2304,0.14880373,0.12952928
16_503_219,49.100002,56.400845,7.3008423,0.2109375,486,2304,0.14869332,0.12944561
0_93_715,50.57,58.089127,7.5191264,0.22786458333333334,525,2304,0.1486875,0.1294412
0_212_496,53.54,61.500206,7.960204,0.2986111111111111,688,2304,0.14867769,0.12943378
5_7_351,47.190002,54.20522,7.015217,0.2725694444444444,628,2304,0.14865896,0.12941958
6_498_635,47.3,54.32814,7.0281386,0.22005208333333334,507,2304,0.14858644,0.12936461
0_263_806,87.8,100.84543,13.045424,0.2569444444444444,592,2304,0.14858113,0.12936059
0_420_452,44.600002,51.226112,6.626111,0.3402777777777778,784,2304,0.1485675,0.12935026
13_700_461,47.370003,54.406208,7.036208,0.24739583333333334,570,2304,0.14853722,0.1293273
2_45_270,46.8,53.749893,6.9498935,0.17578125,405,2304,0.148502,0.1293006
0_253_600,117.8,135.27864,17.478643,0.3880208333333333,894,2304,0.14837557,0.12920475
12_275_6,74.4,85.43884,11.038843,0.22786458333333334,525,2304,0.14837155,0.1292017
0_530_38,49.3,56.612984,7.312983,0.2209201388888889,509,2304,0.14833637,0.12917502
10_3_740,113.0,129.75912,16.759129,0.3572048611111111,823,2304,0.14831087,0.12915568
0_289_370,48.5,55.692448,7.1924467,0.2816840277777778,649,2304,0.14829788,0.12914582
6_618_515,50.62,58.126396,7.506394,0.26171875,603,2304,0.1482891,0.12913916
16_503_588,47.100002,54.084404,6.984405,0.14539930555555555,335,2304,0.14828885,0.12913899
16_331_481,41.97,48.189594,6.219595,0.2170138888888889,500,2304,0.14819144,0.1290651
12_249_634,60.08,68.97718,8.897179,0.3051215277777778,703,2304,0.14808886,0.12898728
7_75_350,57.9,66.47405,8.574053,0.2903645833333333,669,2304,0.1480838,0.12898345
0_890_291,72.17,82.85688,10.686876,0.3385416666666667,780,2304,0.14807922,0.12897995
0_181_258,48.600002,55.796185,7.196185,0.21180555555555555,488,2304,0.14806965,0.12897271
0_1_374,50.2,57.63289,7.4328876,0.21571180555555555,497,2304,0.14806549,0.12896955
0_679_222,40.8,46.839314,6.0393143,0.26171875,603,2304,0.14802241,0.12893687
0_580_41,103.75,119.10604,15.356039,0.21571180555555555,497,2304,0.14801002,0.12892745
3_768_860,59.420002,68.21324,8.793241,0.2165798611111111,499,2304,0.14798452,0.12890811
13_798_599,53.5,61.415035,7.9150352,0.2269965277777778,523,2304,0.14794458,0.1288778
6_507_11,43.9,50.39447,6.4944706,0.16710069444444445,385,2304,0.14793782,0.12887268
12_484_145,47.81,54.87957,7.0695677,0.2690972222222222,620,2304,0.14786796,0.12881966
3_113_310,49.23,56.50154,7.271541,0.2960069444444444,682,2304,0.1477055,0.12869634
3_809_732,41.5,47.629272,6.129273,0.13975694444444445,322,2304,0.14769332,0.1286871
16_276_686,43.100002,49.465153,6.365151,0.2751736111111111,634,2304,0.14768331,0.1286795
0_209_634,42.61,48.901424,6.2914243,0.2643229166666667,609,2304,0.14765136,0.12865524
0_426_719,49.27,56.542583,7.2725806,0.3103298611111111,715,2304,0.14760667,0.1286213
8_14_580,73.3,84.117714,10.81771,0.2821180555555556,650,2304,0.14758131,0.12860204
0_234_6,76.98,88.3395,11.359503,0.2048611111111111,472,2304,0.14756434,0.12858917
0_148_60,40.4,46.360424,5.9604216,0.2309027777777778,532,2304,0.14753518,0.12856703
9_54_394,48.49,55.643578,7.1535783,0.2643229166666667,609,2304,0.14752688,0.12856072
0_152_6,69.3,79.5233,10.223296,0.18836805555555555,434,2304,0.1475223,0.12855724
0_877_41,106.5,122.21085,15.710849,0.2439236111111111,562,2304,0.14751971,0.12855527
3_770_294,40.71,46.715343,6.005343,0.20052083333333334,462,2304,0.14751518,0.12855183
0_188_16,53.7,61.621166,7.921166,0.2682291666666667,618,2304,0.14750774,0.1285462
11_293_634,42.88,49.204124,6.3241253,0.2721354166666667,627,2304,0.14748426,0.12852836
3_803_666,45.100002,51.75146,6.651461,0.20008680555555555,461,2304,0.1474825,0.12852702
12_227_291,54.39,62.410645,8.020644,0.2751736111111111,634,2304,0.14746542,0.12851404
0_255_825,43.8,50.258728,6.4587283,0.2495659722222222,575,2304,0.14745955,0.12850958
4_849_190,68.770004,78.90765,10.137653,0.2612847222222222,602,2304,0.14741388,0.1284749
13_656_522,51.86,59.504704,7.644703,0.2634548611111111,607,2304,0.1474104,0.12847224
3_127_834,70.4,80.77621,10.376204,0.3003472222222222,692,2304,0.14738925,0.12845619
2_48_402,55.8,64.02397,8.223967,0.2894965277777778,667,2304,0.14738292,0.12845136
0_822_60,45.280003,51.95246,6.672459,0.2647569444444444,610,2304,0.14735995,0.12843394
11_533_6,56.64,64.98449,8.344484,0.2599826388888889,599,2304,0.14732493,0.12840733
0_194_321,44.91,51.525085,6.6150837,0.19661458333333334,453,2304,0.14729646,0.1283857
0_628_810,95.54,109.60999,14.06999,0.2816840277777778,649,2304,0.14726806,0.12836412
0_436_802,81.5,93.49873,11.998734,0.1697048611111111,391,2304,0.14722374,0.12833045
0_446_16,42.3,48.52718,6.2271776,0.22526041666666666,519,2304,0.1472146,0.1283235
12_299_763,46.850002,53.744884,6.8948836,0.1948784722222222,449,2304,0.14716934,0.12828912
13_776_112,57.0,65.38812,8.388121,0.2339409722222222,539,2304,0.14716001,0.12828203
0_860_6,65.9,75.597275,9.697271,0.1896701388888889,437,2304,0.1471513,0.12827541
3_726_177,44.45,50.99038,6.54038,0.1935763888888889,446,2304,0.14714016,0.12826695
0_74_16,47.98,55.03867,7.058667,0.22005208333333334,507,2304,0.14711687,0.12824923
0_378_233,39.87,45.73502,5.8650184,0.2222222222222222,512,2304,0.14710355,0.12823911
0_314_213,42.58,48.84215,6.2621527,0.2634548611111111,607,2304,0.14706793,0.12821205
0_467_79,41.14,47.187893,6.047891,0.21614583333333334,498,2304,0.14700757,0.12816617
0_580_19,107.23,122.98835,15.758349,0.3151041666666667,726,2304,0.1469584,0.1281288
1_65_458,57.010002,65.38673,8.376725,0.2608506944444444,601,2304,0.1469343,0.12811048
13_643_791,51.7,59.296375,7.596373,0.2786458333333333,642,2304,0.14693178,0.12810856
0_34_345,52.57,60.291637,7.7216353,0.3111979166666667,717,2304,0.14688292,0.12807141
12_124_357,41.82,47.961594,6.141594,0.2131076388888889,491,2304,0.14685781,0.12805234
0_56_41,81.590004,93.56617,11.976166,0.18489583333333334,426,2304,0.14678472,0.12799676
1_123_522,41.87,48.013706,6.1437073,0.2643229166666667,609,2304,0.14673293,0.12795736
11_533_740,92.9,106.52564,13.62564,0.3797743055555556,875,2304,0.14666997,0.12790948
0_678_321,39.57,45.373318,5.803317,0.22526041666666666,519,2304,0.14665952,0.12790154
0_193_515,56.07,64.28786,8.217856,0.21744791666666666,501,2304,0.14656423,0.12782906
16_519_363,46.4,53.197678,6.797676,0.1723090277777778,397,2304,0.14650163,0.12778145
6_122_300,188.34,215.91455,27.574547,0.4197048611111111,967,2304,0.14640835,0.12771046
6_514_122,76.86,88.11269,11.252689,0.2730034722222222,629,2304,0.14640501,0.12770793
12_620_634,54.65,62.64895,7.9989467,0.22960069444444445,529,2304,0.14636682,0.12767887
0_241_220,40.4,46.31102,5.9110184,0.2300347222222222,530,2304,0.14631233,0.1276374
6_473_611,81.8,93.767395,11.967393,0.2703993055555556,623,2304,0.14630064,0.1276285
0_164_93,43.4,49.748543,6.348542,0.2786458333333333,642,2304,0.14627977,0.12761262
3_768_377,58.8,67.39833,8.598329,0.2508680555555556,578,2304,0.14623009,0.1275748
0_411_16,66.200005,75.87989,9.679892,0.2209201388888889,509,2304,0.14622192,0.1275686
16_503_381,85.9,98.459305,12.5593,0.30859375,711,2304,0.14620839,0.12755829
0_578_686,44.2,50.66079,6.4607882,0.2183159722222222,503,2304,0.14617167,0.12753035
0_255_500,46.9,53.75531,6.855307,0.2209201388888889,509,2304,0.14616859,0.127528
0_577_200,60.3,69.11348,8.8134775,0.20225694444444445,466,2304,0.1461605,0.12752183
0_191_212,44.100002,50.54466,6.444657,0.1762152777777778,406,2304,0.14613734,0.12750421
12_252_11,43.2,49.51311,6.313111,0.2152777777777778,496,2304,0.14613682,0.12750383
16_278_261,60.690002,69.55671,8.866712,0.2682291666666667,618,2304,0.14609839,0.12747458
0_439_473,43.2,49.508163,6.308162,0.2282986111111111,526,2304,0.14602228,0.12741661
0_860_26,50.25,57.58746,7.3374577,0.21006944444444445,484,2304,0.14601906,0.12741415
7_75_678,77.3,88.586914,11.286913,0.31640625,729,2304,0.14601439,0.1274106
12_64_99,51.82,59.3799,7.5598993,0.2248263888888889,518,2304,0.14588767,0.1273141
11_624_150,45.74,52.410637,6.6706357,0.21875,504,2304,0.14583811,0.12727638
0_654_670,46.9,53.73927,6.8392696,0.2113715277777778,487,2304,0.14582664,0.12726763
0_179_473,47.0,53.850746,6.850744,0.2191840277777778,505,2304,0.1457605,0.12721725
12_451_699,39.9,45.715134,5.815131,0.2703993055555556,623,2304,0.14574262,0.12720363
16_501_11,52.5,60.150093,7.6500936,0.2556423611111111,589,2304,0.14571607,0.12718341
16_546_291,65.3,74.81359,9.513587,0.2947048611111111,679,2304,0.14569046,0.12716389
0_562_222,50.600002,57.97079,7.370788,0.2777777777777778,640,2304,0.14566775,0.12714659
3_709_860,88.240005,101.08113,12.841132,0.26953125,621,2304,0.14552507,0.12703788
16_519_6,45.38,51.982765,6.602764,0.24609375,567,2304,0.14549942,0.12701833
13_682_381,110.8,126.92093,16.120924,0.23046875,531,2304,0.1454957,0.12701549
0_471_793,51.88,59.423573,7.5435715,0.2105034722222222,485,2304,0.14540423,0.12694578
14_69_386,93.6,107.20053,13.600533,0.3111979166666667,717,2304,0.14530484,0.12687
12_384_596,82.700005,94.71533,12.015327,0.3389756944444444,781,2304,0.14528811,0.12685727
0_856_496,51.8,59.324898,7.524897,0.23828125,549,2304,0.14526829,0.12684214
12_207_291,84.22,96.45039,12.23039,0.3125,720,2304,0.14521953,0.12680498
15_742_749,66.4,76.04154,9.64154,0.2708333333333333,624,2304,0.1452039,0.12679306
0_238_217,40.3,46.150696,5.850694,0.23350694444444445,538,2304,0.14517851,0.1267737
0_128_578,89.8,102.836624,13.036622,0.234375,540,2304,0.14517397,0.12677023
0_168_58,54.010002,61.85048,7.840478,0.2708333333333333,624,2304,0.14516714,0.12676503
11_672_194,66.630005,76.30081,9.670809,0.2955729166666667,681,2304,0.14514194,0.12674582
16_410_296,56.45,64.64003,8.190027,0.2608506944444444,601,2304,0.14508462,0.1267021
11_20_839,41.2,47.175507,5.975505,0.1801215277777778,415,2304,0.14503652,0.12666541
0_487_26,49.54,56.72261,7.1826105,0.2400173611111111,553,2304,0.14498608,0.12662694
5_734_11,63.9,73.16333,9.263332,0.23524305555555555,542,2304,0.14496608,0.12661168
0_181_93,49.07,56.183365,7.113365,0.2647569444444444,610,2304,0.14496362,0.12660982
0_154_374,51.870003,59.388004,7.518004,0.1684027777777778,388,2304,0.14493933,0.1265913
3_802_125,53.41,61.149246,7.739245,0.2144097222222222,494,2304,0.14490254,0.1265632
0_291_140,52.2,59.7629,7.5629005,0.2326388888888889,536,2304,0.14488316,0.12654841
16_545_93,59.22,67.79606,8.57606,0.2651909722222222,611,2304,0.14481695,0.12649792
0_131_452,61.8,70.74861,8.94861,0.30078125,693,2304,0.14479952,0.1264846
4_328_631,58.09,66.50006,8.410061,0.2300347222222222,530,2304,0.14477639,0.12646696
0_647_793,50.4,57.69588,7.2958817,0.17881944444444445,412,2304,0.14475955,0.12645411
12_440_596,49.9,57.122246,7.222245,0.2439236111111111,562,2304,0.14473437,0.12643489
4_830_631,55.43,63.45241,8.02241,0.2842881944444444,655,2304,0.14473048,0.12643193
0_166_638,51.04,58.426987,7.386985,0.2864583333333333,660,2304,0.14472933,0.12643105
14_457_201,61.2,70.054016,8.854017,0.22916666666666666,528,2304,0.14467348,0.12638843
3_835_784,39.3,44.985565,5.685565,0.17317708333333334,399,2304,0.14467087,0.12638643
0_373_190,55.56,63.597248,8.037249,0.19053819444444445,439,2304,0.1446589,0.1263773
12_462_476,67.85,77.662796,9.812795,0.23350694444444445,538,2304,0.14462483,0.1263513
5_16_707,52.8,60.4354,7.6353974,0.2361111111111111,544,2304,0.14460981,0.12633982
0_233_554,57.77,66.12348,8.353478,0.21397569444444445,493,2304,0.1445989,0.1263315
1_33_64,51.93,59.436207,7.506206,0.19791666666666666,456,2304,0.14454469,0.12629013
0_215_212,52.57,60.167786,7.5977836,0.1953125,450,2304,0.14452699,0.1262766
16_543_634,59.06,67.59287,8.532868,0.3094618055555556,713,2304,0.14447796,0.12623918
1_381_815,45.97,52.610588,6.6405854,0.22786458333333334,525,2304,0.14445476,0.12622146
0_556_58,55.190002,63.158333,7.968332,0.2465277777777778,568,2304,0.14437999,0.12616438
0_200_627,50.4,57.672188,7.2721877,0.1623263888888889,374,2304,0.14428943,0.12609524
0_159_71,141.90001,162.36955,20.469543,0.3207465277777778,739,2304,0.1442533,0.12606762
0_209_768,47.5,54.35138,6.8513775,0.1762152777777778,406,2304,0.14423953,0.1260571
6_493_422,46.0,52.63458,6.634579,0.2144097222222222,494,2304,0.14422998,0.12604982
16_360_554,52.88,60.503048,7.6230454,0.2421875,558,2304,0.14415744,0.1259944
0_67_23,46.940002,53.70458,6.764578,0.2026909722222222,467,2304,0.14411116,0.12595905
5_894_683,43.7,49.995644,6.295643,0.20008680555555555,461,2304,0.14406505,0.12592383
12_460_560,39.88,45.62428,5.7442794,0.2348090277777778,541,2304,0.1440391,0.12590401
12_342_810,47.02,53.792442,6.77244,0.16796875,387,2304,0.14403318,0.12589946
13_629_531,113.200005,129.50145,16.30145,0.3376736111111111,778,2304,0.14400575,0.12587851
0_551_38,47.5,54.3367,6.836701,0.23958333333333334,552,2304,0.14393054,0.12582105
12_483_699,52.2,59.713085,7.513085,0.3155381944444444,727,2304,0.14392883,0.12581974
0_257_26,53.07,60.706806,7.636807,0.234375,540,2304,0.14390065,0.1257982
0_2_670,49.7,56.851532,7.1515317,0.2048611111111111,472,2304,0.143894,0.12579313
0_678_295,43.74,50.03256,6.292557,0.2712673611111111,625,2304,0.14386274,0.12576924
0_115_500,66.62,76.20344,9.583437,0.22743055555555555,524,2304,0.14385225,0.12576121
16_296_11,41.4,47.354733,5.9547315,0.2204861111111111,508,2304,0.14383408,0.12574734
3_766_294,47.600002,54.445248,6.845248,0.2287326388888889,527,2304,0.14380772,0.12572719
0_273_638,55.98,64.02962,8.049614,0.2465277777777778,568,2304,0.14379446,0.12571704
0_744_414,46.97,53.722992,6.75299,0.21875,504,2304,0.1437724,0.12570018
0_210_291,51.54,58.94874,7.408739,0.2712673611111111,625,2304,0.14374736,0.12568104
16_598_422,42.4,48.494167,6.094167,0.2326388888888889,536,2304,0.14373036,0.12566805
6_893_381,65.3,74.68188,9.381877,0.2521701388888889,581,2304,0.14367345,0.12562455
0_423_58,52.47,60.004505,7.5345035,0.2556423611111111,589,2304,0.14359641,0.12556563
16_355_578,48.45,55.40662,6.956619,0.17708333333333334,408,2304,0.14358346,0.12555574
0_468_644,52.4,59.92034,7.520341,0.22178819444444445,511,2304,0.14351796,0.12550564
12_377_672,47.98,54.865475,6.8854723,0.1818576388888889,419,2304,0.14350714,0.12549736
0_692_554,92.18,105.40792,13.22792,0.2769097222222222,638,2304,0.14350097,0.12549265
16_103_699,47.7,54.54199,6.8419857,0.24522569444444445,565,2304,0.14343785,0.12544438
0_758_12,39.07,44.67399,5.6039867,0.2191840277777778,505,2304,0.14343452,0.12544183
12_316_363,58.3,66.66164,8.361636,0.2109375,486,2304,0.14342429,0.12543401
4_389_342,41.08,46.971737,5.891738,0.24522569444444445,565,2304,0.14342107,0.12543155
0_877_12,41.3,47.220512,5.92051,0.23741319444444445,547,2304,0.14335375,0.12538004
2_48_272,76.1,87.00853,10.908526,0.29296875,675,2304,0.14334464,0.12537307
12_376_381,85.6,97.87018,12.270178,0.2443576388888889,563,2304,0.1433432,0.12537198
0_104_415,39.06,44.658775,5.5987744,0.23524305555555555,542,2304,0.1433378,0.12536785
3_800_200,44.64,51.036087,6.3960853,0.2326388888888889,536,2304,0.14328147,0.12532476
0_621_216,48.32,55.243237,6.9232345,0.19140625,441,2304,0.14327887,0.12532276
16_565_351,72.04,82.354904,10.314902,0.2647569444444444,610,2304,0.14318298,0.1252494
15_509_122,40.9,46.75587,5.855869,0.18446180555555555,425,2304,0.14317527,0.1252435
12_225_99,40.03,45.76075,5.7307487,0.2109375,486,2304,0.14316136,0.12523285
16_576_191,177.2,202.56528,25.365274,0.3585069444444444,826,2304,0.14314489,0.12522025
16_573_688,54.2,61.958363,7.758362,0.2517361111111111,580,2304,0.1431432,0.12521896
12_357_207,66.05,75.50422,9.454218,0.2230902777777778,514,2304,0.14313728,0.12521443
0_382_18,61.34,70.11583,8.775829,0.24609375,567,2304,0.14306863,0.12516189
12_320_763,92.35,105.55729,13.207291,0.28515625,657,2304,0.14301343,0.12511964
5_16_474,42.0,48.004883,6.004883,0.1857638888888889,428,2304,0.1429734,0.125089
0_194_26,79.55,90.923,11.372996,0.2517361111111111,580,2304,0.14296664,0.12508383
13_637_392,50.06,57.216805,7.1568046,0.2309027777777778,532,2304,0.14296453,0.12508221
15_79_387,41.2,47.089687,5.889685,0.17317708333333334,399,2304,0.14295352,0.12507378
13_690_4,76.700005,87.664314,10.964314,0.1701388888888889,392,2304,0.14295064,0.12507159
13_774_272,74.57,85.22951,10.659505,0.2799479166666667,645,2304,0.14294629,0.12506825
5_427_363,56.99,65.133865,8.143868,0.22569444444444445,520,2304,0.14289995,0.12503278
12_453_699,41.3,47.197685,5.8976836,0.20703125,477,2304,0.14280106,0.124957055
0_235_257,54.3,62.052273,7.75227,0.1853298611111111,427,2304,0.14276741,0.12493128
0_535_822,42.68,48.7733,6.0932994,0.26953125,621,2304,0.14276709,0.124931045
12_516_845,83.859,95.831184,11.97218,0.2834201388888889,653,2304,0.1427656,0.1249299
0_145_768,63.300003,72.33433,9.034325,0.25,576,2304,0.14272234,0.12489678
12_424_181,60.960003,69.6597,8.699701,0.2526041666666667,582,2304,0.14271162,0.124888584
0_145_806,66.68,76.19401,9.5140085,0.19444444444444445,448,2304,0.14268158,0.12486558
0_197_6,99.3,113.465645,14.165646,0.2569444444444444,592,2304,0.14265503,0.12484524
0_137_499,39.97,45.671806,5.701804,0.18663194444444445,430,2304,0.1426521,0.12484297
3_727_200,48.440002,55.346695,6.9066935,0.21397569444444445,493,2304,0.14258243,0.124789625
16_732_422,52.5,59.983116,7.4831147,0.22135416666666666,510,2304,0.14253552,0.124753684
0_182_411,82.8,94.59743,11.797425,0.1740451388888889,401,2304,0.14248097,0.1247119
7_862_320,51.760002,59.13337,7.37337,0.2222222222222222,512,2304,0.14245304,0.12469051
0_95_411,55.0,62.83057,7.8305707,0.14973958333333334,345,2304,0.14237401,0.124629945
0_744_670,40.9,46.720623,5.820623,0.171875,396,2304,0.14231351,0.12458359
0_240_144,49.39,56.415413,7.025411,0.21744791666666666,501,2304,0.1422436,0.124529995
14_80_191,197.7,225.81601,28.116013,0.3845486111111111,886,2304,0.14221555,0.1245085
0_554_829,56.670002,64.7287,8.058697,0.22526041666666666,519,2304,0.14220393,0.1244996
0_471_321,43.74,49.959484,6.2194834,0.1931423611111111,445,2304,0.14219211,0.124490544
0_175_306,40.75,46.53741,5.7874107,0.2165798611111111,499,2304,0.14202236,0.1243604
0_635_634,41.13,46.970375,5.8403726,0.22916666666666666,528,2304,0.14199787,0.12434162
0_229_598,41.7,47.619843,5.919843,0.21354166666666666,492,2304,0.14196266,0.12431463
5_16_491,39.850002,45.506893,5.6568923,0.22960069444444445,529,2304,0.14195463,0.124308474
5_6_650,39.36,44.945858,5.585856,0.19010416666666666,438,2304,0.14191706,0.12427966
13_817_307,45.7,52.182854,6.482853,0.25390625,585,2304,0.14185673,0.124233395
3_770_456,47.74,54.511856,6.7718544,0.22395833333333334,516,2304,0.14184864,0.12422718
0_648_793,42.07,48.03656,5.966561,0.2035590277777778,469,2304,0.1418246,0.12420875
0_307_207,122.200005,139.52934,17.329344,0.3368055555555556,776,2304,0.14181133,0.12419856
6_534_115,45.780003,52.269844,6.489843,0.1779513888888889,410,2304,0.14176153,0.124160364
0_822_634,58.15,66.39169,8.241693,0.3055555555555556,704,2304,0.14173159,0.12413741
0_151_688,67.4,76.94753,9.54753,0.2764756944444444,637,2304,0.14165474,0.124078445
0_178_707,45.5,51.944935,6.4449353,0.20399305555555555,470,2304,0.14164694,0.12407245
0_806_38,81.6,93.157166,11.557162,0.2990451388888889,689,2304,0.14163189,0.12406091
0_647_774,76.08,86.851,10.770993,0.2703993055555556,623,2304,0.14157456,0.12401692
3_784_834,115.5,131.85107,16.351076,0.3355034722222222,773,2304,0.14156775,0.1240117
0_452_138,41.4,47.26018,5.86018,0.19921875,459,2304,0.14155023,0.123998255
16_504_191,168.0,191.77911,23.779102,0.3797743055555556,875,2304,0.14154227,0.12399214
12_320_600,114.1,130.24725,16.147245,0.4197048611111111,967,2304,0.14151837,0.12397379
16_527_719,43.93,50.142128,6.2121253,0.2322048611111111,535,2304,0.14140964,0.12389034
0_426_834,180.40001,205.90967,25.509659,0.3585069444444444,826,2304,0.14140609,0.12388762
12_876_115,52.95,60.436382,7.48638,0.1870659722222222,431,2304,0.14138584,0.12387208
7_75_573,51.600002,58.8954,7.2953987,0.2990451388888889,689,2304,0.1413837,0.12387043
1_31_579,48.4,55.241573,6.841572,0.2204861111111111,508,2304,0.14135478,0.123848245
0_34_58,51.06,58.274693,7.21469,0.2565104166666667,591,2304,0.14129828,0.12380486
1_25_535,119.48,136.35742,16.877413,0.3016493055555556,695,2304,0.14125721,0.12377334
0_41_41,150.98,172.30344,21.323435,0.2504340277777778,577,2304,0.1412335,0.123755135
0_199_429,42.100002,48.04502,5.9450207,0.22786458333333334,525,2304,0.14121188,0.123738535
11_687_293,46.07,52.57524,6.5052395,0.2586805555555556,596,2304,0.14120337,0.12373199
0_151_608,39.45,45.0204,5.5704007,0.2378472222222222,548,2304,0.14120154,0.123730585
12_636_763,57.84,66.0058,8.165794,0.2387152777777778,550,2304,0.14117901,0.12371329
0_314_600,111.9,127.68376,15.783763,0.3389756944444444,781,2304,0.1410524,0.123616055
11_651_596,94.9,108.284325,13.384323,0.3185763888888889,734,2304,0.14103606,0.123603515
0_378_764,63.27,72.1909,8.920902,0.19010416666666666,438,2304,0.14099735,0.12357377
0_59_190,78.78,89.887436,11.107434,0.2482638888888889,572,2304,0.14099307,0.12357049
0_489_473,45.3,51.683155,6.3831525,0.23177083333333334,534,2304,0.14090845,0.12350547
12_227_848,41.07,46.856407,5.786407,0.21397569444444445,493,2304,0.14089133,0.12349233
12_344_638,56.2,64.11547,7.9154725,0.2326388888888889,536,2304,0.1408447,0.123456515
0_438_19,156.1,178.08112,21.98111,0.3736979166666667,861,2304,0.14081427,0.12343313
0_671_487,45.27,51.644657,6.3746576,0.2248263888888889,518,2304,0.14081417,0.12343305
0_671_843,71.71,81.807755,10.097753,0.1970486111111111,454,2304,0.14081374,0.1234327
0_540_600,112.1,127.884995,15.784992,0.3780381944444444,871,2304,0.14081171,0.12343115
6_339_796,74.49,84.976814,10.4868145,0.20789930555555555,479,2304,0.1407815,0.12340795
13_585_269,57.5,65.59257,8.092569,0.16276041666666666,375,2304,0.14074033,0.12337632
0_144_473,56.0,63.876972,7.8769727,0.2265625,522,2304,0.14066023,0.123314746
0_578_127,52.34,59.70175,7.3617496,0.19791666666666666,456,2304,0.14065246,0.12330877
0_24_95,39.3,44.824978,5.524978,0.09461805555555555,218,2304,0.14058469,0.12325668
0_586_18,62.04,70.75875,8.718751,0.2365451388888889,545,2304,0.14053434,0.123217985
0_302_411,61.2,69.79911,8.599111,0.15494791666666666,357,2304,0.14050834,0.123197995
0_221_207,60.74,69.27426,8.534264,0.16015625,369,2304,0.14050484,0.123195305
16_170_194,59.8,68.19664,8.39664,0.2269965277777778,523,2304,0.14041203,0.12312395
11_505_291,65.950005,75.208916,9.258916,0.2795138888888889,644,2304,0.14039296,0.12310929
6_478_26,63.010002,71.85489,8.844884,0.2608506944444444,601,2304,0.1403727,0.123093694
11_505_422,64.4,73.4388,9.038797,0.2387152777777778,550,2304,0.140354,0.12307932
0_126_26,52.96,60.39139,7.4313912,0.2586805555555556,596,2304,0.14032084,0.12305382
3_809_125,59.600002,67.96088,8.360875,0.2565104166666667,591,2304,0.14028314,0.12302483
14_286_635,54.07,61.654694,7.5846934,0.2517361111111111,580,2304,0.14027545,0.12301891
6_474_683,60.4,68.87259,8.4725895,0.21354166666666666,492,2304,0.14027466,0.12301831
4_864_295,39.440002,44.96807,5.528071,0.2170138888888889,500,2304,0.14016406,0.122933246
11_602_635,105.39,120.161415,14.771413,0.2881944444444444,664,2304,0.14015953,0.12292975
0_452_93,40.940002,46.677204,5.737203,0.2443576388888889,563,2304,0.14013685,0.12291231
13_745_392,62.370003,71.108215,8.738214,0.2699652777777778,622,2304,0.14010282,0.12288613
3_106_403,58.93,67.185745,8.255745,0.2508680555555556,578,2304,0.14009409,0.122879416
0_131_515,73.840004,84.18122,10.341221,0.1918402777777778,442,2304,0.14004903,0.12284475
16_527_481,47.32,53.946976,6.6269746,0.2113715277777778,487,2304,0.14004596,0.12284237
6_369_749,49.52,56.454235,6.934234,0.21354166666666666,492,2304,0.14002895,0.122829296
6_474_810,67.590004,77.05114,9.461137,0.2769097222222222,638,2304,0.13997835,0.12279035
0_253_38,54.0,61.55874,7.558737,0.2300347222222222,530,2304,0.1399766,0.12278901
3_106_296,44.8,51.070465,6.2704644,0.2439236111111111,562,2304,0.13996573,0.12278064
16_572_291,87.310005,99.52738,12.217379,0.3064236111111111,706,2304,0.13993102,0.12275394
0_521_359,42.440002,48.376373,5.9363723,0.23828125,549,2304,0.13987681,0.122712225
0_885_416,44.010002,50.16596,6.155957,0.1987847222222222,458,2304,0.13987632,0.122711845
4_848_688,44.0,50.153263,6.1532626,0.18229166666666666,420,2304,0.13984688,0.12268918
3_889_399,42.12,48.00974,5.889737,0.21354166666666666,492,2304,0.13983232,0.12267797
14_457_686,60.4,68.84564,8.445644,0.3480902777777778,802,2304,0.13982855,0.122675076
12_64_707,43.3,49.354023,6.0540233,0.22352430555555555,515,2304,0.13981578,0.12266524
4_831_426,41.7,47.52979,5.8297877,0.21484375,495,2304,0.13980307,0.12265545
0_199_222,39.8,45.36355,5.563546,0.2578125,594,2304,0.1397876,0.12264354
12_299_716,51.100002,58.241947,7.1419477,0.18055555555555555,416,2304,0.13976413,0.1226255
12_90_363,66.37,75.64575,9.275748,0.24522569444444445,565,2304,0.13975814,0.12262087
5_6_201,47.510002,54.147377,6.637376,0.2165798611111111,499,2304,0.13970481,0.12257982
0_872_16,42.45,48.377983,5.9279833,0.15538194444444445,358,2304,0.13964625,0.12253474
12_264_845,68.11,77.61738,9.50738,0.2222222222222222,512,2304,0.1395886,0.12249035
15_895_293,42.260002,48.158623,5.8986206,0.2526041666666667,582,2304,0.13957928,0.122483164
12_251_296,76.44,87.109024,10.6690235,0.2573784722222222,593,2304,0.13957383,0.12247897
12_450_683,62.600002,71.3368,8.736794,0.2261284722222222,521,2304,0.13956541,0.12247247
0_155_250,48.96,55.789547,6.829548,0.2417534722222222,557,2304,0.1394924,0.122416265
0_298_414,45.32,51.638924,6.318923,0.22005208333333334,507,2304,0.13942902,0.12236744
16_524_740,44.9,51.15776,6.2577596,0.22569444444444445,520,2304,0.13937104,0.12232278
0_758_296,59.0,67.221436,8.221435,0.2248263888888889,518,2304,0.13934635,0.12230376
16_296_419,46.350002,52.8081,6.4581,0.2269965277777778,523,2304,0.13933332,0.12229373
0_586_686,81.3,92.62688,11.326874,0.3016493055555556,695,2304,0.13932194,0.12228496
0_281_77,58.7,66.87492,8.174924,0.24609375,567,2304,0.13926616,0.12224199
6_515_631,57.8,65.84415,8.044145,0.2560763888888889,590,2304,0.13917205,0.12216947
16_323_253,39.9,45.45259,5.5525904,0.16015625,369,2304,0.13916266,0.12216224
6_398_473,43.7,49.780994,6.080995,0.19921875,459,2304,0.1391532,0.12215495
0_885_465,42.600002,48.52657,5.926567,0.23350694444444445,538,2304,0.13912128,0.12213036
0_168_826,39.34,44.812187,5.4721875,0.21354166666666666,492,2304,0.13909984,0.122113824
16_605_11,48.2,54.90206,6.7020607,0.2113715277777778,487,2304,0.1390469,0.122073025
0_872_688,61.300003,69.82349,8.523487,0.24609375,567,2304,0.13904546,0.12207192
11_602_294,64.67,73.661224,8.991226,0.2521701388888889,581,2304,0.13903242,0.12206186
12_228_638,64.49,73.456154,8.966151,0.2708333333333333,624,2304,0.13903166,0.12206127
12_383_430,40.65,46.301067,5.651068,0.20052083333333334,462,2304,0.13901766,0.122050494
12_388_645,47.56,54.17009,6.6100883,0.22526041666666666,519,2304,0.13898419,0.12202469
16_526_715,59.030003,67.23326,8.203263,0.19444444444444445,448,2304,0.1389677,0.12201198
0_750_19,170.3,193.96317,23.663155,0.3841145833333333,885,2304,0.13894983,0.12199819
11_614_387,47.7,54.327866,6.6278653,0.17708333333333334,408,2304,0.13894896,0.12199753
12_124_764,41.06,46.76322,5.703221,0.1931423611111111,445,2304,0.13889967,0.12195954
0_692_774,60.9,69.35887,8.458871,0.2109375,486,2304,0.13889772,0.121958025
12_230_804,76.92,87.60131,10.681313,0.3350694444444444,772,2304,0.13886262,0.121930964
12_225_720,45.5,51.813557,6.3135552,0.2065972222222222,476,2304,0.13875945,0.121851414
11_672_578,47.04,53.566887,6.526886,0.2269965277777778,523,2304,0.13875182,0.121845536
3_784_205,51.7,58.873184,7.1731825,0.2387152777777778,550,2304,0.13874628,0.12184125
4_848_634,56.29,64.09953,7.809534,0.1892361111111111,436,2304,0.1387375,0.121834494
13_403_507,42.670002,48.58983,5.9198275,0.1953125,450,2304,0.13873512,0.12183265
0_171_600,97.9,111.48,13.579998,0.3337673611111111,769,2304,0.13871294,0.12181555
0_434_16,40.65,46.28732,5.63732,0.17578125,405,2304,0.13867946,0.12178973
0_281_638,49.8,56.705578,6.9055758,0.2465277777777778,568,2304,0.13866618,0.12177948
16_746_60,39.54,45.022285,5.4822855,0.19270833333333334,444,2304,0.13865162,0.121768266
0_145_496,90.51,103.05848,12.548476,0.3033854166666667,699,2304,0.13864188,0.12176073
14_68_235,40.7,46.342182,5.6421804,0.1818576388888889,419,2304,0.13862851,0.12175043
16_572_578,56.86,64.739624,7.8796253,0.20963541666666666,483,2304,0.13857941,0.12171256
0_29_250,52.37,59.62692,7.2569175,0.23524305555555555,542,2304,0.13857013,0.12170539
0_61_253,43.3,49.30006,6.0000587,0.1462673611111111,337,2304,0.13856949,0.12170489
12_460_257,42.81,48.741886,5.931885,0.1684027777777778,388,2304,0.13856307,0.121699944
0_281_127,53.7,61.139057,7.4390554,0.2300347222222222,530,2304,0.1385299,0.12167436
0_126_774,51.940002,59.13509,7.1950903,0.22178819444444445,511,2304,0.13852695,0.121672094
16_491_740,62.5,71.151436,8.651434,0.3103298611111111,715,2304,0.13842294,0.121591836
13_773_811,43.100002,49.06396,5.963959,0.19010416666666666,438,2304,0.13837491,0.121554784
0_143_41,99.57,113.34663,13.776627,0.21223958333333334,489,2304,0.13836122,0.12154421
16_323_802,67.5,76.83715,9.3371525,0.16145833333333334,372,2304,0.13832818,0.12151872
0_406_707,42.2,48.03703,5.837029,0.203125,468,2304,0.13831823,0.121511035
0_259_250,39.71,45.202477,5.492475,0.2261284722222222,521,2304,0.13831466,0.12150828
0_370_422,62.7,71.36493,8.664926,0.2582465277777778,595,2304,0.13819657,0.12141714
16_103_419,40.100002,45.64126,5.5412564,0.23697916666666666,546,2304,0.13818593,0.12140893
12_319_631,61.32,69.79227,8.472265,0.2686631944444444,619,2304,0.13816479,0.12139261
11_672_715,54.43,61.947105,7.517106,0.21961805555555555,506,2304,0.13810593,0.121347174
0_263_719,52.600002,59.862316,7.262314,0.234375,540,2304,0.1380668,0.121316954
6_52_689,48.8,55.537476,6.7374754,0.203125,468,2304,0.13806303,0.121314034
0_152_670,57.0,64.86958,7.8695807,0.19053819444444445,439,2304,0.13806282,0.12131388
12_450_231,45.4,51.666885,6.266885,0.1792534722222222,413,2304,0.1380371,0.12129403
3_724_834,107.5,122.33116,14.831161,0.3498263888888889,806,2304,0.13796428,0.1212378
0_93_707,43.3,49.273823,5.9738216,0.2113715277777778,487,2304,0.13796355,0.121237226
0_232_201,58.63,66.71871,8.088707,0.19401041666666666,447,2304,0.13796191,0.12123596
16_466_291,55.32,62.951336,7.6313343,0.22786458333333334,525,2304,0.13794892,0.12122593
15_79_240,40.8,46.42775,5.627748,0.21484375,495,2304,0.137935,0.12121518
0_461_768,40.0,45.516716,5.5167146,0.18836805555555555,434,2304,0.13791786,0.12120195
0_186_414,56.9,64.74458,7.844584,0.23046875,531,2304,0.13786615,0.12116201
0_461_212,48.530003,55.21906,6.689057,0.20572916666666666,474,2304,0.13783343,0.12113674
16_404_416,38.96,44.327667,5.3676653,0.2282986111111111,526,2304,0.13777375,0.121090636
2_48_331,43.8,49.833786,6.033784,0.2265625,522,2304,0.13775763,0.12107818
16_549_194,47.43,53.96331,6.533309,0.23046875,531,2304,0.13774633,0.12106946
12_225_257,44.64,50.788208,6.148206,0.1736111111111111,400,2304,0.13772863,0.12105578
13_817_151,75.6,86.009865,10.409866,0.2204861111111111,508,2304,0.13769665,0.121031076
0_1_636,41.95,47.723785,5.773784,0.2439236111111111,562,2304,0.1376349,0.12098336
0_196_140,51.3,58.35527,7.055269,0.2426215277777778,559,2304,0.13752961,0.120901994
13_594_255,58.760002,66.83952,8.079526,0.1909722222222222,440,2304,0.13750044,0.120879464
0_1_822,53.24,60.558758,7.318758,0.22178819444444445,511,2304,0.13746728,0.120853834
13_676_112,47.3,53.802044,6.5020432,0.1723090277777778,397,2304,0.13746391,0.12085123
0_436_58,46.25,52.60584,6.3558364,0.22135416666666666,510,2304,0.13742349,0.12081998
6_541_257,41.920002,47.6807,5.7606993,0.24522569444444445,565,2304,0.13742125,0.120818265
0_555_644,65.6,74.61406,9.014056,0.22005208333333334,507,2304,0.1374094,0.120809086
0_119_12,40.57,46.144146,5.5741463,0.2109375,486,2304,0.13739577,0.12079856
0_152_222,55.3,62.896233,7.5962334,0.2265625,522,2304,0.13736407,0.12077406
13_697_112,64.700005,73.58631,8.886309,0.2026909722222222,467,2304,0.13734634,0.12076035
5_734_306,39.9,45.37879,5.478793,0.2361111111111111,544,2304,0.13731311,0.12073466
16_276_715,67.24,76.472244,9.232244,0.22352430555555555,515,2304,0.13730285,0.12072673
0_521_411,69.6,79.14645,9.546444,0.13932291666666666,321,2304,0.13716155,0.12061747
11_632_489,43.2,49.12509,5.92509,0.2361111111111111,544,2304,0.13715486,0.12061229
0_81_296,77.270004,87.86681,10.596812,0.22786458333333334,525,2304,0.13714005,0.12060085
6_515_689,44.5,50.599655,6.099656,0.22135416666666666,510,2304,0.13707092,0.120547384
12_247_422,55.2,62.765694,7.5656915,0.2087673611111111,481,2304,0.13705963,0.120538644
0_298_138,40.5,46.050545,5.550543,0.20225694444444445,466,2304,0.13705043,0.12053154
0_132_41,105.35,119.78326,14.433255,0.2287326388888889,527,2304,0.1370029,0.12049476
12_516_672,53.07,60.339844,7.269842,0.1935763888888889,446,2304,0.13698591,0.12048162
0_0_810,89.35,101.58965,12.23965,0.2960069444444444,682,2304,0.13698545,0.12048126
0_536_635,61.38,69.78753,8.40753,0.2630208333333333,606,2304,0.13697506,0.12047324
0_197_345,57.72,65.625175,7.9051743,0.2361111111111111,544,2304,0.13695727,0.120459475
12_224_207,42.07,47.82939,5.759389,0.1753472222222222,404,2304,0.13690014,0.12041526
0_177_23,55.8,63.437153,7.6371527,0.2638888888888889,608,2304,0.13686654,0.120389275
13_694_503,47.4,53.88549,6.4854884,0.23828125,549,2304,0.13682465,0.12035686
16_445_122,85.05,96.68576,11.635761,0.3103298611111111,715,2304,0.13681082,0.12034617
3_814_377,39.760002,45.197456,5.437456,0.2547743055555556,587,2304,0.13675694,0.12030447
12_313_763,47.08,53.517033,6.437033,0.1818576388888889,419,2304,0.13672543,0.12028009
0_148_644,77.700005,88.32343,10.623434,0.2378472222222222,548,2304,0.13672373,0.120278776
0_799_216,56.9,64.67784,7.777844,0.22005208333333334,507,2304,0.13669321,0.12025516
0_191_79,40.25,45.75171,5.501708,0.21961805555555555,506,2304,0.1366884,0.120251425
7_868_381,66.3,75.35943,9.059429,0.1870659722222222,431,2304,0.13664296,0.120216265
12_433_638,55.58,63.172268,7.5922675,0.2591145833333333,597,2304,0.1366007,0.12018355
13_592_731,63.0,71.60555,8.605549,0.22960069444444445,529,2304,0.13659601,0.12017991
0_215_58,52.350002,59.500114,7.150112,0.2682291666666667,618,2304,0.13658284,0.12016972
16_295_559,50.760002,57.691826,6.931826,0.2625868055555556,605,2304,0.1365608,0.12015266
0_148_41,121.82,138.45288,16.632872,0.23307291666666666,537,2304,0.13653646,0.12013381
12_376_194,44.47,50.54032,6.0703216,0.22916666666666666,528,2304,0.13650374,0.120108485
5_733_181,44.100002,50.116947,6.0169463,0.2591145833333333,597,2304,0.13643868,0.12005812
16_360_293,46.59,52.94469,6.3546886,0.24696180555555555,569,2304,0.13639598,0.12002504
10_101_293,47.02,53.43232,6.41232,0.22786458333333334,525,2304,0.13637431,0.12000827
12_422_387,72.5,82.38281,9.882814,0.20572916666666666,474,2304,0.13631468,0.11996209
0_164_644,67.5,76.70106,9.201055,0.2400173611111111,553,2304,0.13631192,0.11995994
0_179_296,75.15,85.393005,10.243,0.2664930555555556,614,2304,0.13630073,0.11995128
3_107_425,53.46,60.7443,7.284299,0.1896701388888889,437,2304,0.136257,0.11991741
3_392_599,40.5,46.01755,5.5175495,0.14930555555555555,344,2304,0.13623579,0.11990098
6_805_108,63.13,71.73009,8.600087,0.19053819444444445,439,2304,0.13622822,0.119895115
13_810_521,94.5,107.37229,12.872293,0.2912326388888889,671,2304,0.13621475,0.119884685
7_862_272,65.74,74.692055,8.952055,0.2643229166666667,609,2304,0.13617364,0.11985284
16_413_774,50.45,57.31863,6.868629,0.1931423611111111,445,2304,0.13614725,0.1198324
0_153_600,107.4,122.01438,14.614377,0.3845486111111111,886,2304,0.13607427,0.119775854
0_883_634,40.2,45.669582,5.469583,0.20442708333333334,471,2304,0.13605928,0.119764246
0_471_233,40.07,45.52126,5.451258,0.2387152777777778,550,2304,0.13604338,0.11975192
0_18_216,61.600002,69.97752,8.377524,0.2508680555555556,578,2304,0.13599877,0.11971736
0_46_374,43.86,49.824474,5.964472,0.1909722222222222,440,2304,0.13598886,0.11970968
6_268_387,48.7,55.32218,6.6221824,0.2113715277777778,487,2304,0.1359791,0.119702116
0_149_635,51.5,58.502293,7.0022902,0.2300347222222222,530,2304,0.13596681,0.11969258
5_5_473,42.9,48.730633,5.830633,0.2248263888888889,518,2304,0.1359122,0.11965027
0_815_600,114.5,130.05847,15.558476,0.3628472222222222,836,2304,0.13588189,0.11962678
0_78_422,70.8,80.420135,9.6201315,0.2265625,522,2304,0.13587756,0.119623415
1_33_103,48.96,55.612232,6.652232,0.2300347222222222,530,2304,0.13587075,0.11961815
13_646_522,49.83,56.598454,6.768452,0.2495659722222222,575,2304,0.13583086,0.11958723
0_237_638,87.700005,99.60929,11.909286,0.2795138888888889,644,2304,0.13579573,0.11955999
0_232_370,59.2,67.237045,8.037044,0.2265625,522,2304,0.13576087,0.119532965
16_746_99,41.37,46.98616,5.616159,0.20225694444444445,466,2304,0.13575439,0.11952794
0_707_291,56.530003,64.204,7.6739984,0.26953125,621,2304,0.13575089,0.11952523
13_761_112,106.8,121.29752,14.497519,0.2786458333333333,642,2304,0.13574456,0.119520314
0_176_480,47.4,53.83426,6.434259,0.2009548611111111,463,2304,0.13574386,0.119519785
16_622_261,43.27,49.14355,5.873552,0.20616319444444445,475,2304,0.13574189,0.119518265
6_667_715,39.02,44.31535,5.2953477,0.17274305555555555,398,2304,0.13570856,0.119492404
0_188_345,78.840004,89.53856,10.698558,0.3003472222222222,692,2304,0.13569961,0.11948548
5_6_257,53.83,61.13357,7.303569,0.1640625,378,2304,0.13567841,0.11946904
11_616_581,38.920002,44.198708,5.2787085,0.1801215277777778,415,2304,0.13562971,0.11943129
12_224_6,81.08,92.07558,10.995577,0.20833333333333334,480,2304,0.13561392,0.11941904
3_70_4,69.4,78.811005,9.411001,0.15755208333333334,363,2304,0.1356052,0.11941227
0_382_834,180.2,204.63583,24.435823,0.4244791666666667,978,2304,0.1356039,0.11941126
13_393_535,104.5,118.663284,14.163279,0.3177083333333333,732,2304,0.13553376,0.11935687
0_452_699,48.3,54.846245,6.5462456,0.18446180555555555,425,2304,0.13553303,0.11935631
6_537_631,70.69,80.2694,9.579401,0.2890625,666,2304,0.13551281,0.11934063
12_364_266,42.670002,48.44881,5.778811,0.18272569444444445,421,2304,0.13543029,0.119276635
6_476_796,114.79,130.33566,15.545662,0.2899305555555556,668,2304,0.13542697,0.11927405
0_511_41,95.37,108.28543,12.915426,0.1970486111111111,454,2304,0.1354244,0.11927206
0_190_783,75.3,85.49452,10.194517,0.19661458333333334,453,2304,0.13538535,0.11924176
0_417_429,48.0,54.49686,6.4968605,0.1605902777777778,370,2304,0.13535126,0.11921532
11_531_596,134.1,152.24919,18.14919,0.3988715277777778,919,2304,0.13534072,0.119207144
10_4_295,75.53,85.74345,10.213448,0.2591145833333333,597,2304,0.13522372,0.119116366
0_305_554,122.0,138.49588,16.495874,0.2586805555555556,596,2304,0.13521208,0.11910733
0_12_638,43.58,49.47235,5.8923516,0.2322048611111111,535,2304,0.1352077,0.11910393
9_54_791,56.18,63.7758,7.5957985,0.22916666666666666,528,2304,0.13520467,0.119101584
0_142_578,53.100002,60.279083,7.179084,0.19661458333333334,453,2304,0.13519931,0.11909743
0_109_26,61.620003,69.94782,8.327821,0.2209201388888889,509,2304,0.135148,0.11905761
0_147_79,46.58,52.874805,6.294803,0.203125,468,2304,0.13513961,0.11905109
0_578_212,43.23,49.06905,5.839048,0.1484375,342,2304,0.13506936,0.11899655
7_859_447,59.010002,66.9799,7.969892,0.2400173611111111,553,2304,0.13506001,0.11898932
0_1_411,71.6,81.26962,9.669619,0.1644965277777778,379,2304,0.13505054,0.11898196
13_730_521,116.3,132.0036,15.703591,0.3155381944444444,727,2304,0.13502657,0.11896335
15_51_580,98.9,112.25233,13.352327,0.3229166666666667,744,2304,0.13500836,0.11894923
0_530_212,42.07,47.749264,5.6792617,0.1853298611111111,427,2304,0.13499552,0.11893925
0_551_500,42.600002,48.350117,5.750118,0.2421875,558,2304,0.13497928,0.11892666
0_209_638,68.270004,77.481415,9.211416,0.2764756944444444,637,2304,0.13492626,0.118885495
3_786_183,64.8,73.540016,8.740015,0.21875,504,2304,0.13487677,0.118847065
15_94_559,55.620003,63.12074,7.5007396,0.22178819444444445,511,2304,0.13485686,0.11883162
0_128_635,71.78,81.458626,9.678621,0.3033854166666667,699,2304,0.1348373,0.118816406
0_522_115,50.05,56.796574,6.7465744,0.1605902777777778,370,2304,0.1347967,0.11878488
14_77_473,47.0,53.33526,6.335258,0.2183159722222222,503,2304,0.13479273,0.1187818
16_565_638,88.93,100.91681,11.986809,0.2942708333333333,678,2304,0.13478926,0.11877911
0_744_635,75.0,85.10647,10.106467,0.2604166666666667,600,2304,0.1347529,0.11875087
4_105_596,67.200005,76.249954,9.049952,0.2912326388888889,671,2304,0.13467188,0.11868796
12_247_67,39.74,45.089985,5.349985,0.1566840277777778,361,2304,0.13462469,0.11865129
12_316_740,66.4,75.33894,8.93894,0.3146701388888889,725,2304,0.13462259,0.11864966
0_301_707,40.5,45.95188,5.451879,0.2183159722222222,503,2304,0.1346143,0.11864322
12_325_802,61.77,70.083984,8.313981,0.1284722222222222,296,2304,0.13459578,0.11862883
16_337_117,144.74,164.21925,19.47925,0.2947048611111111,679,2304,0.13458097,0.11861733
0_300_422,105.0,119.1271,14.127099,0.2777777777777778,640,2304,0.1345438,0.11858846
12_516_848,44.9,50.940067,6.040065,0.2443576388888889,563,2304,0.1345226,0.11857198
0_684_783,87.3,99.03721,11.737208,0.18619791666666666,429,2304,0.13444683,0.118513115
4_865_494,42.49,48.202618,5.712617,0.1796875,414,2304,0.13444614,0.118512586
0_289_41,90.770004,102.9642,12.1942,0.19010416666666666,438,2304,0.13434173,0.11843145
0_135_635,51.97,58.951668,6.9816685,0.2465277777777778,568,2304,0.13434036,0.11843038
0_282_26,65.44,74.23071,8.790712,0.23307291666666666,537,2304,0.1343324,0.11842419
0_555_369,39.57,44.88344,5.3134394,0.21961805555555555,506,2304,0.13427949,0.11838307
0_378_635,44.260002,50.19974,5.9397426,0.2113715277777778,487,2304,0.13420114,0.11832217
16_571_387,56.2,63.741417,7.5414147,0.19921875,459,2304,0.13418888,0.118312635
0_812_93,77.700005,88.12573,10.4257345,0.3081597222222222,710,2304,0.13417932,0.11830522
0_883_764,46.43,52.659172,6.229171,0.17708333333333334,408,2304,0.13416262,0.11829223
16_563_467,51.9,58.861332,6.9613304,0.2035590277777778,469,2304,0.13412967,0.11826661
12_90_740,60.800003,68.95482,8.1548195,0.3090277777777778,712,2304,0.1341253,0.11826323
5_7_559,62.7,71.10827,8.408264,0.23046875,531,2304,0.13410309,0.118245944
0_494_258,44.8,50.80381,6.003808,0.18359375,423,2304,0.13401358,0.11817633
16_527_834,161.3,182.91599,21.615984,0.3268229166666667,753,2304,0.13401106,0.11817438
13_789_503,42.2,47.854042,5.6540413,0.1870659722222222,431,2304,0.13398202,0.1181518
11_632_122,92.3,104.66399,12.363983,0.2513020833333333,579,2304,0.13395432,0.11813025
0_468_99,49.2,55.789986,6.5899835,0.1935763888888889,446,2304,0.13394275,0.11812126
12_319_824,45.55,51.649532,6.0995317,0.18272569444444445,421,2304,0.1339085,0.118094616
3_769_315,49.07,55.640636,6.5706363,0.22960069444444445,529,2304,0.13390332,0.1180906
0_2_638,72.6,82.32135,9.721348,0.2760416666666667,636,2304,0.13390286,0.118090235
0_382_310,63.39,71.87554,8.485543,0.2756076388888889,635,2304,0.1338625,0.118058845
0_442_510,53.2,60.321407,7.1214066,0.109375,252,2304,0.13386102,0.1180577
13_701_531,113.68,128.89676,15.216755,0.28515625,657,2304,0.13385604,0.11805382
0_420_26,88.65,100.514114,11.864114,0.2925347222222222,674,2304,0.13383095,0.1180343
12_425_222,42.7,48.414383,5.7143807,0.1987847222222222,458,2304,0.13382624,0.118030645
0_851_84,64.8,73.4718,8.671797,0.2699652777777778,622,2304,0.13382402,0.11802891
0_554_310,52.920002,60.001205,7.0812054,0.21614583333333334,498,2304,0.13380963,0.11801772
0_256_6,75.5,85.602615,10.102611,0.1931423611111111,445,2304,0.13380942,0.11801755
0_436_41,96.61,109.536766,12.926764,0.1792534722222222,413,2304,0.13380358,0.11801301
16_503_559,42.91,48.651302,5.7413015,0.23133680555555555,533,2304,0.13379869,0.1180092
13_779_507,50.940002,57.755627,6.815627,0.20182291666666666,465,2304,0.13379715,0.11800802
0_234_90,141.72,160.68124,18.96124,0.2764756944444444,637,2304,0.13379368,0.11800531
0_363_763,54.27,61.52871,7.2587066,0.1953125,450,2304,0.13375174,0.11797268
12_138_181,43.58,49.40777,5.8277683,0.2170138888888889,500,2304,0.13372575,0.11795247
0_554_707,47.0,53.284813,6.284812,0.21006944444444445,484,2304,0.1337194,0.11794753
0_24_500,63.170002,71.61673,8.446731,0.2339409722222222,539,2304,0.13371427,0.11794354
0_181_18,55.43,62.841618,7.4116163,0.22743055555555555,524,2304,0.13371128,0.11794121
0_237_136,57.9,65.640976,7.740974,0.2326388888888889,536,2304,0.13369557,0.11792899
5_111_699,46.7,52.9407,6.2407007,0.23697916666666666,546,2304,0.13363385,0.11788096
0_95_634,43.74,49.585033,5.8450336,0.23567708333333334,543,2304,0.1336313,0.11787899
0_115_635,51.100002,57.927326,6.8273244,0.20008680555555555,461,2304,0.13360712,0.11786017
2_82_531,64.090004,72.65242,8.56242,0.2530381944444444,583,2304,0.13359992,0.11785457
0_305_144,56.83,64.42209,7.592089,0.18359375,423,2304,0.13359298,0.11784916
0_246_688,47.100002,53.390823,6.2908235,0.1723090277777778,397,2304,0.13356313,0.11782593
0_434_774,71.08,80.569466,9.489468,0.2222222222222222,512,2304,0.13350405,0.11777995
16_466_834,116.9,132.502,15.601995,0.2973090277777778,685,2304,0.13346446,0.11774913
7_83_50,56.7,64.26734,7.567338,0.1896701388888889,437,2304,0.13346274,0.1177478
0_183_60,41.600002,47.15062,5.5506186,0.18619791666666666,429,2304,0.13342832,0.11772101
12_440_835,60.0,68.003,8.002999,0.1401909722222222,323,2304,0.13338332,0.11768597
15_737_291,53.64,60.793377,7.153378,0.2456597222222222,566,2304,0.13335903,0.117667064
0_557_16,61.0,69.13303,8.13303,0.2439236111111111,562,2304,0.13332836,0.11764318
0_586_321,49.61,56.2234,6.6134,0.2204861111111111,508,2304,0.1333078,0.11762718
0_867_23,53.25,60.346928,7.0969253,0.2209201388888889,509,2304,0.1332756,0.117602095
16_283_416,47.0,53.26386,6.2638597,0.2604166666666667,600,2304,0.13327362,0.11760056
3_823_44,101.200005,114.686584,13.486579,0.2309027777777778,532,2304,0.13326658,0.117595084
0_271_515,58.27,66.03481,7.764814,0.21397569444444445,493,2304,0.13325576,0.11758667
0_856_250,45.34,51.380623,6.0406203,0.1948784722222222,449,2304,0.13322939,0.117566116
0_471_84,78.36,88.79526,10.435255,0.2682291666666667,618,2304,0.13317068,0.11752041
3_107_403,67.340004,76.30716,8.967157,0.1935763888888889,446,2304,0.13316241,0.11751397
12_462_554,58.25,66.005455,7.755451,0.20789930555555555,479,2304,0.13314079,0.117497124
12_249_16,43.29,49.051304,5.761302,0.2074652777777778,478,2304,0.1330862,0.11745462
0_145_121,54.5,61.75304,7.2530413,0.1970486111111111,454,2304,0.13308333,0.117452376
0_741_79,42.9,48.607517,5.707518,0.23133680555555555,533,2304,0.13304238,0.11742048
4_290_291,71.78,81.32849,9.54849,0.2877604166666667,663,2304,0.13302438,0.11740645
0_257_296,101.65,115.16976,13.519759,0.3381076388888889,779,2304,0.13300304,0.117389835
0_707_481,215.0,243.58813,28.588137,0.453125,1044,2304,0.13296808,0.117362596
3_838_403,56.190002,63.661285,7.471283,0.21484375,495,2304,0.13296463,0.117359914
0_382_207,111.4,126.21037,14.810371,0.2808159722222222,647,2304,0.13294768,0.117346704
13_645_731,45.7,51.774933,6.0749307,0.1875,432,2304,0.13293065,0.117333435
16_573_635,83.29,94.361206,11.071208,0.2478298611111111,571,2304,0.13292362,0.11732796
0_135_598,40.0,45.315735,5.3157344,0.1918402777777778,442,2304,0.13289335,0.117304385
11_888_740,81.0,91.7636,10.763601,0.3368055555555556,776,2304,0.13288397,0.11729707
4_880_422,47.3,53.58469,6.2846894,0.1753472222222222,404,2304,0.1328687,0.11728517
0_180_27,40.600002,45.993877,5.393876,0.1618923611111111,373,2304,0.13285409,0.117273785
0_860_764,44.780003,50.728977,5.948978,0.21397569444444445,493,2304,0.132849,0.11726982
0_521_345,66.18,74.97178,8.791777,0.27734375,639,2304,0.13284643,0.11726782
7_318_320,60.95,69.04445,8.094449,0.24869791666666666,573,2304,0.13280474,0.11723533
16_333_715,64.6,73.17828,8.57828,0.2560763888888889,590,2304,0.13279073,0.1172244
12_444_689,41.4,46.895893,5.4958916,0.18489583333333334,426,2304,0.132751,0.11719345
0_843_109,39.260002,44.471706,5.211707,0.15494791666666666,357,2304,0.13274851,0.11719152
0_147_200,51.64,58.494255,6.8542533,0.24739583333333334,570,2304,0.13273148,0.11717823
0_548_127,42.08,47.664806,5.5848045,0.1540798611111111,355,2304,0.13271873,0.11716831
17_897_580,135.8,153.8137,18.013708,0.4201388888888889,968,2304,0.13264881,0.11711381
0_235_738,57.2,64.78631,7.5863094,0.24348958333333334,561,2304,0.13262779,0.117097415
3_784_860,75.74,85.78165,10.041645,0.2339409722222222,539,2304,0.13258047,0.11706053
16_283_856,66.0,74.74996,8.749958,0.13975694444444445,322,2304,0.13257512,0.117056355
0_229_525,41.7,47.227787,5.527786,0.20789930555555555,479,2304,0.1325608,0.1170452
12_388_222,43.9,49.71769,5.817689,0.21223958333333334,489,2304,0.13252139,0.11701447
16_501_578,46.100002,52.20894,6.108939,0.2092013888888889,482,2304,0.13251494,0.117009446
6_268_515,51.82,58.684254,6.864252,0.2222222222222222,512,2304,0.13246338,0.116969235
0_883_76,104.8,118.67445,13.874453,0.2269965277777778,523,2304,0.13238981,0.11691187
0_221_93,43.5,49.25719,5.7571898,0.20442708333333334,471,2304,0.1323492,0.116880186
16_765_682,64.32,72.82957,8.509564,0.18055555555555555,416,2304,0.13230044,0.116842166
0_271_58,48.54,54.961857,6.4218554,0.22265625,513,2304,0.13230027,0.11684204
13_694_346,41.7,47.21498,5.5149794,0.1736111111111111,400,2304,0.1322537,0.11680571
0_8_638,63.15,71.501495,8.351497,0.2513020833333333,579,2304,0.13224857,0.11680171
3_768_177,40.36,45.69699,5.3369894,0.21484375,495,2304,0.13223462,0.11679083
1_381_350,54.39,61.58192,7.19192,0.2387152777777778,550,2304,0.13222872,0.11678622
0_8_634,51.22,57.992348,6.772345,0.2526041666666667,582,2304,0.13222072,0.116779976
3_858_770,41.79,47.315044,5.5250454,0.2191840277777778,505,2304,0.13220975,0.11677143
12_447_583,40.9,46.307217,5.407218,0.11328125,261,2304,0.13220581,0.11676837
0_348_26,58.66,66.41494,7.754942,0.2643229166666667,609,2304,0.13220154,0.11676502
0_551_345,58.56,66.29988,7.7398806,0.2756076388888889,635,2304,0.13217008,0.11674049
12_357_351,77.020004,87.19412,10.17412,0.21788194444444445,502,2304,0.13209711,0.11668355
3_317_626,40.95,46.354977,5.404977,0.17317708333333334,399,2304,0.13198966,0.11659971
15_437_351,41.55,47.032715,5.4827156,0.2065972222222222,476,2304,0.13195466,0.11657238
0_288_554,73.770004,83.5027,9.732697,0.19444444444444445,448,2304,0.13193297,0.11655547
0_173_212,58.5,66.2177,7.717696,0.21614583333333334,498,2304,0.13192643,0.116550356
4_869_740,78.0,88.28816,10.288164,0.24696180555555555,569,2304,0.13189954,0.116529375
0_53_140,71.700005,81.15436,9.454356,0.2777777777777778,640,2304,0.13185991,0.11649844
0_373_567,49.2,55.68735,6.487352,0.1736111111111111,400,2304,0.13185674,0.11649597
0_741_23,63.77,72.17722,8.40722,0.2495659722222222,575,2304,0.1318366,0.11648023
0_164_370,45.9,51.942017,6.042017,0.2165798611111111,499,2304,0.13163435,0.11632234
0_535_250,62.280003,70.47744,8.197436,0.2595486111111111,598,2304,0.13162228,0.11631291
3_795_834,100.8,114.06675,13.26675,0.3229166666666667,744,2304,0.13161458,0.1163069
0_151_829,68.4,77.40194,9.001942,0.2638888888888889,608,2304,0.13160734,0.11630124
0_95_783,75.5,85.43398,9.933981,0.1870659722222222,431,2304,0.13157591,0.11627669
15_509_117,99.200005,112.24958,13.049581,0.2565104166666667,591,2304,0.13154818,0.11625505
0_555_634,75.0,84.865456,9.865456,0.2964409722222222,683,2304,0.1315394,0.11624819
12_244_758,41.9,47.411377,5.511378,0.20789930555555555,479,2304,0.13153645,0.116245896
0_595_136,63.4,71.7393,8.339299,0.21744791666666666,501,2304,0.13153468,0.116244495
16_549_802,59.600002,67.43882,7.838816,0.12413194444444445,286,2304,0.13152376,0.116235964
11_651_635,76.36,86.40033,10.040331,0.2630208333333333,606,2304,0.13148679,0.11620709
5_50_683,47.5,53.74463,6.24463,0.1753472222222222,404,2304,0.1314659,0.11619077
4_98_259,45.8,51.8207,6.0207024,0.22005208333333334,507,2304,0.13145639,0.11618334
11_430_409,39.5,44.689957,5.1899557,0.2113715277777778,487,2304,0.13139129,0.11613248
0_781_6,101.6,114.94918,13.349178,0.2365451388888889,545,2304,0.13138956,0.116131134
13_584_195,42.08,47.608433,5.5284305,0.1879340277777778,433,2304,0.13137904,0.116122924
5_427_525,56.710003,64.15879,7.448792,0.2699652777777778,622,2304,0.13134882,0.11609932
12_421_656,60.870003,68.86464,7.9946346,0.21788194444444445,502,2304,0.13133948,0.11609201
0_182_553,44.8,50.68247,5.8824677,0.1701388888888889,392,2304,0.13130508,0.11606514
0_812_635,71.200005,80.54797,9.347971,0.23133680555555555,533,2304,0.13129172,0.1160547
0_61_190,56.920002,64.393074,7.473071,0.20052083333333334,462,2304,0.13129078,0.11605396
12_876_650,53.27,60.26242,6.992419,0.1597222222222222,368,2304,0.13126373,0.116032824
0_192_222,43.100002,48.75733,5.6573296,0.2556423611111111,589,2304,0.13126054,0.116030335
12_207_140,39.39,44.559864,5.169863,0.16883680555555555,389,2304,0.13124812,0.11602063
3_723_191,75.630005,85.55468,9.924676,0.2092013888888889,482,2304,0.1312267,0.11600389
0_236_644,78.0,88.233955,10.233951,0.2777777777777778,640,2304,0.1312045,0.11598653
13_689_45,80.810005,91.412224,10.602224,0.19618055555555555,452,2304,0.1311994,0.11598257
0_521_430,47.16,53.346443,6.186441,0.2131076388888889,491,2304,0.13117984,0.11596726
12_350_835,96.8,109.49388,12.693879,0.1762152777777778,406,2304,0.1311351,0.115932316
13_761_458,65.16,73.70352,8.54352,0.2712673611111111,625,2304,0.13111602,0.11591739
6_508_190,67.39,76.22373,8.8337345,0.23741319444444445,547,2304,0.13108376,0.11589218
16_649_481,50.18,56.755856,6.575855,0.22352430555555555,515,2304,0.13104533,0.11586214
1_26_151,42.9,48.52082,5.620819,0.20703125,477,2304,0.13102143,0.115843445
13_747_507,59.0,66.72992,7.7299175,0.2322048611111111,535,2304,0.13101555,0.115838856
0_489_638,65.25,73.79725,8.547246,0.2751736111111111,634,2304,0.13099228,0.11582066
0_192_486,123.97,140.2078,16.23779,0.19661458333333334,453,2304,0.1309816,0.11581232
0_411_793,50.07,56.62672,6.5567183,0.1618923611111111,373,2304,0.13095103,0.115788415
0_442_60,40.07,45.316864,5.246864,0.2269965277777778,523,2304,0.13094245,0.11578171
0_302_452,52.0,58.806313,6.8063107,0.2977430555555556,686,2304,0.1308906,0.115741156
3_117_125,46.86,52.99283,6.132826,0.19835069444444445,457,2304,0.1308755,0.115729354
0_741_847,47.920002,54.189976,6.2699738,0.23046875,531,2304,0.13084252,0.115703575
4_863_296,44.370003,50.17412,5.8041205,0.16145833333333334,372,2304,0.13081181,0.11567956
0_335_58,70.24,79.427574,9.187573,0.2769097222222222,638,2304,0.13080259,0.11567234
0_211_634,69.31,78.37403,9.064033,0.3263888888888889,752,2304,0.13077526,0.11565097
3_800_556,47.79,54.039528,6.249525,0.1644965277777778,379,2304,0.13077056,0.11564729
3_724_177,47.170002,53.336792,6.166792,0.203125,468,2304,0.13073546,0.11561985
0_679_291,40.08,45.319004,5.239002,0.2387152777777778,550,2304,0.13071363,0.11560277
13_626_272,91.340004,103.27868,11.938677,0.2994791666666667,690,2304,0.1307059,0.11559673
0_169_190,51.08,57.75584,6.675839,0.18446180555555555,425,2304,0.1306938,0.11558726
0_154_15,40.440002,45.723568,5.283566,0.1892361111111111,436,2304,0.13065197,0.11555454
0_194_310,92.55,104.63684,12.08684,0.2582465277777778,595,2304,0.13059793,0.115512274
16_524_310,49.620003,56.100086,6.4800863,0.2261284722222222,521,2304,0.13059424,0.11550938
0_596_500,54.9,62.06737,7.1673694,0.24088541666666666,555,2304,0.13055317,0.11547725
16_360_191,202.90001,229.38684,26.486837,0.3776041666666667,870,2304,0.13054132,0.11546799
16_561_264,70.0,79.13778,9.137781,0.13541666666666666,312,2304,0.13053973,0.115466736
16_445_596,71.6,80.94635,9.346352,0.2586805555555556,596,2304,0.13053565,0.11546353
0_234_806,61.7,69.753876,8.053872,0.2052951388888889,473,2304,0.13053277,0.11546128
11_608_729,42.8,48.38516,5.5851564,0.20182291666666666,465,2304,0.13049431,0.11543119
0_186_99,50.68,57.29316,6.6131597,0.2131076388888889,491,2304,0.13048854,0.11542669
16_568_631,57.7,65.22373,7.5237317,0.24479166666666666,564,2304,0.13039397,0.11535267
13_698_196,57.38,64.86116,7.4811616,0.1970486111111111,454,2304,0.13037924,0.115341164
0_1_653,43.64,49.329212,5.689213,0.2300347222222222,530,2304,0.13036694,0.115331516
12_249_231,48.4,54.70619,6.306189,0.1623263888888889,374,2304,0.13029316,0.11527378
0_757_783,81.1,91.66628,10.566283,0.20789930555555555,479,2304,0.1302871,0.11526903
3_787_356,59.81,67.601685,7.791684,0.2934027777777778,676,2304,0.13027394,0.11525873
16_330_190,39.15,44.24859,5.0985875,0.16796875,387,2304,0.13023211,0.11522599
3_106_183,59.960003,67.767006,7.8070025,0.22960069444444445,529,2304,0.1302035,0.11520359
0_640_19,144.8,163.64484,18.844831,0.3684895833333333,849,2304,0.13014387,0.1151569
0_335_764,59.420002,67.15112,7.731126,0.2131076388888889,491,2304,0.13010982,0.11513025
14_80_190,53.79,60.78854,6.9985385,0.1818576388888889,419,2304,0.13010854,0.11512924
8_15_666,52.8,59.666977,6.8669763,0.16102430555555555,371,2304,0.13005637,0.11508839
1_27_195,39.13,44.219067,5.0890665,0.22743055555555555,524,2304,0.13005537,0.115087606
16_324_824,41.55,46.953617,5.403615,0.2026909722222222,467,2304,0.1300509,0.115084104
16_519_763,45.83,51.79017,5.960168,0.1875,432,2304,0.13004948,0.115083
0_18_806,65.3,73.78593,8.485924,0.2243923611111111,517,2304,0.12995288,0.11500735
4_833_145,61.0,68.92605,7.926047,0.2265625,522,2304,0.12993519,0.11499349
0_405_76,130.7,147.67444,16.974443,0.3220486111111111,742,2304,0.12987332,0.11494503
0_843_634,64.25,72.59045,8.340447,0.2222222222222222,512,2304,0.1298124,0.11489732
3_821_290,45.62,51.541817,5.9218154,0.19921875,459,2304,0.12980744,0.114893414
0_153_638,74.520004,84.19279,9.67279,0.2669270833333333,615,2304,0.12980124,0.11488858
16_279_194,55.18,62.336437,7.1564374,0.24869791666666666,573,2304,0.1296926,0.11480344
0_555_94,49.7,56.144985,6.4449825,0.16710069444444445,385,2304,0.12967771,0.11479177
15_510_194,55.71,62.932037,7.222037,0.2725694444444444,628,2304,0.12963627,0.1147593
6_497_715,41.780003,47.194183,5.4141836,0.19010416666666666,438,2304,0.12958792,0.11472142
11_631_26,51.41,58.07177,6.6617684,0.16883680555555555,389,2304,0.12958118,0.11471613
0_890_296,91.03,102.8222,11.792199,0.3051215277777778,703,2304,0.1295419,0.11468534
12_876_578,44.02,49.722248,5.702246,0.17317708333333334,399,2304,0.12953763,0.11468199
0_678_638,89.37,100.93406,11.56406,0.2925347222222222,674,2304,0.12939532,0.11457045
0_312_847,39.440002,44.540848,5.100848,0.2348090277777778,541,2304,0.12933184,0.114520684
0_373_166,93.490005,105.58051,12.0905075,0.2526041666666667,582,2304,0.12932406,0.114514574
0_411_469,47.64,53.799168,6.1591673,0.19618055555555555,452,2304,0.12928563,0.11448444
0_704_765,42.56,48.05981,5.49981,0.2009548611111111,463,2304,0.12922487,0.11443678
14_68_620,55.9,63.121033,7.2210326,0.20572916666666666,474,2304,0.12917767,0.11439978
0_707_93,43.04,48.59911,5.5591097,0.21180555555555555,488,2304,0.12916146,0.114387065
0_664_201,60.0,67.74917,7.749167,0.23177083333333334,534,2304,0.12915279,0.114380255
0_229_387,109.6,123.75414,14.154142,0.2543402777777778,586,2304,0.12914364,0.11437308
0_131_636,42.86,48.394726,5.534725,0.20833333333333334,480,2304,0.12913498,0.114366286
0_132_76,82.85,93.54723,10.697231,0.2465277777777778,568,2304,0.12911566,0.11435112
0_239_115,48.9,55.21358,6.31358,0.18272569444444445,421,2304,0.12911206,0.114348315
12_349_6,80.590004,90.99507,10.405072,0.19401041666666666,447,2304,0.1291112,0.114347644
0_511_201,50.9,57.47176,6.5717573,0.22786458333333334,525,2304,0.12911114,0.11434759
3_756_860,80.28,90.64494,10.364944,0.21354166666666666,492,2304,0.12910992,0.11434664
12_251_596,89.4,100.9412,11.541199,0.3111979166666667,717,2304,0.12909618,0.11433586
0_511_193,52.7,59.502304,6.8023043,0.19444444444444445,448,2304,0.12907597,0.11432002
14_457_218,46.95,53.00745,6.05745,0.19401041666666666,447,2304,0.12901916,0.11427544
16_466_468,46.4,52.384525,5.9845233,0.17838541666666666,411,2304,0.12897679,0.114242196
16_355_11,92.1,103.97595,11.875949,0.2443576388888889,563,2304,0.12894624,0.11421823
12_265_235,43.3,48.88336,5.583361,0.18836805555555555,434,2304,0.12894599,0.11421803
0_188_635,87.950005,99.28939,11.339387,0.2925347222222222,674,2304,0.12892991,0.11420543
15_737_240,42.600002,48.09238,5.492378,0.2109375,486,2304,0.12892906,0.11420475
11_20_291,102.61,115.833405,13.223401,0.3211805555555556,740,2304,0.12887049,0.11415879
3_828_125,48.08,54.27399,6.193989,0.22743055555555555,524,2304,0.12882672,0.11412444
12_444_6,79.42,89.65136,10.2313595,0.2243923611111111,517,2304,0.12882598,0.114123866
12_248_631,56.210003,63.44956,7.2395577,0.2842881944444444,655,2304,0.12879483,0.11409942
0_253_411,51.7,58.358074,6.6580734,0.14713541666666666,339,2304,0.12878285,0.11409001
13_588_141,47.0,53.052605,6.052604,0.2760416666666667,636,2304,0.12877882,0.114086844
11_672_121,50.3,56.777172,6.477173,0.18663194444444445,430,2304,0.12877083,0.114080586
12_384_548,42.760002,48.265057,5.5050564,0.24305555555555555,560,2304,0.12874313,0.11405884
0_781_525,51.350002,57.956226,6.606224,0.21961805555555555,506,2304,0.1286509,0.11398644
0_420_411,53.100002,59.929375,6.829374,0.140625,324,2304,0.12861344,0.11395703
3_842_385,39.33,44.38813,5.058131,0.1935763888888889,446,2304,0.12860745,0.11395234
0_271_764,46.79,52.807247,6.0172467,0.22526041666666666,519,2304,0.12860112,0.11394737
0_176_635,55.870003,63.052853,7.182851,0.24131944444444445,556,2304,0.12856364,0.11391794
0_578_115,40.23,45.400703,5.170701,0.16145833333333334,372,2304,0.12852849,0.11389033
3_823_191,88.66,100.05499,11.394989,0.22005208333333334,507,2304,0.12852457,0.11388726
0_843_506,41.09,46.37098,5.2809806,0.15885416666666666,366,2304,0.12852228,0.11388546
0_135_638,67.0,75.61079,8.610784,0.2743055555555556,632,2304,0.12851916,0.113883
0_525_740,69.8,78.76975,8.969753,0.2777777777777778,640,2304,0.12850648,0.113873065
0_143_645,54.04,60.983906,6.9439063,0.2170138888888889,500,2304,0.12849568,0.11386457
0_100_140,53.2,60.034805,6.8348036,0.23307291666666666,537,2304,0.12847374,0.11384735
0_104_296,64.130005,72.367424,8.237425,0.2543402777777778,586,2304,0.12844884,0.1138278
0_494_345,55.940002,63.12483,7.1848273,0.2526041666666667,582,2304,0.1284381,0.11381935
0_386_290,41.88,47.25744,5.377437,0.2426215277777778,559,2304,0.12840107,0.11379028
0_314_578,106.670006,120.36542,13.695415,0.2730034722222222,629,2304,0.12839049,0.11378197
0_232_115,61.61,69.51761,7.9076066,0.13975694444444445,322,2304,0.1283494,0.11374969
0_679_793,40.22,45.382065,5.1620646,0.17317708333333334,399,2304,0.12834571,0.1137468
0_153_79,48.14,54.318466,6.178467,0.2230902777777778,514,2304,0.12834373,0.113745235
0_282_600,131.90001,148.8138,16.913794,0.4001736111111111,922,2304,0.12823194,0.11365743
16_295_190,61.010002,68.83223,7.8222294,0.2109375,486,2304,0.12821224,0.113641955
6_474_190,84.060005,94.83708,10.777077,0.2560763888888889,590,2304,0.12820695,0.11363779
0_34_774,54.4,61.374405,6.9744053,0.23697916666666666,546,2304,0.12820597,0.11363703
4_864_290,69.49,78.39376,8.903763,0.2478298611111111,571,2304,0.12813014,0.11357744
0_301_194,68.85,77.66993,8.819932,0.2643229166666667,609,2304,0.12810358,0.113556586
15_139_291,66.93,75.50326,8.573256,0.2400173611111111,553,2304,0.12809287,0.11354815
0_348_600,105.8,119.35115,13.551151,0.3333333333333333,768,2304,0.12808271,0.11354018
13_817_780,43.8,49.409504,5.6095037,0.20789930555555555,479,2304,0.12807086,0.11353087
0_555_250,103.37,116.60786,13.237855,0.2734375,630,2304,0.12806283,0.113524556
0_806_258,48.100002,54.257233,6.1572304,0.1740451388888889,401,2304,0.12800895,0.11348221
16_561_719,81.12,91.50321,10.383212,0.3298611111111111,760,2304,0.12799817,0.11347374
12_261_763,72.450005,81.717285,9.2672825,0.2222222222222222,512,2304,0.12791279,0.113406636
13_641_381,98.3,110.87381,12.573807,0.23133680555555555,533,2304,0.12791258,0.113406464
0_19_222,49.3,55.605225,6.3052235,0.23741319444444445,547,2304,0.127895,0.11339264
4_833_300,207.95,234.5457,26.595695,0.4127604166666667,951,2304,0.12789467,0.11339238
0_214_345,84.26,95.03619,10.776188,0.2981770833333333,687,2304,0.12789209,0.113390364
0_552_23,58.0,65.41763,7.4176316,0.2248263888888889,518,2304,0.1278902,0.11338887
16_463_416,39.690002,44.76497,5.0749683,0.1831597222222222,422,2304,0.12786515,0.11336919
0_253_415,48.97,55.22989,6.259888,0.20399305555555555,470,2304,0.12783109,0.1133424
16_485_479,43.2,48.719555,5.519555,0.16319444444444445,376,2304,0.12776747,0.113292396
0_232_207,77.94,87.89602,9.9560175,0.1796875,414,2304,0.1277395,0.1132704
0_488_110,55.100002,62.135773,7.035771,0.24869791666666666,573,2304,0.12769094,0.11323221
12_230_631,71.81,80.97606,9.1660595,0.2942708333333333,678,2304,0.12764323,0.11319468
0_599_38,64.9,73.182785,8.282784,0.2339409722222222,539,2304,0.1276238,0.11317941
0_307_12,40.96,46.186256,5.2262545,0.24739583333333334,570,2304,0.12759411,0.11315605
14_68_201,43.86,49.455776,5.5957756,0.20052083333333334,462,2304,0.12758265,0.11314706
6_514_835,94.6,106.66692,12.066918,0.1618923611111111,373,2304,0.12755728,0.11312709
0_187_293,61.96,69.86223,7.9022264,0.2630208333333333,606,2304,0.12753755,0.11311157
6_398_796,110.920006,125.05398,14.133978,0.2769097222222222,638,2304,0.12742497,0.11302302
0_56_554,67.950005,76.60727,8.657266,0.23567708333333334,543,2304,0.1274064,0.11300841
12_244_481,44.530003,50.202347,5.672346,0.2417534722222222,557,2304,0.12738256,0.112989664
0_595_370,117.4,132.35088,14.950879,0.2591145833333333,597,2304,0.1273499,0.11296396
4_830_76,39.81,44.87809,5.0680914,0.2131076388888889,491,2304,0.12730698,0.11293019
1_26_579,55.190002,62.214333,7.024333,0.16102430555555555,371,2304,0.12727547,0.11290538
11_633_468,47.170002,53.17205,6.0020504,0.1540798611111111,355,2304,0.12724295,0.1128798
3_809_120,89.37,100.737854,11.367856,0.2868923611111111,661,2304,0.1271999,0.11284592
12_350_631,62.98,70.99047,8.010472,0.2860243055555556,659,2304,0.12719074,0.1128387
0_394_439,41.0,46.214703,5.214702,0.17100694444444445,394,2304,0.12718786,0.11283643
6_499_835,109.3,123.198235,13.898232,0.18359375,423,2304,0.12715675,0.112811945
0_548_310,55.75,62.83834,7.0883403,0.23046875,531,2304,0.12714511,0.11280279
0_8_422,71.8,80.92639,9.126394,0.2825520833333333,651,2304,0.12710854,0.112774014
0_57_578,63.5,71.566246,8.066248,0.21397569444444445,493,2304,0.12702753,0.11271023
3_85_116,40.16,45.26112,5.101118,0.1840277777777778,424,2304,0.12701987,0.112704195
0_435_644,69.1,77.87681,8.776811,0.23741319444444445,547,2304,0.12701608,0.112701215
6_474_774,54.600002,61.533936,6.9339337,0.2204861111111111,508,2304,0.12699512,0.11268471
10_101_26,51.07,57.554882,6.4848804,0.1831597222222222,422,2304,0.12698023,0.112672985
0_165_127,41.100002,46.31846,5.2184587,0.18229166666666666,420,2304,0.12696978,0.112664774
5_6_115,44.27,49.889236,5.619237,0.14973958333333334,345,2304,0.12693104,0.11263426
12_251_6,90.46,101.93938,11.479376,0.2348090277777778,541,2304,0.12690002,0.112609826
17_886_419,39.64,44.670097,5.030097,0.1857638888888889,428,2304,0.12689447,0.11260546
15_512_258,42.3,47.66622,5.36622,0.22135416666666666,510,2304,0.12686099,0.11257909
0_856_12,50.04,56.388073,6.3480716,0.1801215277777778,415,2304,0.12685995,0.112578265
6_513_37,65.8,74.14315,8.343151,0.20442708333333334,471,2304,0.1267956,0.1125276
0_18_41,153.6,173.07521,19.475203,0.24522569444444445,565,2304,0.12679167,0.11252451
16_355_634,47.030003,52.992832,5.962833,0.23307291666666666,537,2304,0.12678786,0.1125215
11_608_422,50.7,57.126476,6.4264736,0.21744791666666666,501,2304,0.1267549,0.112495534
0_714_600,110.8,124.841934,14.041932,0.3498263888888889,806,2304,0.12673223,0.11247769
0_46_266,41.71,46.99594,5.285942,0.19661458333333334,453,2304,0.12673081,0.112476565
0_229_250,81.71,92.06418,10.354177,0.2421875,558,2304,0.12671861,0.11246695
16_163_387,75.6,85.17923,9.579227,0.19444444444444445,448,2304,0.12670936,0.11245966
12_228_6,69.28,78.048744,8.768746,0.19053819444444445,439,2304,0.12656967,0.112349615
0_423_783,79.5,89.56026,10.060252,0.19444444444444445,448,2304,0.12654406,0.11232942
0_234_645,67.07,75.557144,8.487145,0.20442708333333334,471,2304,0.1265416,0.1123275
6_534_810,46.690002,52.59578,5.90578,0.2109375,486,2304,0.12648918,0.112286195
12_399_804,85.060005,95.81582,10.755815,0.3025173611111111,697,2304,0.12644973,0.112255104
0_198_258,55.0,61.95372,6.9537177,0.1970486111111111,454,2304,0.12643123,0.112240516
6_537_547,50.96,57.401817,6.4418173,0.2282986111111111,526,2304,0.12640929,0.11222323
12_225_565,47.77,53.807335,6.0373335,0.22960069444444445,529,2304,0.12638336,0.1122028
0_147_293,49.62,55.890015,6.2700143,0.2769097222222222,638,2304,0.12636063,0.112184875
16_501_645,48.47,54.594173,6.124172,0.2439236111111111,562,2304,0.12634975,0.1121763
3_712_422,53.940002,60.754314,6.814312,0.24348958333333334,561,2304,0.12633133,0.11216178
0_301_670,55.4,62.39553,6.995529,0.2165798611111111,499,2304,0.12627308,0.11211587
12_316_381,64.6,72.755356,8.155352,0.1909722222222222,440,2304,0.12624383,0.1120928
12_623_489,54.8,61.71621,6.916207,0.18836805555555555,434,2304,0.12620816,0.112064674
0_239_135,40.100002,45.158295,5.0582952,0.1714409722222222,395,2304,0.12614202,0.11201254
0_168_290,54.52,61.396313,6.876311,0.2543402777777778,586,2304,0.12612456,0.11199876
11_608_631,74.71,84.1316,9.421601,0.2521701388888889,581,2304,0.12610897,0.11198647
0_812_11,75.8,85.357735,9.557734,0.2026909722222222,467,2304,0.12609147,0.11197267
14_457_343,134.6,151.56783,16.967823,0.3033854166666667,699,2304,0.12606108,0.11194871
16_600_193,45.7,51.45954,5.759541,0.15538194444444445,358,2304,0.12602934,0.11192368
0_511_291,64.36,72.469604,8.109603,0.3025173611111111,697,2304,0.12600377,0.11190351
1_25_461,82.26,92.62294,10.362938,0.23914930555555555,551,2304,0.12597784,0.11188306
0_378_99,40.06,45.105362,5.0453625,0.140625,324,2304,0.12594514,0.111857265
0_536_645,47.9,53.932415,6.0324144,0.2170138888888889,500,2304,0.12593767,0.11185137
6_473_41,68.630005,77.27298,8.642979,0.1662326388888889,383,2304,0.12593585,0.11184995
6_493_802,72.6,81.74188,9.141883,0.11675347222222222,269,2304,0.12592125,0.11183842
0_577_847,50.41,56.754448,6.344446,0.2144097222222222,494,2304,0.12585689,0.11178765
13_401_522,55.55,62.541126,6.991126,0.2443576388888889,563,2304,0.12585285,0.11178446
14_77_108,104.3,117.42389,13.123888,0.22395833333333334,516,2304,0.12582827,0.11176506
12_275_804,61.65,69.406494,7.7564907,0.2677951388888889,617,2304,0.12581493,0.11175454
9_54_195,40.45,45.537113,5.087111,0.19921875,459,2304,0.12576294,0.111713514
0_439_374,45.49,51.209965,5.719964,0.2105034722222222,485,2304,0.12574112,0.11169631
11_632_638,51.370003,57.829018,6.4590173,0.2365451388888889,545,2304,0.1257352,0.11169163
0_96_843,76.700005,86.34343,9.643432,0.21006944444444445,484,2304,0.12572922,0.11168692
3_726_580,93.1,104.80507,11.7050705,0.2552083333333333,588,2304,0.12572579,0.1116842
0_363_644,60.5,68.10601,7.606006,0.1892361111111111,436,2304,0.12571912,0.11167893
12_418_93,50.54,56.892906,6.352907,0.2261284722222222,521,2304,0.12570058,0.11166431
0_134_27,50.4,56.73516,6.3351617,0.14930555555555555,344,2304,0.12569764,0.111662
0_468_565,41.15,46.32212,5.172118,0.20008680555555555,461,2304,0.12568939,0.11165547
0_241_765,48.170002,54.22421,6.0542073,0.24869791666666666,573,2304,0.12568419,0.111651376
11_430_194,62.58,70.443665,7.8636613,0.19791666666666666,456,2304,0.12565774,0.1116305
3_821_109,43.5,48.965965,5.465965,0.1870659722222222,431,2304,0.12565437,0.11162784
4_11_631,81.72,91.987854,10.267851,0.2825520833333333,651,2304,0.12564673,0.11162181
0_780_17,41.64,46.870583,5.2305818,0.18836805555555555,434,2304,0.12561436,0.111596264
0_274_554,50.48,56.81789,6.337891,0.2009548611111111,463,2304,0.12555252,0.111547455
0_284_345,79.42,89.389946,9.969947,0.2686631944444444,619,2304,0.12553446,0.1115332
0_197_515,75.700005,85.1985,9.498503,0.2052951388888889,473,2304,0.12547559,0.11148673
0_255_673,39.2,44.11746,4.9174595,0.1853298611111111,427,2304,0.1254454,0.11146289
0_119_190,74.16,83.46083,9.300832,0.1957465277777778,451,2304,0.12541574,0.11143948
0_311_207,119.97,135.01414,15.044136,0.3090277777777778,712,2304,0.12539914,0.11142637
13_702_603,42.5,47.829044,5.329042,0.20833333333333334,480,2304,0.12538922,0.11141853
0_850_430,47.8,53.7927,5.9927,0.2109375,486,2304,0.1253703,0.11140359
0_18_93,83.3,93.74128,10.441281,0.2699652777777778,622,2304,0.12534551,0.11138403
13_760_461,65.57,73.78805,8.218048,0.1948784722222222,449,2304,0.12533244,0.1113737
0_233_439,39.600002,44.562954,4.9629545,0.1953125,450,2304,0.12532713,0.11136951
15_9_291,98.91,111.30499,12.394994,0.3133680555555556,722,2304,0.12531587,0.111360624
12_222_396,53.210003,59.8776,6.6675987,0.21223958333333334,489,2304,0.12530725,0.11135381
11_891_80,48.52,54.597145,6.0771437,0.20616319444444445,475,2304,0.12525028,0.11130882
16_333_699,57.8,65.03731,7.2373066,0.2144097222222222,494,2304,0.12521292,0.11127931
0_500_638,63.36,71.292885,7.9328847,0.2556423611111111,589,2304,0.12520336,0.11127176
0_95_452,39.8,44.782894,4.9828944,0.2421875,558,2304,0.12519835,0.111267805
15_512_638,65.98,74.237274,8.257277,0.2638888888888889,608,2304,0.12514816,0.111228175
6_506_122,89.04,100.1827,11.1427,0.2738715277777778,631,2304,0.12514263,0.111223795
0_713_38,70.6,79.43445,8.834451,0.15494791666666666,357,2304,0.12513387,0.11121687
0_434_93,61.15,68.7997,7.6496987,0.24131944444444445,556,2304,0.12509727,0.11118797
0_243_351,97.37,109.54954,12.179535,0.2877604166666667,663,2304,0.12508509,0.11117833
0_343_596,161.7,181.92468,20.224674,0.3159722222222222,728,2304,0.1250753,0.11117059
0_217_715,50.7,57.040443,6.3404427,0.19618055555555555,452,2304,0.12505804,0.11115696
0_311_291,102.590004,115.41736,12.827354,0.3506944444444444,808,2304,0.12503514,0.111138865
0_158_672,43.57,49.01741,5.447411,0.1714409722222222,395,2304,0.12502664,0.11113217
0_109_645,41.64,46.84579,5.2057905,0.21484375,495,2304,0.12501898,0.11112611
0_201_634,53.36,60.03046,6.670459,0.23914930555555555,551,2304,0.1250086,0.1111179
0_131_768,72.0,80.9972,8.997197,0.18229166666666666,420,2304,0.12496107,0.11108035
13_629_309,180.1,202.60376,22.503761,0.3524305555555556,812,2304,0.124951474,0.11107277
13_407_4,102.700005,115.53117,12.831174,0.24479166666666666,564,2304,0.1249384,0.11106244
0_233_345,57.23,64.380066,7.1500664,0.2660590277777778,613,2304,0.124935634,0.111060254
14_77_381,70.4,79.19515,8.795149,0.22743055555555555,524,2304,0.12493109,0.111056656
0_704_847,49.58,55.772804,6.1928043,0.2543402777777778,586,2304,0.12490529,0.11103627
0_145_136,60.4,67.94272,7.5427184,0.1697048611111111,391,2304,0.12487944,0.11101585
0_53_740,68.200005,76.716576,8.516573,0.24696180555555555,569,2304,0.124876425,0.111013465
13_585_531,69.200005,77.838875,8.638871,0.21744791666666666,501,2304,0.12483917,0.11098402
6_537_194,46.04,51.78747,5.7474704,0.21614583333333334,498,2304,0.12483645,0.11098187
0_93_370,56.7,63.777687,7.0776873,0.25,576,2304,0.12482693,0.11097435
4_833_774,46.100002,51.85391,5.7539062,0.2339409722222222,539,2304,0.12481358,0.11096379
16_324_116,106.6,119.902084,13.30208,0.2269965277777778,523,2304,0.12478499,0.110941194
11_670_596,95.6,107.528656,11.928656,0.3090277777777778,712,2304,0.124776736,0.11093467
0_236_212,48.47,54.51655,6.0465465,0.1875,432,2304,0.12474822,0.11091213
13_775_309,106.5,119.782715,13.282714,0.2417534722222222,557,2304,0.12472032,0.110890076
0_368_740,70.200005,78.95377,8.753771,0.3033854166666667,699,2304,0.12469758,0.110872105
0_259_310,52.030003,58.515842,6.4858418,0.2825520833333333,651,2304,0.124655806,0.11083908
12_218_6,75.4,84.79892,9.398918,0.2026909722222222,467,2304,0.124654084,0.11083771
12_218_207,42.11,47.35857,5.2485676,0.19053819444444445,439,2304,0.12463946,0.11082614
0_556_110,67.3,75.685936,8.385935,0.21223958333333334,489,2304,0.12460527,0.11079912
6_474_620,92.8,104.362206,11.562201,0.21744791666666666,501,2304,0.12459268,0.11078916
15_611_291,47.16,53.03518,5.8751783,0.23524305555555555,542,2304,0.12457969,0.11077889
4_321_242,43.08,48.445786,5.3657866,0.1918402777777778,442,2304,0.124554,0.11075858
0_595_222,50.5,56.789112,6.2891116,0.24696180555555555,569,2304,0.124536864,0.11074503
12_227_6,75.83,85.27339,9.443394,0.18229166666666666,420,2304,0.12453374,0.11074256
16_542_306,44.608,50.16305,5.5550523,0.2035590277777778,469,2304,0.1245304,0.11073992
0_790_416,50.260002,56.516586,6.256586,0.23133680555555555,533,2304,0.1244844,0.110703535
17_896_483,40.4,45.428658,5.0286555,0.11328125,261,2304,0.124471664,0.11069346
9_37_522,77.83,87.5153,9.685296,0.2734375,630,2304,0.124441676,0.11066975
13_676_317,126.700005,142.46613,15.766126,0.3216145833333333,741,2304,0.12443666,0.11066578
0_291_110,41.0,46.100796,5.1007934,0.17491319444444445,403,2304,0.12440959,0.11064437
0_167_548,44.2,49.69729,5.497289,0.1753472222222222,404,2304,0.124373056,0.11061548
4_11_772,56.86,63.93128,7.0712786,0.2686631944444444,619,2304,0.12436297,0.1106075
4_880_688,40.100002,45.086777,4.986777,0.1636284722222222,377,2304,0.12435852,0.11060398
0_181_764,52.940002,59.52336,6.5833616,0.22786458333333334,525,2304,0.124355145,0.110601306
0_57_496,92.700005,104.225365,11.52536,0.3081597222222222,710,2304,0.124329664,0.110581145
12_455_845,64.29,72.28129,7.99129,0.22743055555555555,524,2304,0.124300666,0.11055821
0_856_783,82.5,92.75101,10.251005,0.1996527777777778,460,2304,0.12425461,0.11052176
0_850_414,50.280003,56.525963,6.245962,0.2052951388888889,473,2304,0.12422358,0.11049723
0_148_765,40.75,45.81167,5.0616665,0.20703125,477,2304,0.124212675,0.110488586
16_410_635,70.47,79.22306,8.753062,0.23133680555555555,533,2304,0.12420976,0.11048629
0_741_764,55.58,62.482895,6.9028926,0.21875,504,2304,0.124197416,0.110476516
0_213_783,74.3,83.52655,9.226546,0.17491319444444445,403,2304,0.124179624,0.110462435
11_634_145,57.2,64.30211,7.102108,0.2478298611111111,571,2304,0.124162726,0.11044907
11_531_765,49.280003,55.398464,6.118464,0.23046875,531,2304,0.12415714,0.11044465
0_194_258,43.4,48.787086,5.3870854,0.16145833333333334,372,2304,0.12412639,0.11042032
16_572_41,84.74,95.258026,10.5180235,0.24739583333333334,570,2304,0.12412112,0.11041614
0_300_58,60.030003,67.479515,7.449517,0.2365451388888889,545,2304,0.12409656,0.11039671
0_434_200,52.7,59.239807,6.5398045,0.21006944444444445,484,2304,0.12409496,0.11039544
0_192_769,70.14,78.839935,8.699936,0.1684027777777778,388,2304,0.12403673,0.11034936
0_112_93,55.57,62.462025,6.892025,0.2747395833333333,633,2304,0.124024205,0.11033944
0_196_194,119.64,134.47824,14.838238,0.3307291666666667,762,2304,0.124024056,0.11033932
7_136_50,71.270004,80.10891,8.838909,0.1948784722222222,449,2304,0.12402005,0.110336155
0_189_110,45.100002,50.69268,5.59268,0.1870659722222222,431,2304,0.124006204,0.110325195
13_745_317,121.0,136.00298,15.002973,0.2868923611111111,661,2304,0.12399151,0.110313565
13_642_4,119.200005,133.97148,14.771485,0.2521701388888889,581,2304,0.12392185,0.11025843
6_667_117,210.0,236.01973,26.019726,0.4483506944444444,1033,2304,0.12390345,0.11024386
0_713_826,42.61,47.885933,5.2759333,0.15147569444444445,349,2304,0.123819135,0.1101771
5_50_351,43.79,49.21156,5.42156,0.20399305555555555,470,2304,0.12380817,0.11016842
12_342_381,53.9,60.57324,6.6732383,0.1401909722222222,323,2304,0.12380776,0.11016809
6_475_715,45.98,51.671986,5.6919837,0.1935763888888889,446,2304,0.1237926,0.11015609
0_599_220,47.600002,53.491405,5.8914046,0.21397569444444445,493,2304,0.123769,0.1101374
5_733_631,77.62,87.22679,9.606788,0.2660590277777778,613,2304,0.12376691,0.11013575
0_180_190,68.9,77.4248,8.5247965,0.22178819444444445,511,2304,0.12372709,0.11010422
0_551_565,44.420002,49.915817,5.4958153,0.1987847222222222,458,2304,0.12372389,0.11010168
0_595_783,63.0,70.790726,7.790727,0.15364583333333334,354,2304,0.12366234,0.110052936
16_566_635,60.8,68.31777,7.517769,0.21961805555555555,506,2304,0.12364752,0.110041186
0_411_843,56.99,64.03566,7.045659,0.14583333333333334,336,2304,0.12362974,0.11002712
15_742_656,50.22,56.427036,6.207035,0.19444444444444445,448,2304,0.12359687,0.11000108
0_259_99,43.600002,48.988632,5.3886304,0.1697048611111111,391,2304,0.12359244,0.10999757
0_282_802,130.0,146.067,16.067,0.1584201388888889,365,2304,0.1235923,0.10999746
10_297_181,58.710003,65.96394,7.2539406,0.24696180555555555,569,2304,0.123555444,0.10996827
16_333_774,59.600002,66.96223,7.362224,0.2300347222222222,530,2304,0.123527244,0.10994593
0_671_19,175.98,197.70882,21.728819,0.3823784722222222,881,2304,0.123473234,0.109903134
0_214_213,48.4,54.37452,5.9745173,0.2013888888888889,464,2304,0.12344044,0.109877154
0_121_644,93.700005,105.25829,11.5582905,0.19921875,459,2304,0.12335421,0.10980883
0_184_310,72.11,81.003075,8.893076,0.2543402777777778,586,2304,0.123326525,0.10978689
3_724_315,79.9,89.75265,9.852645,0.22569444444444445,520,2304,0.1233122,0.109775536
13_674_381,101.0,113.45128,12.45128,0.2456597222222222,566,2304,0.123279996,0.10975002
2_45_221,178.3,200.27832,21.978323,0.2977430555555556,686,2304,0.123265974,0.1097389
12_249_351,43.97,49.387615,5.4176164,0.18663194444444445,430,2304,0.12321165,0.10969585
13_776_795,54.4,61.102303,6.7023005,0.2222222222222222,512,2304,0.12320405,0.10968982
10_102_468,48.8,54.810738,6.010738,0.15321180555555555,353,2304,0.12317086,0.10966351
13_798_522,64.880005,72.86978,7.9897823,0.2560763888888889,590,2304,0.12314707,0.10964466
0_246_783,91.3,102.54331,11.243311,0.1831597222222222,422,2304,0.123146884,0.10964451
0_699_834,300.4,337.37787,36.977848,0.5533854166666666,1275,2304,0.12309537,0.10960366
0_722_28,43.0,48.289776,5.289774,0.1328125,306,2304,0.123018,0.10954232
6_570_491,44.43,49.891514,5.461512,0.1427951388888889,329,2304,0.12292397,0.10946776
12_320_677,46.77,52.51778,5.747779,0.22265625,513,2304,0.12289456,0.10944444
0_167_144,47.420002,53.245796,5.825796,0.1831597222222222,422,2304,0.122855246,0.10941326
6_892_363,68.1,76.46383,8.363831,0.2144097222222222,494,2304,0.1228169,0.10938284
0_289_190,68.9,77.36061,8.46061,0.18055555555555555,416,2304,0.12279551,0.109365866
1_28_599,88.3,99.14163,10.841631,0.2504340277777778,577,2304,0.122781776,0.10935498
0_452_27,41.600002,46.707386,5.107384,0.13671875,315,2304,0.122773655,0.109348536
12_876_560,43.18,48.480457,5.300455,0.22569444444444445,520,2304,0.12275255,0.10933179
12_299_835,102.4,114.96952,12.569519,0.1540798611111111,355,2304,0.12274921,0.10932914
6_506_441,113.700005,127.65286,13.952864,0.15711805555555555,362,2304,0.12271647,0.10930318
12_224_11,53.8,60.401928,6.6019278,0.1918402777777778,442,2304,0.12271241,0.10929995
16_524_580,96.8,108.6763,11.876298,0.2673611111111111,616,2304,0.12268902,0.1092814
14_286_218,63.210003,70.964676,7.754678,0.1974826388888889,455,2304,0.12268118,0.10927518
0_96_26,85.05,95.4811,10.431099,0.2439236111111111,562,2304,0.12264666,0.10924779
0_232_12,41.87,47.005108,5.135108,0.1644965277777778,379,2304,0.12264409,0.10924575
15_875_729,55.2,61.96991,6.769908,0.20616319444444445,475,2304,0.122643255,0.109245084
0_489_291,69.87,78.436615,8.566611,0.3168402777777778,730,2304,0.12260786,0.109216996
0_132_740,77.9,87.44777,9.547767,0.2821180555555556,650,2304,0.1225644,0.10918251
0_284_27,41.8,46.922337,5.1223345,0.18272569444444445,421,2304,0.12254389,0.10916623
12_226_491,47.120003,52.8942,5.7741995,0.22569444444444445,520,2304,0.122542426,0.10916508
0_488_429,43.4,48.71769,5.317687,0.1779513888888889,410,2304,0.122527346,0.10915311
12_349_689,39.2,44.001625,4.8016233,0.20052083333333334,462,2304,0.12249039,0.109123774
12_484_190,59.5,66.78666,7.286656,0.20225694444444445,466,2304,0.122464806,0.10910346
0_309_220,58.97,66.187164,7.2171617,0.2152777777777778,496,2304,0.122387,0.10904171
16_103_481,51.95,58.305847,6.3558464,0.22526041666666666,519,2304,0.122345455,0.10900873
16_572_592,48.11,53.995945,5.8859463,0.23524305555555555,542,2304,0.12234351,0.10900719
6_498_822,76.75,86.13931,9.389309,0.2625868055555556,605,2304,0.122336276,0.109001435
0_24_596,84.6,94.944885,10.344885,0.2300347222222222,530,2304,0.122279964,0.10895674
0_282_38,84.200005,94.49387,10.293874,0.19444444444444445,448,2304,0.12225503,0.10893694
2_42_599,88.9,99.767044,10.867044,0.2361111111111111,544,2304,0.12223897,0.10892419
7_861_50,55.639,62.440014,6.8010116,0.16927083333333334,390,2304,0.12223461,0.10892072
11_492_295,48.18,54.067936,5.8879333,0.22135416666666666,510,2304,0.122207,0.108898796
0_171_11,54.600002,61.270184,6.670183,0.21571180555555555,497,2304,0.122164525,0.108865075
11_293_638,71.57,80.310715,8.740715,0.2521701388888889,581,2304,0.122128196,0.108836226
0_91_27,56.600002,63.511745,6.911745,0.1957465277777778,451,2304,0.122115634,0.10882625
12_223_804,74.4,83.484,9.083999,0.2756076388888889,635,2304,0.122096755,0.10881125
0_596_121,47.7,53.522423,5.82242,0.20833333333333334,480,2304,0.12206332,0.10878469
13_590_531,66.61,74.73989,8.12989,0.2378472222222222,548,2304,0.1220521,0.10877579
0_556_793,63.2,70.90882,7.7088203,0.17447916666666666,402,2304,0.121975005,0.10871454
3_837_187,73.87,82.87806,9.008061,0.24522569444444445,565,2304,0.121944785,0.108690545
0_363_290,64.01,71.81483,7.8048277,0.2322048611111111,535,2304,0.121931374,0.10867989
0_174_645,50.22,56.34179,6.121788,0.2404513888888889,554,2304,0.1218994,0.108654484
12_336_743,39.8,44.651237,4.8512354,0.21180555555555555,488,2304,0.12189034,0.10864728
12_379_351,44.8,50.260525,5.4605255,0.17578125,405,2304,0.12188673,0.10864442
7_318_221,83.1,93.22746,10.127464,0.19444444444444445,448,2304,0.121870816,0.10863177
16_445_481,46.260002,51.89748,5.637478,0.20572916666666666,474,2304,0.12186506,0.1086272
5_17_396,124.200005,139.33284,15.132836,0.2825520833333333,651,2304,0.12184248,0.10860926
0_187_291,113.240005,127.03473,13.794725,0.3385416666666667,780,2304,0.12181848,0.10859019
13_645_346,41.600002,46.667446,5.067445,0.20399305555555555,470,2304,0.12181357,0.10858629
12_876_11,82.9,92.99578,10.0957775,0.2508680555555556,578,2304,0.1217826,0.10856167
5_749_426,44.4,49.807117,5.4071164,0.23177083333333334,534,2304,0.1217819,0.10856112
0_394_515,57.4,64.38969,6.989686,0.2183159722222222,503,2304,0.12177153,0.10855288
0_335_19,150.3,168.59117,18.29117,0.27734375,639,2304,0.12169774,0.10849424
0_581_783,88.0,98.70629,10.706293,0.17317708333333334,399,2304,0.12166242,0.10846617
0_159_478,57.88,64.92058,7.0405784,0.2092013888888889,482,2304,0.12164095,0.1084491
16_543_645,61.47,68.94657,7.476573,0.2534722222222222,584,2304,0.12162962,0.1084401
16_333_569,54.100002,60.677597,6.577597,0.2087673611111111,481,2304,0.121582195,0.1084024
3_287_590,87.700005,98.36172,10.661716,0.24522569444444445,565,2304,0.121570304,0.10839295
9_37_381,96.0,107.67005,11.670049,0.21614583333333334,498,2304,0.12156301,0.108387135
0_152_207,65.3,73.234474,7.9344764,0.1818576388888889,419,2304,0.121508054,0.10834346
0_311_135,50.3,56.411148,6.111146,0.1875,432,2304,0.12149396,0.10833224
0_211_829,77.78,87.22332,9.443318,0.2243923611111111,517,2304,0.12141062,0.10826598
16_731_580,158.40001,177.61217,19.212172,0.3854166666666667,888,2304,0.121288955,0.10816923
4_98_598,41.8,46.86961,5.0696106,0.1597222222222222,368,2304,0.121282555,0.10816413
13_798_381,134.6,150.92264,16.322636,0.23350694444444445,538,2304,0.12126772,0.10815234
0_53_769,85.3,95.640625,10.340625,0.1840277777777778,424,2304,0.12122655,0.108119585
0_112_238,47.96,53.773888,5.8138876,0.14973958333333334,345,2304,0.12122368,0.1081173
6_514_6,59.34,66.53307,7.1930733,0.23177083333333334,534,2304,0.12121795,0.108112745
6_493_634,62.0,69.512726,7.5127225,0.2087673611111111,481,2304,0.12117294,0.10807694
0_148_259,61.9,69.39836,7.498357,0.17664930555555555,407,2304,0.12113662,0.10804804
0_411_212,63.4,71.078835,7.6788306,0.1796875,414,2304,0.1211172,0.10803259
0_799_12,50.36,56.458267,6.0982656,0.2131076388888889,491,2304,0.12109344,0.10801369
3_803_385,40.91,45.86382,4.9538193,0.21788194444444445,502,2304,0.12109067,0.108011484
9_38_4,119.700005,134.19174,14.4917345,0.23177083333333334,534,2304,0.121067114,0.107992746
12_383_426,64.6,72.41804,7.8180394,0.2222222222222222,512,2304,0.121022284,0.10795707
0_536_806,46.100002,51.67851,5.578506,0.21223958333333334,489,2304,0.1210088,0.10794634
0_211_321,48.48,54.345684,5.865684,0.19270833333333334,444,2304,0.12099183,0.10793284
16_340_6,47.420002,53.15639,5.7363915,0.1779513888888889,410,2304,0.12096987,0.10791537
16_279_144,128.99,144.59389,15.603883,0.3129340277777778,721,2304,0.120969705,0.10791523
12_218_796,44.920002,50.352707,5.432708,0.1584201388888889,365,2304,0.12094184,0.107893065
6_52_666,69.86,78.30863,8.448634,0.2534722222222222,584,2304,0.12093665,0.10788892
0_282_93,61.4,68.825,7.4249935,0.2621527777777778,604,2304,0.12092823,0.107882224
0_242_76,154.27,172.92134,18.651339,0.2738715277777778,631,2304,0.120900616,0.107860245
3_782_112,53.8,60.303963,6.5039625,0.19140625,441,2304,0.1208915,0.10785299
9_40_320,87.05,97.57168,10.521677,0.2916666666666667,672,2304,0.120869346,0.10783536
0_182_345,99.73,111.78191,12.051914,0.2660590277777778,613,2304,0.12084542,0.107816316
0_371_250,49.370003,55.335423,5.965421,0.18489583333333334,426,2304,0.120830886,0.107804745
2_97_599,66.0,73.97455,7.97455,0.2265625,522,2304,0.12082651,0.107801266
0_212_774,95.62,107.169914,11.549915,0.2625868055555556,605,2304,0.120789744,0.10777199
0_557_764,72.950005,81.759636,8.809636,0.21223958333333334,489,2304,0.12076265,0.10775043
5_17_740,116.3,130.34337,14.043373,0.3802083333333333,876,2304,0.12075127,0.10774137
13_797_522,65.76,73.6988,7.938798,0.2569444444444444,592,2304,0.12072381,0.1077195
6_475_635,55.440002,62.132504,6.692504,0.2400173611111111,553,2304,0.120716155,0.10771341
5_111_387,49.0,54.91477,5.914768,0.17578125,405,2304,0.12070955,0.10770815
11_891_686,39.600002,44.378624,4.7786236,0.2599826388888889,599,2304,0.12067231,0.107678495
0_554_16,64.4,72.17019,7.770188,0.2282986111111111,526,2304,0.12065509,0.10766479
12_349_835,127.8,143.2188,15.418793,0.1896701388888889,437,2304,0.120647825,0.107659005
0_119_23,60.27,67.53629,7.2662888,0.2517361111111111,580,2304,0.12056228,0.10759088
0_160_834,226.3,253.58275,27.282743,0.4114583333333333,948,2304,0.120560065,0.10758912
0_0_578,63.780003,71.46841,7.6884065,0.22352430555555555,515,2304,0.12054572,0.1075777
0_144_140,48.5,54.346085,5.846083,0.2282986111111111,526,2304,0.120537795,0.10757138
0_56_783,69.6,77.9887,8.388696,0.18663194444444445,430,2304,0.12052724,0.10756296
0_58_6,92.3,103.42384,11.123839,0.1801215277777778,415,2304,0.1205183,0.10755585
0_171_578,83.200005,93.22693,10.026928,0.24609375,567,2304,0.12051596,0.10755399
16_518_740,77.4,86.72627,9.326272,0.2990451388888889,689,2304,0.12049447,0.107536875
2_97_449,41.45,46.444027,4.9940248,0.23958333333333334,552,2304,0.1204831,0.107527815
0_411_738,62.5,70.0278,7.5278025,0.2417534722222222,557,2304,0.12044484,0.10749734
0_34_422,75.4,84.47964,9.079634,0.24739583333333334,570,2304,0.12041954,0.10747719
0_301_291,80.36,90.033424,9.673424,0.3146701388888889,725,2304,0.1203761,0.10744259
13_702_103,59.850002,67.05303,7.2030277,0.24479166666666666,564,2304,0.12035134,0.10742285
0_257_370,60.8,68.11606,7.3160577,0.23133680555555555,533,2304,0.120329894,0.10740577
3_771_385,42.49,47.601482,5.1114817,0.2204861111111111,508,2304,0.12029846,0.107380725
6_474_240,69.07,77.3786,8.308599,0.21484375,495,2304,0.12029245,0.107375935
13_310_402,55.440002,62.107704,6.667703,0.2547743055555556,587,2304,0.120268814,0.1073571
0_707_478,49.100002,55.002327,5.9023256,0.1875,432,2304,0.12021029,0.107310474
12_313_775,86.770004,97.19998,10.429983,0.19921875,459,2304,0.12020264,0.10730437
3_837_729,48.5,54.32944,5.8294387,0.23307291666666666,537,2304,0.120194614,0.10729797
7_825_441,44.5,49.847416,5.3474154,0.1762152777777778,406,2304,0.12016664,0.10727568
0_308_554,69.07,77.36838,8.298376,0.16710069444444445,385,2304,0.120144434,0.107257985
0_722_94,42.9,48.052467,5.152468,0.109375,252,2304,0.12010415,0.10722588
0_281_596,90.3,101.14274,10.842737,0.29296875,675,2304,0.12007461,0.10720233
12_460_82,45.32,50.761284,5.4412847,0.2009548611111111,463,2304,0.120063655,0.1071936
0_621_296,83.36,93.36637,10.006373,0.2842881944444444,655,2304,0.12003807,0.107173204
12_444_796,42.95,48.105587,5.1555853,0.2113715277777778,487,2304,0.12003691,0.10717228
0_74_635,58.88,65.947075,7.067072,0.2595486111111111,598,2304,0.120024994,0.10716278
16_404_768,55.2,61.824497,6.624495,0.2417534722222222,557,2304,0.12000897,0.10715
16_412_631,49.7,55.662872,5.962872,0.2582465277777778,595,2304,0.1199773,0.10712476
0_678_12,48.08,53.848377,5.7683783,0.20225694444444445,466,2304,0.11997458,0.1071226
3_794_381,48.100002,53.870594,5.7705913,0.14453125,333,2304,0.11997071,0.1071195
0_654_645,49.190002,55.09043,5.9004292,0.16536458333333334,381,2304,0.1199518,0.10710443
0_260_467,58.3,65.29273,6.9927316,0.2604166666666667,600,2304,0.11994394,0.10709816
0_494_201,77.880005,87.220345,9.340341,0.2582465277777778,595,2304,0.11993246,0.10708901
12_350_194,61.29,68.63782,7.3478155,0.2677951388888889,617,2304,0.11988604,0.107052
6_507_6,55.3,61.92362,6.6236167,0.22135416666666666,510,2304,0.11977607,0.106964305
5_6_422,49.7,55.652843,5.952844,0.21571180555555555,497,2304,0.11977553,0.10696388
8_15_169,58.760002,65.79719,7.0371895,0.18663194444444445,430,2304,0.11976156,0.10695274
0_128_420,40.23,45.047676,4.817674,0.16710069444444445,385,2304,0.11975327,0.10694612
16_518_569,48.4,54.195724,5.795724,0.2400173611111111,553,2304,0.11974636,0.10694061
16_163_638,75.99,85.08492,9.094923,0.2534722222222222,584,2304,0.11968579,0.1068923
16_569_715,59.54,66.66308,7.12308,0.22395833333333334,516,2304,0.119635195,0.10685195
5_743_419,44.38,49.689186,5.309185,0.1892361111111111,436,2304,0.11963012,0.1068479
0_554_136,79.32,88.80854,9.488537,0.2339409722222222,539,2304,0.11962351,0.106842615
4_321_300,131.97,147.75424,15.784245,0.2660590277777778,613,2304,0.11960479,0.10682769
6_495_11,48.8,54.636574,5.836573,0.15234375,351,2304,0.11960191,0.10682539
0_187_213,42.170002,47.21257,5.042568,0.23046875,531,2304,0.11957714,0.10680563
6_570_689,53.3,59.670624,6.3706226,0.1953125,450,2304,0.119523875,0.10676313
0_648_414,68.1,76.23926,8.139258,0.22352430555555555,515,2304,0.11951922,0.106759414
15_9_145,42.93,48.05992,5.1299195,0.2170138888888889,500,2304,0.11949498,0.10674007
0_704_213,43.440002,48.630733,5.190733,0.2591145833333333,597,2304,0.119492,0.1067377
0_263_636,71.770004,80.34186,8.571858,0.2387152777777778,550,2304,0.11943511,0.10669231
12_299_6,71.0,79.47939,8.479392,0.1779513888888889,410,2304,0.11942805,0.106686674
0_150_190,54.57,61.08612,6.5161195,0.1779513888888889,410,2304,0.11940846,0.10667103
16_296_145,59.600002,66.716644,7.116644,0.2261284722222222,521,2304,0.119406775,0.106669694
0_81_67,43.07,48.211964,5.1419644,0.1701388888888889,392,2304,0.11938622,0.10665329
5_743_481,55.46,62.07853,6.6185293,0.20833333333333334,480,2304,0.119338796,0.10661543
2_43_534,47.13,52.75396,5.623958,0.2222222222222222,512,2304,0.119328626,0.10660732
9_40_459,63.9,71.52222,7.6222167,0.1909722222222222,440,2304,0.11928351,0.10657132
0_191_783,108.1,120.98254,12.88253,0.19444444444444445,448,2304,0.11917234,0.10648256
0_348_115,57.420002,64.2618,6.8418055,0.1284722222222222,296,2304,0.11915369,0.10646769
0_171_500,73.1,81.809395,8.709394,0.2647569444444444,610,2304,0.11914357,0.10645959
0_586_94,44.350002,49.63303,5.28303,0.1675347222222222,386,2304,0.119121306,0.10644182
16_650_631,61.02,68.288536,7.268536,0.2560763888888889,590,2304,0.119117275,0.1064386
11_666_290,72.51,81.14554,8.635537,0.2591145833333333,597,2304,0.119094424,0.10642036
0_343_825,43.0,48.120964,5.120964,0.19618055555555555,452,2304,0.11909219,0.106418565
13_682_4,84.0,93.99876,9.998754,0.17838541666666666,411,2304,0.11903278,0.10637113
0_722_829,69.65,77.93977,8.289771,0.1775173611111111,409,2304,0.1190204,0.10636124
3_729_340,49.170002,55.022152,5.8521504,0.18359375,423,2304,0.11901871,0.1063599
0_159_72,55.31,61.8915,6.581498,0.15321180555555555,353,2304,0.11899291,0.10633929
0_567_764,70.73,79.14546,8.415459,0.2265625,522,2304,0.11898004,0.10632901
0_312_416,48.75,54.549816,5.799817,0.2074652777777778,478,2304,0.11897061,0.10632148
0_577_110,65.700005,73.51626,7.816254,0.2222222222222222,512,2304,0.11896885,0.106320076
5_6_565,43.96,49.189327,5.2293277,0.21571180555555555,497,2304,0.1189565,0.10631021
6_541_689,48.5,54.266575,5.766573,0.20789930555555555,479,2304,0.118898414,0.10626381
0_872_411,52.9,59.189102,6.2891006,0.11762152777777778,271,2304,0.11888659,0.10625437
6_477_638,76.46,85.549286,9.089284,0.25,576,2304,0.11887633,0.10624617
11_602_677,49.36,55.22705,5.8670487,0.21788194444444445,502,2304,0.11886241,0.10623506
0_500_11,64.3,71.94247,7.6424627,0.1987847222222222,458,2304,0.11885633,0.1062302
0_640_115,61.59,68.91005,7.320047,0.17664930555555555,407,2304,0.11885122,0.10622612
0_129_11,54.2,60.638885,6.4388833,0.20572916666666666,474,2304,0.118798584,0.106184065
0_599_207,112.3,125.636475,13.336472,0.2999131944444444,691,2304,0.11875754,0.106151275
0_191_12,45.48,50.88026,5.4002604,0.1723090277777778,397,2304,0.11873924,0.10613665
0_597_290,73.840004,82.60529,8.765295,0.2847222222222222,656,2304,0.11870659,0.10611057
0_300_740,105.200005,117.68745,12.487446,0.3446180555555556,794,2304,0.11870195,0.10610686
16_573_201,53.18,59.49132,6.3113213,0.21788194444444445,502,2304,0.11867847,0.1060881
0_118_487,56.940002,63.697384,6.757382,0.16927083333333334,390,2304,0.11867548,0.1060857
0_525_214,41.47,46.39029,4.9202876,0.18880208333333334,435,2304,0.11864691,0.10606288
2_47_4,113.9,127.41363,13.513628,0.2495659722222222,575,2304,0.11864467,0.106061086
0_635_554,76.4,85.46406,9.0640545,0.2322048611111111,535,2304,0.118639454,0.106056914
3_352_605,45.38,50.760666,5.3806653,0.1467013888888889,338,2304,0.11856908,0.106000684
0_289_296,62.31,69.6977,7.387699,0.22395833333333334,516,2304,0.118563615,0.10599631
0_60_207,105.700005,118.23059,12.530588,0.2543402777777778,586,2304,0.1185486,0.105984315
0_300_793,56.170002,62.827076,6.657076,0.18489583333333334,426,2304,0.11851657,0.10595871
0_406_684,50.64,56.64116,6.0011597,0.2222222222222222,512,2304,0.11850631,0.10595051
7_73_381,72.4,80.9782,8.578205,0.1948784722222222,449,2304,0.11848349,0.10593227
0_214_640,39.5,44.179996,4.6799946,0.1193576388888889,275,2304,0.118480876,0.10593017
0_348_740,75.4,84.332924,8.932921,0.2708333333333333,624,2304,0.11847375,0.10592449
3_712_296,73.68,82.40773,8.727726,0.23524305555555555,542,2304,0.11845448,0.10590907
0_423_567,68.0,76.05376,8.053758,0.19010416666666666,438,2304,0.11843761,0.105895594
0_872_93,74.75,83.60297,8.852966,0.2482638888888889,572,2304,0.11843433,0.10589297
16_526_481,54.260002,60.685585,6.425583,0.2026909722222222,467,2304,0.11842209,0.10588318
0_119_38,69.0,77.16906,8.169056,0.2204861111111111,508,2304,0.11839212,0.10585921
13_662_210,49.65,55.526943,5.8769407,0.1870659722222222,431,2304,0.11836738,0.105839446
0_202_560,39.68,44.37655,4.696548,0.1779513888888889,410,2304,0.11836059,0.10583401
16_163_194,71.840004,80.34151,8.501507,0.2013888888888889,464,2304,0.11833946,0.10581712
0_274_26,53.350002,59.661633,6.311631,0.1814236111111111,418,2304,0.11830611,0.10579045
0_41_554,65.25,72.96778,7.717781,0.2113715277777778,487,2304,0.11828017,0.10576971
0_647_6,101.6,113.61673,12.016725,0.21875,504,2304,0.11827485,0.10576545
0_143_310,64.69,72.33911,7.6491103,0.22960069444444445,529,2304,0.11824254,0.10573962
0_552_783,104.3,116.62804,12.328035,0.2183159722222222,503,2304,0.11819784,0.105703875
0_273_802,88.200005,98.62284,10.42284,0.1332465277777778,307,2304,0.11817279,0.10568383
6_472_650,42.27,47.2635,4.9934983,0.1293402777777778,298,2304,0.11813339,0.10565232
0_96_296,85.5,95.59873,10.098733,0.24522569444444445,565,2304,0.11811384,0.105636686
12_262_650,42.670002,47.709267,5.039266,0.17881944444444445,412,2304,0.118098564,0.105624475
6_513_707,48.8,54.562298,5.7622976,0.1662326388888889,383,2304,0.11807987,0.105609514
0_426_415,47.31,52.89524,5.5852394,0.21180555555555555,488,2304,0.11805621,0.10559058
11_602_764,46.36,51.832607,5.472608,0.20616319444444445,475,2304,0.118045904,0.10558234
0_397_70,192.7,215.4429,22.742893,0.3059895833333333,705,2304,0.11802228,0.10556344
0_246_638,56.55,63.22328,6.673282,0.20182291666666666,465,2304,0.11800676,0.10555103
3_416_177,39.170002,43.79194,4.6219378,0.18619791666666666,429,2304,0.11799687,0.105543114
6_541_217,45.16,50.487366,5.3273635,0.18098958333333334,417,2304,0.11796642,0.10551874
0_173_253,64.8,72.44317,7.6431656,0.16710069444444445,385,2304,0.11795008,0.105505675
3_854_116,84.0,93.906105,9.906102,0.19835069444444445,457,2304,0.11792979,0.10548944
3_766_6,39.66,44.336113,4.6761117,0.18880208333333334,435,2304,0.11790498,0.10546959
0_198_23,83.29,93.11009,9.82009,0.2165798611111111,499,2304,0.11790239,0.10546752
10_297_728,43.5,48.628212,5.12821,0.17274305555555555,398,2304,0.11788989,0.10545751
12_383_793,42.93,47.989567,5.0595646,0.1362847222222222,314,2304,0.11785615,0.10543051
0_35_847,50.23,56.146065,5.916063,0.24088541666666666,555,2304,0.11777947,0.10536914
5_7_11,63.600002,71.08896,7.488961,0.22135416666666666,510,2304,0.11775096,0.10534634
13_626_50,56.25,62.87285,6.6228456,0.1636284722222222,377,2304,0.117739476,0.105337135
0_877_250,61.170002,68.37179,7.201787,0.2035590277777778,469,2304,0.11773397,0.10533273
3_823_167,48.08,53.73928,5.659279,0.1488715277777778,343,2304,0.117705464,0.10530991
0_885_374,45.14,50.45305,5.3130493,0.17664930555555555,407,2304,0.11770158,0.105306804
16_731_581,54.670002,61.104103,6.434102,0.21354166666666666,492,2304,0.11768981,0.10529738
4_831_441,77.36,86.45644,9.09644,0.15321180555555555,353,2304,0.11758584,0.10521414
0_194_847,51.68,57.755833,6.0758314,0.2165798611111111,499,2304,0.1175664,0.10519858
0_183_416,43.59,48.70982,5.1198187,0.1597222222222222,368,2304,0.11745397,0.10510855
5_749_291,65.01,72.64548,7.6354795,0.24479166666666666,564,2304,0.11745084,0.105106056
0_59_688,46.7,52.18353,5.483529,0.18229166666666666,420,2304,0.11742032,0.10508161
0_707_416,42.59,47.58902,4.9990206,0.17838541666666666,411,2304,0.117375456,0.10504567
5_272_80,48.98,54.728615,5.748615,0.22743055555555555,524,2304,0.117366575,0.10503856
13_748_184,41.3,46.146908,4.846907,0.22743055555555555,524,2304,0.11735853,0.10503211
0_140_11,69.5,77.656006,8.156003,0.22395833333333334,516,2304,0.11735256,0.10502733
0_239_554,86.78,96.96155,10.181542,0.2973090277777778,685,2304,0.11732591,0.10500598
0_112_783,99.5,111.17341,11.673407,0.1896701388888889,437,2304,0.11732067,0.105001785
1_25_4,166.2,185.69719,19.497185,0.3237847222222222,746,2304,0.11731158,0.104994506
0_147_783,97.4,108.825165,11.425162,0.2131076388888889,491,2304,0.11730146,0.1049864
12_610_804,50.07,55.943035,5.8730335,0.2638888888888889,608,2304,0.11729646,0.10498239
0_131_686,81.200005,90.7187,9.518696,0.23567708333333334,543,2304,0.11722531,0.1049254
0_284_578,110.700005,123.67553,12.975532,0.2552083333333333,588,2304,0.11721347,0.10491592
0_182_622,44.9,50.16272,5.2627172,0.1618923611111111,373,2304,0.11720973,0.104912914
15_437_76,91.78,102.536446,10.756444,0.2309027777777778,532,2304,0.117198125,0.104903616
0_137_489,66.35,74.12187,7.7718673,0.2387152777777778,550,2304,0.1171344,0.10485255
12_383_774,42.8,47.81185,5.011851,0.12586805555555555,290,2304,0.11709932,0.104824446
16_650_295,45.81,51.172523,5.362522,0.2400173611111111,553,2304,0.11706007,0.104793
0_140_793,47.9,53.506626,5.6066256,0.17491319444444445,403,2304,0.11704855,0.10478376
0_343_8,39.5,44.12255,4.6225505,0.20182291666666666,465,2304,0.1170266,0.10476617
0_254_638,59.08,65.99333,6.9133344,0.2300347222222222,530,2304,0.11701649,0.10475808
0_500_554,80.4,89.80718,9.407179,0.24739583333333334,570,2304,0.11700471,0.10474862
15_9_190,62.2,69.47741,7.2774115,0.1892361111111111,436,2304,0.117000185,0.104745
0_56_212,45.56,50.889915,5.329915,0.1870659722222222,431,2304,0.11698672,0.10473421
13_688_102,102.0,113.93092,11.930924,0.1918402777777778,442,2304,0.116969846,0.10472068
12_357_525,51.61,57.64414,6.0341353,0.23828125,549,2304,0.116917945,0.10467908
3_443_861,50.0,55.844936,5.8449345,0.12803819444444445,295,2304,0.116898686,0.10466364
11_891_638,74.99,83.75487,8.764867,0.2916666666666667,672,2304,0.11688048,0.104649045
9_40_442,56.89,63.5341,6.644098,0.2443576388888889,563,2304,0.1167885,0.104575306
11_550_682,43.82,48.937122,5.117122,0.1662326388888889,383,2304,0.11677595,0.10456525
0_150_783,85.4,95.37055,9.970547,0.1618923611111111,373,2304,0.11675113,0.10454534
13_817_349,40.71,45.461075,4.7510757,0.22135416666666666,510,2304,0.11670537,0.10450865
16_331_631,60.54,67.603134,7.0631347,0.20833333333333334,480,2304,0.11666889,0.104479395
0_128_257,40.0,44.666527,4.666525,0.1462673611111111,337,2304,0.11666312,0.10447477
0_158_631,59.97,66.96574,6.995735,0.24739583333333334,570,2304,0.11665391,0.104467385
2_97_320,54.170002,60.48847,6.3184657,0.2682291666666667,618,2304,0.11664142,0.10445736
13_660_503,62.7,70.00999,7.309985,0.2261284722222222,521,2304,0.116586685,0.104413465
0_128_290,51.15,57.113377,5.963376,0.2881944444444444,664,2304,0.11658604,0.10441295
3_771_296,54.81,61.199726,6.389724,0.2026909722222222,467,2304,0.116579525,0.10440772
0_371_253,69.58,77.68999,8.109986,0.14756944444444445,340,2304,0.11655628,0.10438908
4_306_300,193.44,215.98398,22.543972,0.3415798611111111,787,2304,0.11654245,0.104377985
0_200_640,43.4,48.45755,5.057549,0.11848958333333333,273,2304,0.116533384,0.10437071
12_379_554,57.16,63.81865,6.6586485,0.21614583333333334,498,2304,0.1164914,0.10433703
0_436_578,85.4,95.347565,9.947566,0.2478298611111111,571,2304,0.116482034,0.10432953
0_423_631,55.34,61.78606,6.44606,0.2465277777777778,568,2304,0.11648103,0.104328714
0_169_716,44.7,49.904438,5.2044363,0.13411458333333334,309,2304,0.11643034,0.10428805
13_688_255,79.3,88.5326,9.232602,0.17447916666666666,402,2304,0.11642625,0.10428477
0_204_19,176.6,197.15862,20.558607,0.2860243055555556,659,2304,0.1164134,0.10427445
0_371_446,48.4,54.033993,5.6339903,0.1657986111111111,382,2304,0.11640476,0.104267515
0_18_26,114.490005,127.8156,13.325592,0.2686631944444444,619,2304,0.11639088,0.104256384
0_822_135,55.600002,62.07081,6.470809,0.18880208333333334,435,2304,0.11638145,0.10424883
0_19_11,50.100002,55.93068,5.83068,0.17881944444444445,412,2304,0.11638083,0.10424833
0_382_79,56.97,63.597454,6.627454,0.2026909722222222,467,2304,0.116332345,0.10420942
0_370_223,47.3,52.802166,5.5021644,0.1384548611111111,319,2304,0.11632483,0.10420338
16_292_631,61.64,68.80839,7.1683874,0.21223958333333334,489,2304,0.116294414,0.10417898
12_377_638,60.710003,67.76993,7.059924,0.21875,504,2304,0.1162893,0.10417488
6_398_763,74.22,82.850975,8.63097,0.2261284722222222,521,2304,0.116289005,0.10417464
0_488_215,219.0,244.46446,25.464457,0.3702256944444444,853,2304,0.116276056,0.10416425
6_537_686,50.8,56.706272,5.9062715,0.2682291666666667,618,2304,0.116265185,0.104155526
6_473_37,61.9,69.0963,7.196299,0.22743055555555555,524,2304,0.11625685,0.104148835
0_186_310,63.09,70.423775,7.3337755,0.2582465277777778,595,2304,0.11624307,0.10413778
0_314_27,45.100002,50.341457,5.241457,0.14539930555555555,335,2304,0.11621855,0.1041181
16_527_631,73.99,82.58803,8.598028,0.23307291666666666,537,2304,0.116205275,0.10410744
11_430_634,52.530003,58.634064,6.104062,0.22135416666666666,510,2304,0.116201445,0.10410437
6_495_774,45.38,50.65208,5.2720785,0.1662326388888889,383,2304,0.116176255,0.10408415
16_295_381,111.9,124.89714,12.997136,0.2552083333333333,588,2304,0.11614956,0.10406272
0_209_810,121.91,136.06938,14.159376,0.3059895833333333,705,2304,0.11614614,0.10405997
0_621_515,75.8,84.60352,8.803521,0.203125,468,2304,0.11614144,0.1040562
0_577_489,54.600002,60.940613,6.340611,0.1618923611111111,373,2304,0.1161284,0.104045734
0_679_23,56.82,63.4173,6.597301,0.1918402777777778,442,2304,0.11610878,0.10402998
14_88_4,109.4,122.10087,12.700867,0.22005208333333334,507,2304,0.11609567,0.10401946
10_297_207,42.52,47.454884,4.9348845,0.2026909722222222,467,2304,0.11606031,0.10399108
11_293_253,43.170002,48.17964,5.0096397,0.1506076388888889,347,2304,0.11604446,0.10397835
0_438_567,69.8,77.899796,8.099793,0.15885416666666666,366,2304,0.11604288,0.103977084
11_531_54,40.09,44.739056,4.6490536,0.2326388888888889,536,2304,0.11596542,0.10391488
0_481_213,57.8,64.50172,6.7017136,0.2569444444444444,592,2304,0.115946606,0.10389977
0_174_686,51.600002,57.582447,5.982447,0.2786458333333333,642,2304,0.115938894,0.10389359
0_640_296,117.270004,130.86038,13.590386,0.3194444444444444,736,2304,0.115889706,0.1038541
0_243_294,130.01,145.07582,15.065814,0.3077256944444444,709,2304,0.115881965,0.10384786
0_658_688,46.600002,51.999504,5.3995023,0.17057291666666666,393,2304,0.11586914,0.10383757
12_432_122,54.620003,60.94553,6.3255277,0.16276041666666666,375,2304,0.11580973,0.10378985
11_533_290,109.490005,122.16792,12.67792,0.3229166666666667,744,2304,0.115790665,0.10377454
3_727_399,54.18,60.45277,6.272769,0.1857638888888889,428,2304,0.115776464,0.10376313
6_892_740,84.3,94.059814,9.759812,0.2751736111111111,634,2304,0.11577476,0.10376176
16_746_295,80.25,89.54025,9.290252,0.2378472222222222,548,2304,0.115766376,0.103755035
0_34_16,41.25,46.02536,4.7753606,0.1762152777777778,406,2304,0.11576632,0.10375498
0_426_26,83.66,93.344955,9.6849575,0.19140625,441,2304,0.11576568,0.10375448
12_484_645,40.12,44.764164,4.644164,0.22265625,513,2304,0.11575683,0.10374737
0_202_738,46.74,52.150307,5.4103074,0.1232638888888889,284,2304,0.115753256,0.1037445
6_470_686,52.3,58.3531,6.0530987,0.2660590277777778,613,2304,0.11573803,0.10373226
0_148_473,50.4,56.23117,5.8311696,0.2009548611111111,463,2304,0.11569781,0.10369995
0_867_310,77.6,86.5764,8.976397,0.2816840277777778,649,2304,0.11567522,0.103681795
0_822_345,88.04,98.22402,10.184022,0.3059895833333333,705,2304,0.11567494,0.10368158
0_736_500,56.4,62.923527,6.5235243,0.234375,540,2304,0.115665324,0.10367385
12_454_381,71.5,79.76846,8.268458,0.16493055555555555,380,2304,0.11564277,0.10365573
16_163_295,76.76,85.63595,8.875946,0.20703125,477,2304,0.11563244,0.10364743
0_187_422,99.700005,111.227554,11.527549,0.2703993055555556,623,2304,0.11562235,0.10363933
14_80_215,161.7,180.38945,18.68944,0.3498263888888889,806,2304,0.11558095,0.10360606
0_188_676,43.600002,48.639034,5.039035,0.10460069444444445,241,2304,0.11557419,0.103600636
0_121_145,54.72,61.041916,6.3219132,0.1870659722222222,431,2304,0.11553204,0.10356676
0_253_548,42.91,47.86649,4.9564905,0.1814236111111111,418,2304,0.11550898,0.103548236
4_304_769,46.12,51.44663,5.3266296,0.17317708333333334,399,2304,0.11549501,0.103537
0_679_635,73.39,81.86587,8.475865,0.24088541666666666,555,2304,0.11549074,0.103533566
0_1_121,46.0,51.312305,5.312304,0.1935763888888889,446,2304,0.11548487,0.10352885
0_190_250,41.010002,45.745422,4.73542,0.1840277777777778,424,2304,0.11546989,0.10351681
0_150_578,82.97,92.550255,9.580252,0.20225694444444445,466,2304,0.11546645,0.10351405
0_157_67,45.940002,51.243286,5.303284,0.2009548611111111,463,2304,0.115439355,0.103492275
0_246_387,56.3,62.798805,6.4988036,0.13758680555555555,317,2304,0.11543168,0.103486106
0_621_310,85.35,95.199135,9.849132,0.2756076388888889,635,2304,0.11539698,0.1034582
8_13_580,81.3,90.67664,9.376642,0.2682291666666667,618,2304,0.11533385,0.10340747
16_600_295,57.4,64.01924,6.6192393,0.20442708333333334,471,2304,0.115317754,0.10339453
6_493_26,82.51,92.0247,9.514698,0.2204861111111111,508,2304,0.11531569,0.10339288
16_569_80,47.45,52.92142,5.4714217,0.20008680555555555,461,2304,0.1153092,0.103387654
0_192_76,89.0,99.259834,10.2598295,0.21354166666666666,492,2304,0.11527898,0.10336336
12_64_11,64.9,72.381516,7.481514,0.203125,468,2304,0.115277566,0.10336222
11_531_140,51.440002,57.368385,5.928384,0.22786458333333334,525,2304,0.115248516,0.10333887
0_679_150,43.2,48.177708,4.977708,0.18359375,423,2304,0.11522472,0.103319734
12_409_4,123.1,137.27748,14.177475,0.3932291666666667,906,2304,0.11517039,0.103276044
0_847_26,75.37,84.04954,8.679538,0.1801215277777778,415,2304,0.11515905,0.10326693
13_788_523,73.200005,81.62818,8.428182,0.2243923611111111,517,2304,0.11513909,0.10325088
16_412_381,66.5,74.15575,7.655749,0.19010416666666666,438,2304,0.11512404,0.103238784
0_164_802,72.94,81.33698,8.396984,0.12369791666666667,285,2304,0.1151218,0.10323697
12_450_259,47.8,53.302082,5.502082,0.1931423611111111,445,2304,0.115106314,0.10322452
12_375_631,48.350002,53.91489,5.5648904,0.1918402777777778,442,2304,0.11509597,0.10321621
0_167_843,72.48,80.819534,8.339533,0.1640625,378,2304,0.11505978,0.10318709
0_628_250,54.75,61.0493,6.2993016,0.20399305555555555,470,2304,0.11505574,0.10318384
3_771_456,40.47,45.12577,4.65577,0.21180555555555555,488,2304,0.11504249,0.1031732
0_890_12,59.61,66.46526,6.8552613,0.2426215277777778,559,2304,0.115001865,0.10314051
12_230_194,74.67,83.256096,8.586093,0.2504340277777778,577,2304,0.11498719,0.1031287
0_145_698,40.47,45.122257,4.6522584,0.1449652777777778,334,2304,0.11495572,0.10310341
16_276_67,50.9,56.750393,5.850391,0.1831597222222222,422,2304,0.114938915,0.10308988
0_235_556,75.3,83.954254,8.65425,0.3081597222222222,710,2304,0.11493028,0.103082925
0_436_549,108.6,121.07377,12.473769,0.19401041666666666,447,2304,0.11485975,0.10302619
16_574_127,60.100002,67.002914,6.9029126,0.24913194444444445,574,2304,0.11485711,0.103024065
12_320_638,108.310005,120.74788,12.437875,0.2916666666666667,672,2304,0.11483588,0.10300698
12_130_804,97.770004,108.99564,11.225642,0.3324652777777778,766,2304,0.11481683,0.10299166
0_552_19,144.5,161.08841,16.588408,0.2777777777777778,640,2304,0.114798665,0.10297704
13_816_503,61.4,68.44667,7.0466704,0.22135416666666666,510,2304,0.11476662,0.10295125
1_28_4,189.90001,211.6891,21.789106,0.3203125,738,2304,0.11473989,0.10292975
16_519_381,83.200005,92.73555,9.535549,0.2087673611111111,481,2304,0.11460996,0.10282517
0_378_374,41.03,45.729137,4.699135,0.1618923611111111,373,2304,0.114529245,0.10276019
12_350_715,47.68,53.139122,5.4591193,0.21223958333333334,489,2304,0.11449495,0.102732584
0_8_715,59.05,65.80496,6.754959,0.17664930555555555,407,2304,0.11439389,0.10265121
0_46_634,64.19,71.53042,7.3404207,0.2552083333333333,588,2304,0.11435458,0.102619566
0_829_707,66.0,73.546165,7.5461636,0.22743055555555555,524,2304,0.11433581,0.10260445
0_145_548,47.52,52.95181,5.4318075,0.13020833333333334,300,2304,0.11430571,0.102580205
0_53_422,65.1,72.53658,7.4365788,0.23350694444444445,538,2304,0.114233166,0.10252177
0_12_769,62.3,69.41489,7.114888,0.1801215277777778,415,2304,0.11420366,0.10249802
12_336_218,48.82,54.390697,5.5706973,0.1697048611111111,391,2304,0.11410687,0.10242004
0_154_6,133.8,149.06729,15.267283,0.20703125,477,2304,0.114105254,0.102418736
0_46_774,104.28,116.176704,11.896702,0.2604166666666667,600,2304,0.114084214,0.102401786
0_467_810,126.0,140.36957,14.369559,0.3702256944444444,853,2304,0.11404412,0.10236948
0_58_783,105.200005,117.19695,11.996952,0.18663194444444445,430,2304,0.114039466,0.10236573
3_837_856,58.100002,64.724,6.624001,0.12977430555555555,299,2304,0.11401034,0.10234227
0_540_140,40.3,44.894127,4.5941277,0.1814236111111111,418,2304,0.113998204,0.10233249
0_758_192,39.8,44.336494,4.5364933,0.18446180555555555,425,2304,0.113982245,0.10231962
0_148_774,86.8,96.69071,9.890712,0.22352430555555555,515,2304,0.113948286,0.10229226
0_359_810,49.7,55.36239,5.6623864,0.1818576388888889,419,2304,0.11393131,0.102278575
0_525_396,51.86,57.76753,5.907527,0.14930555555555555,344,2304,0.11391298,0.1022638
6_618_71,102.17,113.80845,11.638446,0.2747395833333333,633,2304,0.11391256,0.10226346
12_447_715,48.09,53.567745,5.4777455,0.1527777777777778,352,2304,0.11390612,0.10225828
15_742_559,65.43,72.87449,7.4444885,0.23914930555555555,551,2304,0.113777906,0.10215493
0_500_207,93.87,104.54451,10.674508,0.24088541666666666,555,2304,0.11371586,0.10210491
0_883_684,52.64,58.62519,5.9851904,0.16883680555555555,389,2304,0.11370043,0.10209247
0_551_469,46.88,52.209988,5.329987,0.2052951388888889,473,2304,0.11369426,0.1020875
0_184_374,42.5,47.331104,4.831103,0.1558159722222222,359,2304,0.11367301,0.10207036
0_890_635,60.960003,67.88456,6.924557,0.24479166666666666,564,2304,0.11359181,0.10200489
3_837_130,55.350002,61.636852,6.2868524,0.1545138888888889,356,2304,0.113583595,0.10199827
17_22_242,66.15,73.66295,7.512944,0.1818576388888889,419,2304,0.11357436,0.10199082
0_799_783,92.5,103.00452,10.504512,0.16493055555555555,380,2304,0.11356229,0.10198108
4_848_116,68.11,75.844315,7.734315,0.1814236111111111,418,2304,0.11355623,0.1019762
0_314_793,45.7,50.889294,5.1892924,0.14192708333333334,327,2304,0.11355125,0.101972185
0_744_847,42.65,47.491127,4.841128,0.2417534722222222,557,2304,0.11350827,0.101937525
4_848_295,52.2,58.12288,5.922879,0.1879340277777778,433,2304,0.113465115,0.101902716
11_663_291,50.530003,56.260197,5.7301946,0.2269965277777778,523,2304,0.11340182,0.101851664
16_561_763,91.700005,102.09445,10.394451,0.2682291666666667,618,2304,0.11335279,0.10181211
0_291_515,63.600002,70.80531,7.2053137,0.203125,468,2304,0.11329109,0.10176233
12_227_638,59.88,66.66164,6.781638,0.2322048611111111,535,2304,0.11325381,0.10173225
0_282_677,46.23,51.465244,5.2352424,0.2365451388888889,545,2304,0.1132434,0.10172384
0_91_416,54.260002,60.403133,6.1431336,0.19835069444444445,457,2304,0.113216616,0.101702236
16_566_580,145.2,161.63774,16.437735,0.3337673611111111,769,2304,0.11320754,0.101694904
0_471_6,123.700005,137.70007,14.000075,0.25390625,585,2304,0.11317765,0.101670794
0_312_765,41.95,46.69758,4.747579,0.20616319444444445,475,2304,0.11317232,0.101666495
0_235_634,99.670006,110.944435,11.274434,0.3159722222222222,728,2304,0.11311762,0.10162235
0_467_580,113.6,126.446754,12.846754,0.2855902777777778,658,2304,0.113087624,0.10159813
5_894_845,63.607002,70.79133,7.184326,0.2170138888888889,500,2304,0.11294867,0.10148596
12_90_760,51.55,57.372402,5.8224025,0.2361111111111111,544,2304,0.112946704,0.10148437
13_310_381,125.3,139.44685,14.146851,0.20789930555555555,479,2304,0.11290383,0.101449765
0_144_79,52.0,57.87057,5.8705697,0.17317708333333334,399,2304,0.11289557,0.10144309
0_193_291,91.48,101.8036,10.323598,0.28515625,657,2304,0.11285087,0.10140701
13_594_609,52.920002,58.89001,5.9700108,0.18229166666666666,420,2304,0.11281199,0.10137561
13_584_381,97.8,108.825584,11.025579,0.2013888888888889,464,2304,0.11273598,0.101314224
0_494_110,49.8,55.413,5.6129956,0.1801215277777778,415,2304,0.11271076,0.10129385
0_195_396,60.190002,66.97271,6.7827096,0.17708333333333334,408,2304,0.11268831,0.10127572
0_567_19,183.0,203.62004,20.620043,0.3810763888888889,878,2304,0.11267783,0.101267256
0_202_578,98.700005,109.82015,11.120151,0.1427951388888889,329,2304,0.11266616,0.10125783
12_357_683,104.9,116.715416,11.815411,0.2482638888888889,572,2304,0.11263499,0.10123265
3_858_177,64.85,72.15363,7.303632,0.2065972222222222,476,2304,0.11262347,0.10122334
16_600_620,48.59,54.060886,5.470885,0.16493055555555555,380,2304,0.11259282,0.10119858
0_555_296,75.25,83.72177,8.471773,0.2569444444444444,592,2304,0.1125817,0.101189606
0_194_79,57.39,63.84925,6.4592514,0.2092013888888889,482,2304,0.112550125,0.10116409
0_81_345,74.24,82.594666,8.354661,0.2417534722222222,557,2304,0.11253585,0.10115255
16_519_191,181.40001,201.801,20.400995,0.3116319444444444,718,2304,0.11246414,0.10109462
0_104_250,53.08,59.04928,5.9692774,0.20963541666666666,483,2304,0.112458125,0.10108976
0_468_802,104.310005,116.03717,11.727167,0.13194444444444445,304,2304,0.1124261,0.101063885
0_307_422,87.6,97.44835,9.84835,0.24088541666666666,555,2304,0.11242408,0.10106225
16_170_67,57.920002,64.43141,6.5114098,0.19661458333333334,453,2304,0.112420745,0.101059556
17_896_207,44.04,48.99036,4.9503593,0.1801215277777778,415,2304,0.11240598,0.10104762
12_372_515,56.0,62.29462,6.294621,0.1484375,342,2304,0.112403944,0.10104598
12_432_580,110.8,123.25364,12.453639,0.3072916666666667,708,2304,0.11239746,0.10104074
16_170_150,60.79,67.62141,6.8314056,0.18836805555555555,434,2304,0.11237713,0.10102431
0_411_684,61.850002,68.799805,6.949802,0.21354166666666666,492,2304,0.112365425,0.10101485
0_62_387,53.8,59.84349,6.0434895,0.19140625,441,2304,0.11233252,0.100988254
10_297_127,74.8,83.199036,8.399038,0.2230902777777778,514,2304,0.112286605,0.10095115
3_878_403,82.48,91.741234,9.261231,0.2378472222222222,548,2304,0.11228456,0.100949496
16_503_80,57.61,64.078415,6.468416,0.20008680555555555,461,2304,0.1122794,0.10094532
0_580_783,75.3,83.75364,8.453634,0.1697048611111111,391,2304,0.112266056,0.10093453
0_822_620,59.4,66.06713,6.6671314,0.16883680555555555,389,2304,0.11224127,0.1009145
13_661_272,113.5,126.23869,12.738688,0.2625868055555556,605,2304,0.112235144,0.10090954
0_552_793,42.05,46.769012,4.7190123,0.14322916666666666,330,2304,0.112223834,0.100900404
0_126_76,86.700005,96.42782,9.727817,0.23133680555555555,533,2304,0.11220088,0.10088185
0_790_769,103.3,114.89019,11.590189,0.22569444444444445,520,2304,0.11219931,0.10088058
12_482_6,68.68,76.38523,7.7052293,0.19835069444444445,457,2304,0.11219029,0.100873284
6_469_190,75.14,83.56885,8.4288435,0.2556423611111111,589,2304,0.11217519,0.10086107
6_893_775,129.19,143.68132,14.491322,0.19791666666666666,456,2304,0.112170614,0.10085738
14_133_343,97.87,108.84718,10.977184,0.22265625,513,2304,0.11216087,0.1008495
0_93_12,45.3,50.379173,5.0791717,0.2361111111111111,544,2304,0.112123,0.10081888
0_186_783,97.200005,108.09515,10.895153,0.1953125,450,2304,0.11209004,0.100792244
0_192_699,52.2,58.050194,5.8501945,0.1818576388888889,419,2304,0.11207269,0.10077821
6_347_559,79.62,88.54261,8.922606,0.1740451388888889,401,2304,0.11206488,0.1007719
0_256_310,74.4,82.7372,8.337199,0.2612847222222222,602,2304,0.112059124,0.10076724
5_5_467,46.600002,51.82139,5.2213883,0.1618923611111111,373,2304,0.11204696,0.1007574
0_180_422,67.5,75.06243,7.5624304,0.24131944444444445,556,2304,0.112036005,0.10074854
16_365_481,56.38,62.69537,6.315368,0.21223958333333334,489,2304,0.11201433,0.100731015
0_273_345,49.55,55.09893,5.5489306,0.22743055555555555,524,2304,0.111986496,0.1007085
0_159_23,57.29,63.705288,6.4152884,0.1840277777777778,424,2304,0.1119792,0.100702606
0_517_834,237.40001,263.98123,26.581213,0.3723958333333333,858,2304,0.11196804,0.10069357
0_586_310,91.380005,101.60629,10.226289,0.2578125,594,2304,0.11190948,0.10064621
0_253_17,40.65,45.1978,4.5478005,0.15104166666666666,348,2304,0.11187701,0.10061996
0_148_194,63.43,70.52565,7.095652,0.22395833333333334,516,2304,0.11186587,0.10061094
0_406_688,54.8,60.929535,6.1295342,0.16927083333333334,390,2304,0.11185282,0.10060038
11_670_638,49.11,54.602726,5.492724,0.2204861111111111,508,2304,0.11184532,0.10059432
16_545_554,101.770004,113.148766,11.378764,0.234375,540,2304,0.11180862,0.10056464
0_177_699,53.5,59.479343,5.9793434,0.2065972222222222,476,2304,0.111763425,0.10052807
0_714_715,51.4,57.144306,5.7443047,0.20572916666666666,474,2304,0.1117569,0.10052278
0_586_707,62.600002,69.59376,6.9937563,0.21484375,495,2304,0.111721344,0.10049402
0_180_253,56.55,62.867588,6.317587,0.1597222222222222,368,2304,0.11171684,0.10049037
0_84_728,64.0,71.14579,7.1457877,0.1796875,414,2304,0.11165293,0.10043866
3_873_187,43.36,48.19868,4.838681,0.21006944444444445,484,2304,0.1115932,0.10039032
13_393_434,49.3,54.79932,5.499318,0.23046875,531,2304,0.11154804,0.10035376
3_724_210,39.73,44.161385,4.431382,0.1792534722222222,413,2304,0.111537434,0.10034518
0_517_150,59.9,66.57688,6.6768785,0.1427951388888889,329,2304,0.111467086,0.10028824
0_291_370,70.1,77.90781,7.8078027,0.2248263888888889,518,2304,0.11138093,0.10021849
0_146_290,62.620003,69.59271,6.972714,0.2365451388888889,545,2304,0.11134963,0.100193165
12_266_291,127.69,141.90775,14.21775,0.3155381944444444,727,2304,0.111345835,0.10019009
0_57_764,64.6,71.79282,7.1928225,0.19227430555555555,443,2304,0.111344,0.1001886
0_309_600,135.8,150.91788,15.117868,0.34375,792,2304,0.111324504,0.10017281
10_4_290,108.73,120.83027,12.100268,0.2378472222222222,548,2304,0.111287296,0.100142695
11_666_554,100.96,112.19545,11.23545,0.2760416666666667,636,2304,0.11128615,0.100141756
6_476_218,60.48,67.21022,6.73022,0.1879340277777778,433,2304,0.11128009,0.100136854
0_301_793,45.5,50.561012,5.0610104,0.1371527777777778,316,2304,0.111231,0.10009709
3_854_219,47.58,52.872322,5.2923207,0.1579861111111111,364,2304,0.11122994,0.10009624
0_271_99,42.600002,47.337883,4.737882,0.18055555555555555,416,2304,0.111217886,0.10008648
0_722_387,83.9,93.22657,9.326569,0.1953125,450,2304,0.111162916,0.100041956
13_789_402,62.670002,69.632545,6.9625473,0.2417534722222222,557,2304,0.111098565,0.09998985
12_366_715,52.91,58.78627,5.876271,0.1909722222222222,440,2304,0.11106163,0.09995992
0_885_670,54.2,60.21916,6.0191555,0.16319444444444445,376,2304,0.111054525,0.099954166
0_647_707,58.7,65.21743,6.517428,0.1605902777777778,370,2304,0.11102944,0.09993383
0_713_345,57.420002,63.79459,6.37459,0.19227430555555555,443,2304,0.111016884,0.09992368
11_532_588,56.4,62.661148,6.261147,0.1644965277777778,379,2304,0.11101324,0.09992072
11_669_387,60.9,67.66007,6.760071,0.18272569444444445,421,2304,0.1110028,0.09991226
15_510_743,44.9,49.883972,4.9839706,0.19401041666666666,447,2304,0.111001566,0.099911265
0_19_774,64.200005,71.32618,7.1261787,0.1857638888888889,428,2304,0.11099966,0.09990972
11_20_699,66.4,73.77012,7.3701158,0.2183159722222222,503,2304,0.11099572,0.09990652
0_137_370,80.4,89.32171,8.921705,0.24348958333333334,561,2304,0.11096648,0.09988283
0_168_740,95.1,105.64973,10.549727,0.3246527777777778,748,2304,0.11093299,0.0998557
0_0_712,175.3,194.73729,19.437284,0.23307291666666666,537,2304,0.110880114,0.09981285
11_670_166,104.91,116.541794,11.631789,0.2586805555555556,596,2304,0.110873975,0.09980788
11_492_796,44.11,48.99883,4.888829,0.17881944444444445,412,2304,0.11083267,0.09977441
0_160_345,81.340004,90.35073,9.010731,0.2703993055555556,623,2304,0.110778585,0.09973058
16_445_769,43.7,48.540443,4.8404427,0.16015625,369,2304,0.11076528,0.099719785
6_497_638,67.98,75.50922,7.5292163,0.2282986111111111,526,2304,0.11075634,0.09971255
0_193_212,62.55,69.4766,6.9265985,0.1896701388888889,437,2304,0.11073699,0.09969685
0_81_116,110.1,122.2907,12.1907,0.2209201388888889,509,2304,0.11072388,0.099686235
0_29_27,50.3,55.86728,5.5672784,0.15711805555555555,362,2304,0.11068148,0.099651866
0_411_79,58.670002,65.16278,6.492779,0.20225694444444445,466,2304,0.110666074,0.09963938
15_742_689,39.4,43.75984,4.3598356,0.18098958333333334,417,2304,0.110655725,0.09963098
13_627_503,64.700005,71.85668,7.1566772,0.21571180555555555,497,2304,0.11061324,0.099596545
0_61_12,42.7,47.422844,4.722845,0.19835069444444445,457,2304,0.11060527,0.099590085
6_52_363,69.8,77.520134,7.7201304,0.2087673611111111,481,2304,0.110603586,0.099588715
0_741_115,50.61,56.20586,5.5958586,0.1154513888888889,266,2304,0.11056824,0.09956005
0_165_631,44.780003,49.72962,4.949623,0.2170138888888889,500,2304,0.11053199,0.09953068
3_762_112,66.0,73.29011,7.290107,0.1636284722222222,377,2304,0.11045616,0.09946918
0_699_622,42.95,47.6937,4.7436967,0.1970486111111111,454,2304,0.11044695,0.099461704
5_427_672,50.64,56.232246,5.592244,0.1857638888888889,428,2304,0.110431366,0.09944906
16_501_596,92.700005,102.934,10.233997,0.28125,648,2304,0.110399105,0.09942291
11_430_253,41.97,46.60343,4.63343,0.1401909722222222,323,2304,0.11039861,0.09942251
11_531_363,99.310005,110.27261,10.962612,0.2074652777777778,478,2304,0.110387795,0.09941373
11_888_554,69.25,76.89053,7.640535,0.2361111111111111,544,2304,0.11033263,0.09936899
0_118_580,236.40001,262.46628,26.06627,0.4275173611111111,985,2304,0.11026341,0.099312834
3_392_526,42.3,46.962982,4.6629825,0.1605902777777778,370,2304,0.110236,0.099290594
0_298_217,41.5,46.07478,4.5747776,0.19270833333333334,444,2304,0.1102356,0.099290274
0_221_19,113.3,125.78776,12.487759,0.19791666666666666,456,2304,0.11021852,0.09927642
0_238_181,42.440002,47.117565,4.6775637,0.20442708333333334,471,2304,0.11021592,0.09927431
0_193_416,41.93,46.55022,4.6202188,0.23697916666666666,546,2304,0.11018886,0.09925235
17_896_387,50.600002,56.17491,5.574909,0.15625,360,2304,0.110176064,0.09924198
0_260_363,39.3,43.62894,4.32894,0.1540798611111111,355,2304,0.11015114,0.09922175
3_317_315,84.1,93.363304,9.263303,0.18446180555555555,425,2304,0.11014629,0.09921781
0_150_201,83.65,92.86041,9.210407,0.2209201388888889,509,2304,0.11010648,0.09918551
0_406_99,54.65,60.666878,6.016876,0.18272569444444445,421,2304,0.11009837,0.09917893
12_248_291,95.24,105.72478,10.484773,0.2890625,666,2304,0.110087916,0.09917044
0_556_831,94.53,104.93452,10.404515,0.20442708333333334,471,2304,0.11006575,0.09915246
12_206_596,68.3,75.813965,7.5139637,0.2513020833333333,579,2304,0.1100141,0.09911055
0_253_370,72.4,80.36337,7.963372,0.2456597222222222,566,2304,0.10999133,0.09909206
0_254_363,61.9,68.705734,6.8057337,0.1427951388888889,329,2304,0.10994723,0.099056266
0_155_396,66.78,74.12149,7.3414884,0.16102430555555555,371,2304,0.10993544,0.09904669
3_873_177,46.620003,51.74478,5.124781,0.20703125,477,2304,0.109926656,0.09903958
0_91_677,46.54,51.655968,5.1159663,0.2144097222222222,494,2304,0.10992622,0.09903921
0_158_345,62.32,69.16904,6.849038,0.25390625,585,2304,0.10990112,0.09901884
11_602_666,102.200005,113.42742,11.227422,0.21484375,495,2304,0.10985735,0.09898331
0_757_306,62.89,69.7982,6.9082007,0.2126736111111111,490,2304,0.10984577,0.09897391
16_330_489,65.4,72.58269,7.1826897,0.22265625,513,2304,0.10982706,0.098958716
0_494_11,57.9,64.25867,6.3586698,0.21223958333333334,489,2304,0.10982158,0.098954275
0_242_769,112.700005,125.07038,12.370379,0.2087673611111111,481,2304,0.109763786,0.098907344
0_714_567,94.700005,105.09452,10.39452,0.2508680555555556,578,2304,0.10976261,0.09890639
16_573_219,56.2,62.366287,6.166286,0.15234375,351,2304,0.10972039,0.0988721
0_877_783,113.3,125.72998,12.429978,0.1818576388888889,419,2304,0.10970855,0.098862484
0_517_489,57.2,63.474674,6.2746725,0.1618923611111111,373,2304,0.10969707,0.09885316
0_57_368,52.920002,58.72485,5.804849,0.2261284722222222,521,2304,0.109691024,0.09884826
5_111_596,92.4,102.533394,10.133392,0.2816840277777778,649,2304,0.10966875,0.09883016
0_434_220,60.4,67.02365,6.6236486,0.20703125,477,2304,0.109663054,0.098825544
0_282_79,48.940002,54.306507,5.366506,0.1948784722222222,449,2304,0.1096548,0.09881884
12_325_259,49.100002,54.48213,5.3821263,0.21614583333333334,498,2304,0.1096156,0.09878701
16_374_631,75.22,83.462,8.242,0.2326388888888889,536,2304,0.10957192,0.09875152
0_160_7,44.600002,49.48419,4.884193,0.18055555555555555,416,2304,0.10951105,0.09870209
12_252_774,41.74,46.31038,4.570378,0.20833333333333334,480,2304,0.10949635,0.09869014
10_3_728,48.600002,53.921043,5.321041,0.1640625,378,2304,0.10948644,0.09868209
11_505_261,48.09,53.3544,5.264401,0.20052083333333334,462,2304,0.109469764,0.098668545
4_848_191,146.47,162.50156,16.031548,0.2630208333333333,606,2304,0.10945277,0.09865473
0_679_17,58.100002,64.45899,6.3589916,0.17317708333333334,399,2304,0.10944907,0.09865174
13_589_392,118.91,131.92241,13.012414,0.3116319444444444,718,2304,0.109430775,0.09863687
0_530_715,43.58,48.34776,4.767758,0.16102430555555555,371,2304,0.109402426,0.098613836
14_457_113,55.100002,61.126007,6.026005,0.1427951388888889,329,2304,0.109364875,0.09858332
0_579_699,43.4,48.145287,4.7452855,0.1753472222222222,404,2304,0.10933837,0.098561786
16_523_489,105.590004,117.129234,11.539236,0.2777777777777778,640,2304,0.10928341,0.09851713
0_556_306,74.92,83.10592,8.185921,0.19618055555555555,452,2304,0.10926216,0.09849985
16_563_262,60.39,66.983986,6.593987,0.21484375,495,2304,0.10919005,0.09844124
4_105_191,153.93001,170.72917,16.799164,0.2586805555555556,596,2304,0.109135084,0.09839656
0_197_452,61.8,68.54104,6.7410374,0.2738715277777778,631,2304,0.10907827,0.09835038
12_218_381,69.4,76.96997,7.5699716,0.1931423611111111,445,2304,0.109077394,0.098349676
3_846_385,52.27,57.971085,5.7010837,0.15364583333333334,354,2304,0.1090699,0.09834357
16_501_426,47.5,52.677223,5.1772237,0.21223958333333334,489,2304,0.108994186,0.09828202
0_438_419,66.840004,74.12489,7.28489,0.2113715277777778,487,2304,0.10898997,0.09827859
3_835_219,45.8,50.791557,4.991557,0.18098958333333334,417,2304,0.10898597,0.09827533
0_174_416,42.64,47.28707,4.6470704,0.22395833333333334,516,2304,0.10898383,0.09827359
4_389_494,50.41,55.90131,5.4913077,0.14756944444444445,340,2304,0.108932905,0.09823218
0_104_596,100.1,110.99998,10.899975,0.3042534722222222,701,2304,0.10889086,0.09819799
0_180_223,63.5,70.41441,6.914411,0.18229166666666666,420,2304,0.108888365,0.09819596
0_254_422,71.0,78.72955,7.729553,0.2087673611111111,481,2304,0.108866945,0.09817855
3_443_580,120.5,133.61803,13.118028,0.2578125,594,2304,0.1088633,0.098175585
12_450_97,51.3,56.882874,5.5828733,0.2204861111111111,508,2304,0.10882794,0.098146826
13_816_4,122.9,136.27321,13.373203,0.2300347222222222,530,2304,0.108813696,0.09813523
0_847_429,60.100002,66.638664,6.5386662,0.16883680555555555,389,2304,0.10879644,0.09812121
0_150_580,119.700005,132.72285,13.022859,0.3233506944444444,745,2304,0.10879581,0.0981207
0_494_80,50.57,56.07036,5.5003557,0.20789930555555555,479,2304,0.10876717,0.09809739
0_181_222,70.700005,78.38953,7.6895223,0.2508680555555556,578,2304,0.10876268,0.09809375
13_689_221,130.90001,145.13556,14.235563,0.2209201388888889,509,2304,0.10875143,0.0980846
0_467_219,44.07,48.862312,4.7923136,0.1775173611111111,409,2304,0.10874322,0.098077916
0_449_67,45.27,50.192177,4.922176,0.1970486111111111,454,2304,0.10872931,0.0980666
13_662_83,45.600002,50.557888,4.957887,0.18619791666666666,429,2304,0.10872559,0.09806357
0_692_220,49.8,55.213932,5.4139295,0.17838541666666666,411,2304,0.10871345,0.09805369
12_462_11,72.200005,80.046074,7.846073,0.18229166666666666,420,2304,0.10867137,0.098019466
11_560_740,67.4,74.723526,7.3235226,0.2387152777777778,550,2304,0.108657606,0.09800826
0_180_193,78.4,86.91504,8.515041,0.1853298611111111,427,2304,0.10861022,0.09796971
0_239_774,66.1,73.277756,7.1777563,0.1957465277777778,451,2304,0.10858936,0.09795273
0_488_422,64.1,71.05998,6.959983,0.18359375,423,2304,0.108580075,0.09794518
0_552_11,57.2,63.4107,6.2107005,0.1935763888888889,446,2304,0.10857868,0.09794404
3_715_209,47.45,52.60182,5.151821,0.18880208333333334,435,2304,0.108573675,0.097939976
12_388_699,63.0,69.83849,6.838489,0.21571180555555555,497,2304,0.10854744,0.09791862
12_247_296,80.83,89.59675,8.766746,0.2009548611111111,463,2304,0.108459055,0.097846694
16_565_295,53.48,59.276806,5.7968035,0.2322048611111111,535,2304,0.108391985,0.097792104
0_100_215,228.6,253.37785,24.77785,0.36328125,837,2304,0.10838954,0.097790115
0_18_858,57.61,63.85328,6.243279,0.20182291666666666,465,2304,0.108371444,0.097775385
0_211_140,65.9,73.040054,7.140051,0.22352430555555555,515,2304,0.108346745,0.097755276
12_225_804,86.15,95.48219,9.332195,0.2769097222222222,638,2304,0.10832496,0.09773754
0_134_439,76.1,84.341934,8.24193,0.1801215277777778,415,2304,0.10830394,0.09772043
0_46_250,85.520004,94.776344,9.256343,0.20703125,477,2304,0.108236,0.097665116
12_218_810,67.83,75.16888,7.338877,0.1723090277777778,397,2304,0.10819515,0.09763186
0_405_253,57.9,64.16428,6.264286,0.1519097222222222,350,2304,0.10819147,0.09762886
0_190_144,77.630005,86.02851,8.398513,0.21744791666666666,501,2304,0.108186424,0.097624764
12_610_546,186.7,206.89738,20.197382,0.2743055555555556,632,2304,0.10818095,0.097620286
0_664_422,65.5,72.581406,7.0814033,0.2569444444444444,592,2304,0.10811303,0.09756498
0_237_250,41.78,46.296436,4.5164366,0.17274305555555555,398,2304,0.108100444,0.097554736
12_620_672,58.29,64.59111,6.301112,0.1801215277777778,415,2304,0.108099364,0.097553864
12_64_596,120.1,133.08208,12.982072,0.2651909722222222,611,2304,0.10809386,0.097549364
0_481_774,102.8,113.90604,11.106032,0.2421875,558,2304,0.10803533,0.0975017
0_707_802,128.3,142.1513,13.851299,0.1579861111111111,364,2304,0.10796024,0.09744053
13_676_4,89.9,99.60176,9.701763,0.1644965277777778,379,2304,0.10791727,0.09740554
3_419_315,94.340004,104.52039,10.180394,0.1957465277777778,451,2304,0.10791174,0.09740103
0_2_145,39.59,43.858982,4.2689815,0.20703125,477,2304,0.107829794,0.09733426
0_586_258,54.5,60.375004,5.875004,0.1953125,450,2304,0.10779823,0.09730855
0_704_12,58.68,64.999626,6.3196282,0.20399305555555555,470,2304,0.10769646,0.09722561
2_43_393,69.11,76.552376,7.4423747,0.27734375,639,2304,0.10768882,0.097219385
0_291_80,54.440002,60.302494,5.862493,0.2074652777777778,478,2304,0.10768723,0.09721809
0_679_387,65.3,72.331825,7.031822,0.16319444444444445,376,2304,0.107684866,0.09721616
12_64_631,101.41,112.32951,10.91951,0.2690972222222222,620,2304,0.10767685,0.097209625
0_53_672,55.600002,61.586033,5.98603,0.19227430555555555,443,2304,0.10766241,0.09719785
16_571_835,132.6,146.87146,14.271452,0.2105034722222222,485,2304,0.10762784,0.097169675
6_893_650,51.06,56.553776,5.493775,0.13975694444444445,322,2304,0.10759449,0.097142495
0_736_740,77.8,86.17063,8.370632,0.2552083333333333,588,2304,0.10759167,0.0971402
5_427_580,177.40001,196.48637,19.086376,0.3658854166666667,843,2304,0.10758949,0.09713842
13_627_522,66.98,74.18633,7.20633,0.24305555555555555,560,2304,0.107589275,0.09713824
0_305_351,108.54,120.21757,11.677567,0.2170138888888889,500,2304,0.10758768,0.09713694
0_517_578,108.3,119.951744,11.651742,0.1818576388888889,419,2304,0.10758764,0.097136915
6_362_218,62.2,68.88946,6.689459,0.1814236111111111,418,2304,0.10754757,0.097104244
0_18_296,153.13,169.59738,16.467379,0.2986111111111111,688,2304,0.10753855,0.09709689
0_664_645,48.25,53.43838,5.188381,0.2035590277777778,469,2304,0.10753122,0.097090915
6_513_387,66.3,73.427765,7.127762,0.18619791666666666,429,2304,0.10750771,0.09707175
0_215_473,64.200005,71.101395,6.901396,0.1831597222222222,422,2304,0.10749837,0.09706414
4_882_775,108.380005,120.02837,11.64837,0.2074652777777778,478,2304,0.10747711,0.0970468
6_347_240,43.96,48.68266,4.722658,0.1371527777777778,316,2304,0.10743081,0.09700904
16_330_122,85.81,95.02722,9.217221,0.2625868055555556,605,2304,0.107414305,0.096995585
12_444_218,56.57,62.646214,6.076211,0.1714409722222222,395,2304,0.10741048,0.09699247
4_306_122,61.59,68.20476,6.6147532,0.16883680555555555,389,2304,0.10739979,0.09698375
0_714_793,43.61,48.291626,4.6816254,0.1527777777777778,352,2304,0.10735211,0.09694487
0_597_207,81.880005,90.66848,8.78848,0.2421875,558,2304,0.10733365,0.096929826
0_148_596,132.0,146.16165,14.161648,0.3129340277777778,721,2304,0.10728521,0.09689031
12_225_768,43.100002,47.721157,4.6211567,0.171875,396,2304,0.107219405,0.09683664
0_305_638,71.79,79.48717,7.6971684,0.2439236111111111,562,2304,0.10721783,0.09683536
0_314_396,57.760002,63.95134,6.1913395,0.16927083333333334,390,2304,0.10719078,0.09681329
12_603_363,73.130005,80.967766,7.837766,0.1736111111111111,400,2304,0.10717579,0.096801065
0_129_740,80.8,89.45911,8.659102,0.22569444444444445,520,2304,0.1071671,0.09679397
0_481_740,145.8,161.42317,15.623168,0.4075520833333333,939,2304,0.10715479,0.09678392
11_616_300,258.4,286.07782,27.67782,0.3619791666666667,834,2304,0.10711231,0.09674927
0_152_645,55.620003,61.577454,5.957454,0.17881944444444445,412,2304,0.10710992,0.09674733
0_309_276,42.4,46.941223,4.5412245,0.1545138888888889,356,2304,0.107104346,0.09674278
0_201_565,46.100002,51.037384,4.937383,0.18272569444444445,421,2304,0.10710158,0.09674052
0_750_578,106.1,117.46158,11.361574,0.2421875,558,2304,0.10708364,0.09672587
0_494_370,80.200005,88.783775,8.583774,0.2417534722222222,557,2304,0.10702959,0.09668178
0_671_6,126.270004,139.78305,13.513053,0.24522569444444445,565,2304,0.10701712,0.09667161
0_243_38,43.9,48.593792,4.693791,0.16883680555555555,389,2304,0.10692006,0.0965924
13_688_50,61.65,68.23901,6.5890117,0.16927083333333334,390,2304,0.10687772,0.09655784
0_182_480,47.4,52.46444,5.064438,0.15494791666666666,357,2304,0.10684468,0.09653087
0_827_145,56.73,62.78825,6.058248,0.21397569444444445,493,2304,0.10679091,0.09648697
12_458_758,41.37,45.787777,4.417778,0.1775173611111111,409,2304,0.106786996,0.09648378
0_740_207,107.130005,118.569496,11.439492,0.23741319444444445,547,2304,0.1067814,0.096479215
5_894_716,82.9,91.74994,8.8499365,0.1987847222222222,458,2304,0.106754355,0.09645714
0_535_688,52.600002,58.21329,5.6132894,0.16102430555555555,371,2304,0.10671652,0.09642625
0_750_635,64.06,70.89524,6.835236,0.2456597222222222,566,2304,0.10670054,0.09641319
15_737_580,114.8,127.04831,12.248305,0.3407118055555556,785,2304,0.10669255,0.096406676
12_226_259,48.0,53.120995,5.120994,0.21875,504,2304,0.106687374,0.09640245
0_260_290,63.99,70.81406,6.8240566,0.2608506944444444,601,2304,0.106642544,0.09636585
0_489_23,70.86,78.41533,7.5553265,0.2300347222222222,530,2304,0.10662329,0.09635012
0_289_119,156.40001,173.07507,16.67507,0.2751736111111111,634,2304,0.106618084,0.09634588
0_210_469,43.170002,47.768642,4.5986423,0.1974826388888889,455,2304,0.10652403,0.09626906
16_365_422,61.5,68.05079,6.5507884,0.21006944444444445,484,2304,0.10651688,0.09626322
12_447_810,73.82,81.679016,7.8590126,0.14756944444444445,340,2304,0.10646184,0.09621826
0_200_707,64.5,71.36334,6.863338,0.20963541666666666,483,2304,0.10640834,0.09617456
15_139_580,140.7,155.65436,14.954351,0.3033854166666667,699,2304,0.10628537,0.0960741
0_741_215,238.68001,264.04416,25.364168,0.4097222222222222,944,2304,0.10626851,0.09606033
6_476_638,77.840004,86.111595,8.27159,0.2456597222222222,566,2304,0.106264,0.09605664
16_156_583,52.3,57.856358,5.556358,0.1714409722222222,395,2304,0.106240116,0.09603712
3_792_210,52.870003,58.485363,5.6153607,0.1753472222222222,404,2304,0.106210716,0.0960131
0_713_554,118.57,131.1632,12.593193,0.21961805555555555,506,2304,0.106208935,0.09601164
0_153_127,69.0,76.327194,7.3271937,0.1736111111111111,400,2304,0.10619121,0.095997155
0_597_294,93.53,103.45925,9.92925,0.2686631944444444,619,2304,0.106161125,0.09597257
4_98_716,48.600002,53.75741,5.157406,0.1762152777777778,406,2304,0.106119454,0.09593851
3_844_172,51.87,57.371433,5.501432,0.1762152777777778,406,2304,0.10606193,0.09589148
0_314_310,59.13,65.39983,6.2698336,0.22005208333333334,507,2304,0.106034726,0.09586926
6_475_559,114.87,127.0501,12.180102,0.2916666666666667,672,2304,0.106033795,0.0958685
0_567_810,144.89,160.25308,15.363086,0.3402777777777778,784,2304,0.10603275,0.09586765
14_457_666,143.6,158.8251,15.225095,0.2365451388888889,545,2304,0.10602433,0.09586076
0_301_578,86.8,96.00074,9.200736,0.24479166666666666,564,2304,0.10599926,0.09584026
0_93_783,91.200005,100.8598,9.659801,0.1644965277777778,379,2304,0.10591886,0.09577453
6_681_363,72.1,79.73522,7.6352177,0.1892361111111111,436,2304,0.10589761,0.09575715
0_8_19,147.26001,162.85323,15.593217,0.3016493055555556,695,2304,0.105889015,0.09575012
13_677_83,43.61,48.227413,4.6174135,0.15755208333333334,363,2304,0.105879694,0.09574251
0_185_296,85.200005,94.218735,9.018736,0.2530381944444444,583,2304,0.1058537,0.09572126
11_634_295,60.530003,66.936455,6.4064546,0.2300347222222222,530,2304,0.10583933,0.0957095
9_36_332,109.700005,121.30805,11.608048,0.3333333333333333,768,2304,0.1058163,0.09569067
12_336_580,125.4,138.66803,13.268028,0.3576388888888889,824,2304,0.10580565,0.09568196
13_694_530,44.9,49.64952,4.749519,0.1423611111111111,328,2304,0.10577992,0.09566092
0_284_99,48.100002,53.18757,5.0875664,0.1857638888888889,428,2304,0.1057706,0.095653296
0_699_67,44.52,49.22862,4.7086163,0.1879340277777778,433,2304,0.10576407,0.095647946
16_324_117,245.3,271.234,25.934017,0.3407118055555556,785,2304,0.10572367,0.09561492
0_291_580,138.1,152.69518,14.595167,0.35546875,819,2304,0.105685495,0.095583685
3_429_381,77.9,86.12821,8.228208,0.19791666666666666,456,2304,0.10562526,0.09553441
0_182_415,85.48,94.50188,9.021875,0.17491319444444445,403,2304,0.105543695,0.09546769
0_60_296,75.770004,83.76514,7.9951344,0.22916666666666666,528,2304,0.10551846,0.09544704
0_182_592,62.65,69.260506,6.610507,0.16319444444444445,376,2304,0.10551488,0.095444106
0_29_76,158.0,174.66933,16.669327,0.3181423611111111,733,2304,0.10550207,0.09543362
0_850_760,68.04,75.21739,7.1773887,0.2669270833333333,615,2304,0.10548778,0.09542193
10_101_181,54.030003,59.728275,5.6982756,0.21614583333333334,498,2304,0.105465025,0.09540331
0_806_554,104.270004,115.26384,10.993839,0.2265625,522,2304,0.10543626,0.09537978
0_237_219,52.120003,57.6153,5.4952965,0.17708333333333334,408,2304,0.10543546,0.09537912
0_647_635,78.07,86.30014,8.230135,0.2222222222222222,512,2304,0.10541994,0.09536641
0_441_38,95.5,105.56596,10.065964,0.1640625,378,2304,0.10540276,0.09535236
0_596_554,69.17,76.46037,7.2903748,0.1974826388888889,455,2304,0.10539793,0.09534841
0_78_38,62.0,68.53394,6.53394,0.1935763888888889,446,2304,0.10538612,0.09533874
11_529_240,55.780003,61.65794,5.8779397,0.18836805555555555,434,2304,0.10537718,0.09533143
0_137_635,72.48,80.11608,7.6360803,0.2191840277777778,505,2304,0.1053543,0.0953127
0_239_631,74.67,82.53468,7.8646836,0.2677951388888889,617,2304,0.105325885,0.09528944
1_120_522,60.55,66.92697,6.376969,0.17447916666666666,402,2304,0.10531741,0.095282495
6_473_655,43.64,48.23323,4.593228,0.24131944444444445,556,2304,0.105252706,0.09522953
2_92_102,116.18,128.40479,12.224785,0.22135416666666666,510,2304,0.1052228,0.09520505
0_640_38,51.0,56.365746,5.365743,0.18055555555555555,416,2304,0.10521065,0.09519511
3_709_448,79.71,88.09617,8.386164,0.21961805555555555,506,2304,0.10520843,0.09519328
15_456_190,49.34,54.530178,5.190177,0.1558159722222222,359,2304,0.10519207,0.0951799
0_271_783,96.5,106.64982,10.149814,0.1996527777777778,460,2304,0.105179414,0.09516954
12_325_194,63.41,70.079025,6.6690273,0.21571180555555555,497,2304,0.10517312,0.09516439
0_699_23,79.01,87.31304,8.303037,0.2261284722222222,521,2304,0.10508843,0.09509503
0_131_193,80.3,88.738075,8.438073,0.1657986111111111,382,2304,0.105081856,0.09508966
0_191_478,49.100002,54.25914,5.1591406,0.15755208333333334,363,2304,0.105074145,0.09508335
0_535_635,63.010002,69.627075,6.617077,0.23046875,531,2304,0.10501629,0.09503597
0_263_422,131.40001,145.18318,13.7831745,0.265625,612,2304,0.10489478,0.09493644
6_507_491,49.5,54.689606,5.1896057,0.1597222222222222,368,2304,0.10484052,0.094891995
0_232_213,39.71,43.87045,4.1604495,0.18098958333333334,417,2304,0.10477083,0.094834894
0_147_67,43.21,47.73657,4.526566,0.1931423611111111,445,2304,0.104757376,0.09482387
3_873_587,58.3,64.39977,6.0997734,0.19270833333333334,444,2304,0.10462733,0.09471732
4_833_127,61.06,67.44676,6.386765,0.1814236111111111,418,2304,0.10459818,0.09469343
17_897_118,75.73,83.64773,7.917724,0.22265625,513,2304,0.10455201,0.09465558
3_766_381,49.4,54.56455,5.1645494,0.15625,360,2304,0.10454553,0.09465027
6_537_381,84.5,93.33362,8.833617,0.1796875,414,2304,0.10453985,0.09464561
13_705_332,81.200005,89.6879,8.487898,0.2660590277777778,613,2304,0.10453076,0.09463816
6_52_71,106.8,117.96148,11.161479,0.2690972222222222,620,2304,0.10450823,0.09461969
3_107_219,56.2,62.07289,5.8728914,0.15711805555555555,362,2304,0.10449985,0.09461282
0_442_76,127.4,140.71039,13.3103895,0.2404513888888889,554,2304,0.10447715,0.09459422
0_847_554,135.40001,149.5449,14.144898,0.21961805555555555,506,2304,0.10446748,0.09458629
9_54_275,44.350002,48.98073,4.630727,0.1970486111111111,454,2304,0.104413226,0.09454181
12_384_580,172.8,190.83138,18.03138,0.3932291666666667,906,2304,0.10434826,0.094488546
0_148_321,51.760002,57.160595,5.400593,0.1853298611111111,427,2304,0.104339115,0.09448104
16_283_26,88.36,97.57727,9.217271,0.24696180555555555,569,2304,0.10431497,0.09446125
12_325_804,82.14,90.70799,8.567987,0.2669270833333333,615,2304,0.10430957,0.09445681
0_471_290,143.08,158.00351,14.923504,0.3519965277777778,811,2304,0.10430182,0.09445046
12_327_207,40.98,45.253788,4.273789,0.17491319444444445,403,2304,0.10428963,0.09444047
16_564_699,52.8,58.302982,5.5029798,0.1818576388888889,419,2304,0.1042231,0.09438591
0_294_414,65.28,72.08285,6.8028483,0.1189236111111111,274,2304,0.1042103,0.09437541
0_578_662,41.05,45.32615,4.2761474,0.11675347222222222,269,2304,0.10416924,0.09434173
16_561_481,70.9,78.28468,7.38468,0.24913194444444445,574,2304,0.10415627,0.09433109
0_142_238,63.68,70.30656,6.626553,0.15104166666666666,348,2304,0.104060195,0.09425227
0_562_11,61.100002,67.45742,6.3574185,0.18446180555555555,425,2304,0.1040494,0.09424343
2_43_272,117.8,130.05296,12.252957,0.2751736111111111,634,2304,0.10401492,0.09421513
0_157_150,46.3,51.115376,4.8153744,0.17491319444444445,403,2304,0.104003765,0.09420598
12_222_715,61.81,68.23835,6.4283485,0.1753472222222222,404,2304,0.10400175,0.09420434
0_294_682,64.9,71.64965,6.749649,0.12022569444444445,277,2304,0.104000755,0.09420352
16_561_699,69.9,77.168274,7.268271,0.20442708333333334,471,2304,0.10398098,0.0941873
16_542_596,95.8,105.75958,9.95958,0.22916666666666666,528,2304,0.10396221,0.0941719
0_426_793,42.2,46.586018,4.3860173,0.1293402777777778,298,2304,0.10393406,0.09414879
12_379_547,41.38,45.67953,4.2995286,0.18663194444444445,430,2304,0.10390354,0.09412374
0_741_99,52.690002,58.162113,5.472111,0.19835069444444445,457,2304,0.10385483,0.09408378
2_45_309,350.2,386.54822,36.348213,0.4205729166666667,969,2304,0.10379273,0.0940328
0_382_374,63.61,70.21184,6.601837,0.1618923611111111,373,2304,0.10378615,0.09402741
6_469_763,106.270004,117.2988,11.028795,0.2482638888888889,572,2304,0.10378089,0.094023086
15_735_190,69.66,76.88767,7.227675,0.1909722222222222,440,2304,0.10375646,0.09400304
6_499_387,71.5,78.91573,7.4157286,0.1935763888888889,446,2304,0.103716485,0.09397022
7_75_393,66.24,73.10967,6.8696737,0.2521701388888889,581,2304,0.10370885,0.09396395
0_423_290,75.72,83.57226,7.8522563,0.2612847222222222,602,2304,0.10370122,0.09395769
0_128_11,62.9,69.42175,6.5217557,0.2191840277777778,505,2304,0.10368451,0.093943976
9_36_531,158.58,175.02127,16.441265,0.3459201388888889,797,2304,0.10367805,0.09393867
0_115_414,54.3,59.92894,5.628939,0.1714409722222222,395,2304,0.103663705,0.09392689
6_477_134,70.06,77.32088,7.260877,0.11067708333333333,255,2304,0.103637986,0.09390578
13_396_57,40.170002,44.33306,4.163062,0.1935763888888889,446,2304,0.10363609,0.093904234
0_259_769,76.270004,84.1735,7.903502,0.14366319444444445,331,2304,0.1036253,0.09389537
12_130_740,124.6,137.51028,12.910283,0.3229166666666667,744,2304,0.10361383,0.09388594
0_186_144,64.19,70.83803,6.648029,0.21614583333333334,498,2304,0.10356798,0.0938483
12_483_804,59.780003,65.970764,6.190762,0.26171875,603,2304,0.10355908,0.093840994
16_404_763,73.94,81.59685,7.656848,0.2035590277777778,469,2304,0.103554875,0.093837544
0_186_11,55.4,61.1363,5.736298,0.16493055555555555,380,2304,0.10354328,0.09382802
12_606_191,240.5,265.40002,24.900032,0.3103298611111111,715,2304,0.10353444,0.09382076
0_255_290,102.43,113.03342,10.6034155,0.2803819444444444,646,2304,0.10351865,0.093807794
6_514_467,103.200005,113.882416,10.682411,0.16883680555555555,389,2304,0.10351173,0.09380211
12_425_596,100.3,110.68171,10.381708,0.296875,684,2304,0.10350656,0.09379786
12_620_796,47.100002,51.972878,4.8728757,0.17838541666666666,411,2304,0.10345808,0.093758054
11_531_728,60.100002,66.31557,6.215567,0.1909722222222222,440,2304,0.103420414,0.09372712
0_758_80,56.45,62.287857,5.8378544,0.18272569444444445,421,2304,0.103416376,0.0937238
12_269_214,42.89,47.325012,4.435011,0.17578125,405,2304,0.10340431,0.09371389
0_640_190,112.700005,124.34953,11.649533,0.2204861111111111,508,2304,0.10336764,0.09368377
6_479_218,64.18,70.81051,6.6305094,0.2131076388888889,491,2304,0.103311144,0.09363736
6_534_150,75.6,83.40956,7.8095603,0.17491319444444445,403,2304,0.10330106,0.09362908
0_259_682,79.67,87.89727,8.22727,0.1349826388888889,311,2304,0.10326686,0.09360097
0_580_238,53.41,58.925182,5.5151806,0.13151041666666666,303,2304,0.103261195,0.093596324
12_250_99,77.92,85.96108,8.041082,0.2209201388888889,509,2304,0.10319664,0.09354329
4_832_127,55.86,61.623245,5.763244,0.16927083333333334,390,2304,0.103173,0.09352387
0_58_635,76.14,83.99404,7.854037,0.2243923611111111,517,2304,0.10315257,0.093507074
0_714_181,61.32,67.64445,6.3244443,0.22265625,513,2304,0.103138365,0.09349539
11_624_554,66.22,73.04574,6.8257403,0.2734375,630,2304,0.10307672,0.09344474
0_843_136,73.4,80.96528,7.5652742,0.1753472222222222,404,2304,0.10306913,0.0934385
0_441_217,52.58,57.994514,5.414514,0.1775173611111111,409,2304,0.10297668,0.09336252
0_704_415,53.49,58.99604,5.5060387,0.1931423611111111,445,2304,0.10293585,0.09332895
0_373_486,117.100006,129.15302,12.053017,0.15755208333333334,363,2304,0.10292926,0.09332354
5_16_145,43.0,47.42429,4.424288,0.20789930555555555,479,2304,0.10289042,0.093291596
12_225_655,53.3,58.78317,5.483169,0.22005208333333334,507,2304,0.10287372,0.09327787
0_353_23,45.55,50.23178,4.6817803,0.1792534722222222,413,2304,0.10278332,0.09320355
0_371_23,75.380005,83.125114,7.7451158,0.2183159722222222,503,2304,0.10274762,0.0931742
0_658_99,54.63,60.243088,5.6130886,0.1714409722222222,395,2304,0.102747366,0.09317399
4_834_775,82.630005,91.11576,8.485759,0.1892361111111111,436,2304,0.10269585,0.093131624
12_390_631,72.92,80.40752,7.4875183,0.2495659722222222,575,2304,0.10268127,0.09311963
0_567_783,118.700005,130.88776,12.187758,0.19618055555555555,452,2304,0.10267698,0.093116105
11_361_580,138.90001,153.15344,14.253433,0.3190104166666667,735,2304,0.102616504,0.09306636
0_535_76,139.40001,153.69167,14.291658,0.2443576388888889,563,2304,0.10252265,0.092989154
15_87_381,69.6,76.73251,7.1325154,0.18489583333333334,426,2304,0.102478676,0.092952974
0_19_486,152.40001,168.01733,15.617328,0.22178819444444445,511,2304,0.1024759,0.092950694
16_563_489,120.66,133.02461,12.364607,0.2816840277777778,649,2304,0.10247478,0.09294977
16_358_631,107.920006,118.97817,11.05817,0.2604166666666667,600,2304,0.10246636,0.09294285
0_298_240,88.78,97.86156,9.081559,0.1870659722222222,431,2304,0.10229285,0.092800066
0_58_489,69.200005,76.278625,7.078624,0.1684027777777778,388,2304,0.10229225,0.092799574
0_34_215,212.3,233.99945,21.699444,0.4079861111111111,940,2304,0.10221123,0.092732884
0_426_310,103.64,114.23198,10.591975,0.2712673611111111,625,2304,0.10219968,0.09272338
0_481_58,71.86,79.20381,7.34381,0.2035590277777778,469,2304,0.102196075,0.09272041
11_361_631,91.93,101.32232,9.39232,0.23958333333333334,552,2304,0.102168165,0.09269744
0_46_768,55.300003,60.94875,5.648748,0.2074652777777778,478,2304,0.10214733,0.09268029
0_162_38,85.1,93.7888,8.6888,0.2109375,486,2304,0.10210106,0.09264219
0_885_290,74.04,81.59545,7.5554523,0.24088541666666666,555,2304,0.10204554,0.092596486
11_891_656,82.590004,91.01709,8.427092,0.2013888888888889,464,2304,0.10203525,0.092588015
12_313_515,48.96,53.954956,4.994957,0.1579861111111111,364,2304,0.10202118,0.09257642
6_499_304,43.100002,47.496563,4.3965635,0.14453125,333,2304,0.10200843,0.09256593
11_630_554,60.66,66.84567,6.1856747,0.20833333333333334,480,2304,0.10197288,0.09253665
12_313_114,63.370003,69.83084,6.460838,0.13758680555555555,317,2304,0.1019542,0.092521265
5_50_387,63.0,69.42246,6.4224586,0.1697048611111111,391,2304,0.10194379,0.09251269
0_411_636,42.54,46.876213,4.3362136,0.21961805555555555,506,2304,0.101932615,0.092503496
0_197_145,45.71,50.368134,4.658134,0.1480034722222222,341,2304,0.10190624,0.09248177
12_387_426,49.0,53.993103,4.9931035,0.1918402777777778,442,2304,0.10190007,0.09247669
0_722_596,134.0,147.65317,13.653171,0.2916666666666667,672,2304,0.101889335,0.092467844
0_91_290,64.3,70.85052,6.550513,0.2530381944444444,583,2304,0.101874225,0.092455395
3_771_152,77.86,85.79162,7.9316134,0.1909722222222222,440,2304,0.101870194,0.09245208
16_490_635,82.03,90.38589,8.355888,0.2144097222222222,494,2304,0.10186381,0.09244683
6_508_547,42.8,47.15858,4.35858,0.2035590277777778,469,2304,0.10183599,0.0924239
0_308_345,58.93,64.92722,5.9972196,0.20052083333333334,462,2304,0.10176853,0.092368335
0_235_422,141.3,155.67598,14.375974,0.2790798611111111,643,2304,0.101740785,0.09234548
0_190_793,41.13,45.31426,4.184256,0.1480034722222222,341,2304,0.101732455,0.09233862
0_300_764,62.72,69.09912,6.3791203,0.1684027777777778,388,2304,0.10170791,0.0923184
0_593_213,39.350002,43.351665,4.001666,0.21354166666666666,492,2304,0.101694174,0.09230709
16_572_715,77.48,85.35889,7.878888,0.2378472222222222,548,2304,0.10168931,0.09230308
0_193_578,63.5,69.95596,6.4559617,0.18619791666666666,429,2304,0.101668686,0.09228608
0_298_99,53.190002,58.59754,5.40754,0.1840277777777778,424,2304,0.10166459,0.092282705
0_521_192,40.4,44.506866,4.1068664,0.1957465277777778,451,2304,0.1016551,0.0922749
0_311_220,50.8,55.96364,5.1636367,0.2013888888888889,464,2304,0.10164639,0.09226771
12_418_655,45.3,49.904495,4.6044965,0.21571180555555555,497,2304,0.101644516,0.092266165
0_578_122,111.6,122.936066,11.336063,0.18489583333333334,426,2304,0.10157763,0.092211045
15_437_190,49.2,54.19634,4.9963374,0.1796875,414,2304,0.10155157,0.09218957
4_832_775,92.65,102.05825,9.408248,0.20572916666666666,474,2304,0.101546116,0.09218508
12_516_580,154.2,169.85672,15.656724,0.3654513888888889,842,2304,0.10153518,0.092176065
16_561_261,96.950005,106.7906,9.840598,0.24348958333333334,561,2304,0.10150178,0.09214854
0_461_115,61.06,67.25765,6.197651,0.13758680555555555,317,2304,0.101500995,0.092147894
9_40_83,54.77,60.32749,5.5574923,0.14322916666666666,330,2304,0.10146964,0.09212205
1_120_392,136.46,150.30295,13.842943,0.2569444444444444,592,2304,0.10144322,0.09210028
0_291_699,52.2,57.49312,5.293116,0.1779513888888889,410,2304,0.10140069,0.092065215
2_354_55,50.280003,55.37568,5.0956783,0.1618923611111111,373,2304,0.10134602,0.092020154
0_204_638,99.18,109.229485,10.049482,0.2565104166666667,591,2304,0.10132569,0.09200338
5_427_656,69.62,76.67415,7.054145,0.21180555555555555,488,2304,0.10132354,0.09200161
0_679_715,52.97,58.33608,5.366077,0.1753472222222222,404,2304,0.10130408,0.09198556
0_182_216,82.28,90.61474,8.33474,0.15711805555555555,362,2304,0.101297274,0.09197996
0_131_293,69.32,76.33901,7.019007,0.21788194444444445,502,2304,0.101255156,0.091945216
10_102_775,97.61,107.493,9.882993,0.18359375,423,2304,0.1012498,0.091940805
0_162_220,46.600002,51.317966,4.7179666,0.1636284722222222,377,2304,0.10124391,0.09193596
5_50_672,53.73,59.160824,5.4308224,0.19921875,459,2304,0.10107616,0.09179761
0_46_345,109.41,120.46783,11.057822,0.2556423611111111,589,2304,0.101067744,0.09179067
16_278_655,47.5,52.300694,4.800694,0.2126736111111111,490,2304,0.101067245,0.09179025
0_555_135,86.9,95.68205,8.782051,0.18880208333333334,435,2304,0.10105927,0.09178368
0_436_306,74.81,82.368286,7.558287,0.1931423611111111,445,2304,0.101033114,0.0917621
0_96_140,62.940002,69.29811,6.3581123,0.2339409722222222,539,2304,0.10101862,0.09175015
0_199_144,77.26,85.06402,7.80402,0.2013888888888889,464,2304,0.10100983,0.0917429
0_246_290,60.15,66.225685,6.0756807,0.18359375,423,2304,0.10100882,0.09174206
0_60_489,96.0,105.694916,9.694915,0.19791666666666666,456,2304,0.10098869,0.09172546
12_453_580,113.9,125.40065,11.500646,0.2855902777777778,658,2304,0.10097142,0.091711216
0_121_363,82.700005,91.0494,8.3494005,0.15538194444444445,358,2304,0.1009601,0.09170187
0_714_682,121.1,133.32574,12.225739,0.19140625,441,2304,0.100955725,0.09169826
12_462_194,81.0,89.17083,8.170826,0.23914930555555555,551,2304,0.100874394,0.09163115
0_121_300,281.29,309.66196,28.37195,0.3433159722222222,791,2304,0.100863695,0.09162233
0_233_500,68.8,75.73902,6.939018,0.23828125,549,2304,0.10085781,0.09161747
0_173_684,57.05,62.803074,5.753074,0.21223958333333334,489,2304,0.10084267,0.09160498
0_586_140,62.300003,68.581856,6.281857,0.2269965277777778,523,2304,0.10083237,0.091596484
0_142_810,82.97,91.33286,8.362862,0.21614583333333334,498,2304,0.1007938,0.09156465
0_442_135,62.0,68.24834,6.2483325,0.1427951388888889,329,2304,0.100779556,0.09155289
12_222_494,70.48,77.57495,7.094947,0.15885416666666666,366,2304,0.1006661,0.09145925
0_96_688,64.3,70.77257,6.472566,0.16883680555555555,389,2304,0.100661986,0.09145586
0_2_500,71.6,78.807014,7.2070103,0.234375,540,2304,0.10065657,0.091451384
0_235_58,98.4,108.300446,9.900446,0.2734375,630,2304,0.10061429,0.091416486
0_193_140,47.48,52.25432,4.7743187,0.203125,468,2304,0.10055431,0.09136697
3_726_377,45.0,49.52486,4.5248585,0.1957465277777778,451,2304,0.10055241,0.0913654
0_370_23,47.27,52.022038,4.7520356,0.1831597222222222,422,2304,0.100529626,0.091346584
0_713_577,44.73,49.2249,4.4948993,0.1449652777777778,334,2304,0.10048959,0.091313526
3_784_219,64.56,71.04621,6.486212,0.1714409722222222,395,2304,0.100467965,0.091295674
0_348_190,79.9,87.927,8.027002,0.1935763888888889,446,2304,0.10046311,0.091291666
6_398_257,47.56,52.336304,4.776302,0.20789930555555555,479,2304,0.10042687,0.09126174
16_465_581,57.95,63.76887,5.8188696,0.2109375,486,2304,0.1004119,0.09124938
0_126_769,85.1,93.644646,8.5446415,0.16015625,369,2304,0.10040707,0.09124538
0_58_738,51.8,57.000324,5.2003236,0.1384548611111111,319,2304,0.10039235,0.09123323
0_233_213,40.690002,44.773956,4.083955,0.2035590277777778,469,2304,0.100367524,0.09121273
0_449_220,51.9,57.108807,5.208805,0.17274305555555555,398,2304,0.10036233,0.091208436
0_423_166,124.26,136.72449,12.464488,0.1792534722222222,413,2304,0.10030974,0.091165
6_514_515,78.8,86.70272,7.9027176,0.1740451388888889,401,2304,0.10028829,0.09114729
1_26_535,115.08,126.61459,11.53459,0.2326388888888889,536,2304,0.10023105,0.0911
0_155_715,48.77,53.658226,4.8882246,0.16145833333333334,372,2304,0.10023015,0.091099255
14_77_547,49.63,54.603275,4.9732738,0.17274305555555555,398,2304,0.10020701,0.09108014
12_334_835,81.5,89.666595,8.166595,0.14930555555555555,344,2304,0.100203626,0.09107734
0_147_635,70.24,77.2777,7.0376987,0.21180555555555555,488,2304,0.10019503,0.091070235
3_723_229,102.539,112.811485,10.27248,0.1484375,342,2304,0.1001812,0.09105881
0_160_600,136.6,150.28214,13.682132,0.2860243055555556,659,2304,0.100162014,0.091042966
0_131_684,67.590004,74.35867,6.768672,0.15755208333333334,363,2304,0.10014309,0.091027334
0_461_467,71.3,78.4397,7.1396966,0.24522569444444445,565,2304,0.10013599,0.09102147
0_640_672,69.07,75.981285,6.9112835,0.1796875,414,2304,0.10006202,0.09096034
0_596_76,116.71,128.38632,11.676326,0.22569444444444445,520,2304,0.10004564,0.09094681
0_56_645,53.02,58.323982,5.3039827,0.17057291666666666,393,2304,0.100037396,0.09094
0_314_387,74.8,82.28033,7.4803233,0.1831597222222222,422,2304,0.100004315,0.09091266
12_385_596,86.700005,95.37036,8.670358,0.2786458333333333,642,2304,0.10000412,0.0909125
11_617_314,92.39,101.62304,9.233037,0.22786458333333334,525,2304,0.09993546,0.09085575
0_740_80,66.520004,73.16711,6.647102,0.1796875,414,2304,0.09992636,0.09084823
0_146_740,88.3,97.12218,8.822178,0.2365451388888889,545,2304,0.099911414,0.09083588
3_429_42,44.83,49.309006,4.4790053,0.17274305555555555,398,2304,0.09991089,0.090835445
0_654_127,66.8,73.47335,6.6733494,0.1701388888888889,392,2304,0.09990043,0.0908268
0_182_237,77.65,85.40692,7.7569213,0.12456597222222222,287,2304,0.09989596,0.0908231
16_523_343,122.9,135.16756,12.267561,0.2087673611111111,481,2304,0.09981742,0.090758175
0_579_415,44.670002,49.128727,4.458728,0.1284722222222222,296,2304,0.09981481,0.09075602
6_506_740,112.200005,123.39559,11.195591,0.2834201388888889,653,2304,0.099782445,0.09072926
0_581_118,96.87,106.53204,9.662039,0.1931423611111111,445,2304,0.09974232,0.09069608
0_212_635,124.97,137.43295,12.462943,0.24479166666666666,564,2304,0.09972748,0.0906838
16_331_122,94.83,104.28585,9.455845,0.2643229166666667,609,2304,0.099713646,0.09067237
17_897_127,63.800003,70.16098,6.3609805,0.18229166666666666,420,2304,0.09970188,0.09066265
0_371_135,60.9,66.97153,6.07153,0.17491319444444445,403,2304,0.09969671,0.090658374
0_173_635,79.87,87.83135,7.9613476,0.24088541666666666,555,2304,0.09967882,0.09064357
0_154_136,72.1,79.28287,7.182867,0.16102430555555555,371,2304,0.09962368,0.09059797
16_746_841,42.15,46.348846,4.1988444,0.2404513888888889,554,2304,0.09961671,0.09059221
4_290_666,97.9,107.6523,9.7522955,0.21354166666666666,492,2304,0.099614866,0.090590686
0_872_554,71.8,78.951706,7.1517015,0.1775173611111111,409,2304,0.099605866,0.09058324
0_540_565,67.01,73.68135,6.6713476,0.21354166666666666,492,2304,0.09955749,0.09054323
0_300_631,113.18,124.4452,11.265198,0.2582465277777778,595,2304,0.09953347,0.09052336
0_257_644,93.6,102.9162,9.316198,0.21744791666666666,501,2304,0.09953204,0.09052218
0_154_19,215.0,236.39891,21.398909,0.2703993055555556,623,2304,0.09952981,0.09052034
0_118_614,43.18,47.477657,4.297657,0.18619791666666666,429,2304,0.09952888,0.09051957
7_75_221,149.0,163.8282,14.828193,0.2795138888888889,644,2304,0.099518076,0.09051062
0_567_774,82.97,91.22368,8.253675,0.23133680555555555,533,2304,0.09947783,0.09047734
0_487_638,46.73,51.37298,4.6429777,0.19835069444444445,457,2304,0.09935754,0.090377815
0_530_853,46.74,51.38389,4.6438856,0.1796875,414,2304,0.0993557,0.090376295
6_52_118,86.07,94.621155,8.55115,0.2556423611111111,589,2304,0.099351116,0.0903725
4_290_740,66.1,72.66588,6.565875,0.2183159722222222,503,2304,0.09933245,0.09035706
13_817_35,46.3,50.898357,4.5983577,0.2109375,486,2304,0.09931658,0.09034393
0_488_567,78.3,86.073326,7.7733226,0.20963541666666666,483,2304,0.09927615,0.09031047
13_346_449,49.07,53.937855,4.867853,0.1974826388888889,455,2304,0.09920222,0.09024929
0_180_672,48.5,53.310665,4.810665,0.15104166666666666,348,2304,0.09918897,0.090238325
0_214_207,124.5,136.84796,12.347955,0.22178819444444445,511,2304,0.09918036,0.090231195
0_596_58,84.94,93.35727,8.417271,0.2482638888888889,572,2304,0.09909666,0.09016192
0_872_578,69.37,76.24288,6.87288,0.1714409722222222,395,2304,0.099075675,0.090144545
0_593_212,67.98,74.71455,6.7345486,0.19835069444444445,457,2304,0.09906661,0.09013705
13_643_112,93.8,103.09218,9.292178,0.19835069444444445,457,2304,0.09906373,0.09013466
0_335_783,101.8,111.88427,10.084265,0.19401041666666666,447,2304,0.099059574,0.09013121
0_173_847,53.49,58.788326,5.2983255,0.2170138888888889,500,2304,0.09905263,0.09012547
11_601_666,105.8,116.27699,10.476991,0.19053819444444445,439,2304,0.099026375,0.09010373
0_827_810,85.93,94.43585,8.505853,0.2421875,558,2304,0.098985836,0.090070166
11_651_481,59.4,65.278854,5.8788514,0.2048611111111111,472,2304,0.09897056,0.090057515
0_856_728,46.2,50.769993,4.569994,0.1410590277777778,325,2304,0.09891762,0.09001368
0_397_578,68.4,75.165535,6.765531,0.1831597222222222,422,2304,0.09891127,0.09000842
0_212_60,48.9,53.73604,4.836037,0.1909722222222222,440,2304,0.09889646,0.08999616
0_175_314,42.59,46.801796,4.211796,0.1762152777777778,406,2304,0.09889166,0.08999218
0_548_831,52.57,57.766586,5.196586,0.13585069444444445,313,2304,0.098850794,0.08995834
0_194_416,51.5,56.589973,5.0899734,0.17664930555555555,407,2304,0.09883443,0.089944795
6_474_218,69.08,75.90452,6.8245177,0.2204861111111111,508,2304,0.09879151,0.08990924
3_809_666,61.61,67.69348,6.08348,0.1779513888888889,410,2304,0.09874176,0.08986803
0_215_99,56.600002,62.18868,5.5886793,0.17100694444444445,394,2304,0.098739915,0.089866504
0_780_223,66.6,73.17141,6.571411,0.14583333333333334,336,2304,0.09866984,0.08980846
12_207_715,42.63,46.836105,4.2061043,0.14713541666666666,339,2304,0.09866536,0.08980474
0_134_140,78.48,86.22316,7.743155,0.1675347222222222,386,2304,0.09866405,0.08980366
12_455_595,57.05,62.67247,5.622469,0.19401041666666666,447,2304,0.09855336,0.08971194
3_110_112,88.700005,97.44166,8.741653,0.1723090277777778,397,2304,0.098553024,0.089711666
0_722_414,57.280003,62.924034,5.6440353,0.11241319444444445,259,2304,0.09853413,0.08969602
0_234_500,54.7,60.0897,5.3896966,0.1636284722222222,377,2304,0.09853193,0.08969419
12_222_848,68.3,75.02624,6.7262354,0.2113715277777778,487,2304,0.098480746,0.08965178
0_555_715,86.21,94.699745,8.489742,0.22005208333333334,507,2304,0.09847747,0.08964905
6_476_37,60.600002,66.564476,5.9644737,0.1401909722222222,323,2304,0.09842365,0.08960446
0_168_207,115.700005,127.07909,11.379084,0.23524305555555555,542,2304,0.0983499,0.08954332
12_316_699,58.2,63.923477,5.7234745,0.2144097222222222,494,2304,0.09834149,0.08953635
0_581_122,115.420006,126.76675,11.3467455,0.18489583333333334,426,2304,0.09830831,0.08950885
0_597_577,54.98,60.38275,5.402752,0.2282986111111111,526,2304,0.098267585,0.08947509
16_279_489,95.16,104.50619,9.346189,0.23741319444444445,547,2304,0.09821551,0.08943192
0_229_94,55.3,60.72981,5.4298067,0.1349826388888889,311,2304,0.098188184,0.089409254
0_34_31,42.9,47.11165,4.211647,0.14713541666666666,339,2304,0.09817359,0.08939715
0_255_578,71.24,78.23351,6.993514,0.18880208333333334,435,2304,0.098168366,0.08939282
1_66_596,82.700005,90.81806,8.11806,0.2048611111111111,472,2304,0.098162755,0.08938817
3_878_739,52.05,57.15738,5.107378,0.1779513888888889,410,2304,0.09812446,0.08935641
0_215_115,57.420002,63.053818,5.6338162,0.11848958333333333,273,2304,0.09811592,0.08934933
6_515_694,57.7,63.360863,5.6608615,0.19444444444444445,448,2304,0.098108515,0.08934319
13_693_272,137.2,150.65941,13.45941,0.2552083333333333,588,2304,0.098100655,0.08933667
0_394_699,48.5,53.254955,4.754954,0.18619791666666666,429,2304,0.09804028,0.0892866
0_143_578,91.740005,100.73344,8.993434,0.17057291666666666,393,2304,0.09803176,0.08927953
7_824_580,103.200005,113.31479,10.114787,0.2204861111111111,508,2304,0.0980115,0.089262724
0_744_193,91.1,100.02864,8.928637,0.1527777777777778,352,2304,0.098009184,0.0892608
0_468_672,65.47,71.88638,6.4163837,0.1597222222222222,368,2304,0.098004945,0.08925729
0_254_635,67.18,73.76393,6.5839295,0.2144097222222222,494,2304,0.09800431,0.08925676
0_126_118,119.68,131.40562,11.7256155,0.2105034722222222,485,2304,0.097974725,0.08923222
0_744_631,69.96,76.81343,6.8534303,0.24088541666666666,555,2304,0.097962126,0.08922177
7_114_523,101.67,111.6293,9.9593,0.23524305555555555,542,2304,0.09795712,0.08921761
6_122_740,107.1,117.586365,10.486365,0.2630208333333333,606,2304,0.09791191,0.08918011
0_300_841,43.21,47.44004,4.2300415,0.2552083333333333,588,2304,0.09789497,0.08916606
6_122_835,120.9,132.73218,11.832176,0.1584201388888889,365,2304,0.09786746,0.08914324
6_495_387,78.3,85.95512,7.6551156,0.19010416666666666,438,2304,0.09776648,0.08905945
16_566_253,42.43,46.57565,4.145647,0.10850694444444445,250,2304,0.097705565,0.0890089
0_348_596,120.200005,131.94273,11.742738,0.265625,612,2304,0.097693324,0.08899874
0_179_802,99.3,108.99989,9.699893,0.12369791666666667,285,2304,0.09768271,0.08898993
15_735_683,92.0,100.984245,8.984242,0.18229166666666666,420,2304,0.09765481,0.08896677
4_306_694,57.100002,62.673492,5.573493,0.1467013888888889,338,2304,0.09760933,0.088929035
16_523_554,72.92,80.03386,7.1138606,0.16145833333333334,372,2304,0.09755706,0.088885635
0_263_296,84.18,92.39079,8.210791,0.23524305555555555,542,2304,0.09753849,0.08887023
12_418_214,43.24,47.457348,4.217345,0.16536458333333334,381,2304,0.09753342,0.08886601
0_35_306,83.46,91.59851,8.138511,0.1918402777777778,442,2304,0.09751391,0.08884981
6_469_631,101.18,111.04629,9.866286,0.2604166666666667,600,2304,0.097512215,0.08884841
3_771_605,61.5,67.496,5.9960012,0.13975694444444445,322,2304,0.09749596,0.08883491
13_594_523,93.200005,102.28398,9.0839815,0.21484375,495,2304,0.09746761,0.08881138
0_578_215,209.90001,230.34732,20.44731,0.2634548611111111,607,2304,0.09741452,0.0887673
0_257_116,104.200005,114.3477,10.147703,0.203125,468,2304,0.097386785,0.08874427
0_255_847,42.29,46.408188,4.118187,0.18446180555555555,425,2304,0.097379684,0.08873837
13_403_392,99.36,109.03374,9.673735,0.25390625,585,2304,0.097360454,0.0887224
12_385_467,77.0,84.49674,7.4967384,0.1467013888888889,338,2304,0.09736024,0.08872222
0_217_396,63.4,69.567184,6.167182,0.1597222222222222,368,2304,0.09727416,0.08865073
0_628_638,87.91,96.461205,8.551205,0.2113715277777778,487,2304,0.09727226,0.08864916
0_240_629,53.4,58.593636,5.1936336,0.14583333333333334,336,2304,0.09725905,0.08863819
0_41_219,39.9,43.77765,3.877647,0.17057291666666666,393,2304,0.09718413,0.08857595
0_435_740,102.1,112.021965,9.921959,0.2829861111111111,652,2304,0.09717883,0.08857155
11_668_422,65.6,71.97173,6.3717294,0.19053819444444445,439,2304,0.09713002,0.088530995
0_522_489,93.5,102.581505,9.081499,0.17317708333333334,399,2304,0.09712833,0.088529594
15_735_740,91.5,100.38557,8.885562,0.22960069444444445,529,2304,0.097109966,0.088514335
0_152_304,42.7,46.84584,4.145839,0.16710069444444445,385,2304,0.09709225,0.08849962
12_459_835,84.1,92.26123,8.16123,0.11762152777777778,271,2304,0.09704198,0.08845785
10_102_549,72.4,79.42411,7.024105,0.16276041666666666,375,2304,0.097018026,0.088437945
0_142_549,65.8,72.182465,6.382467,0.13585069444444445,313,2304,0.09699797,0.08842129
3_756_403,120.0,131.63269,11.632688,0.1618923611111111,373,2304,0.096939065,0.08837233
15_456_749,54.0,59.23466,5.2346597,0.1853298611111111,427,2304,0.09693814,0.08837157
0_35_578,80.5,88.302925,7.8029227,0.19921875,459,2304,0.09693072,0.08836539
0_406_635,73.18,80.26991,7.08991,0.2113715277777778,487,2304,0.09688316,0.08832587
0_182_793,76.04,83.39865,7.3586483,0.16666666666666666,384,2304,0.096773386,0.08823462
16_413_118,109.03,119.58118,10.551171,0.20008680555555555,461,2304,0.0967731,0.08823438
12_455_810,75.73,83.05815,7.3281507,0.16796875,387,2304,0.09676681,0.08822916
12_454_694,85.1,93.33304,8.233038,0.1857638888888889,428,2304,0.096745454,0.0882114
4_870_116,63.61,69.76253,6.1525254,0.14149305555555555,326,2304,0.09672261,0.08819241
12_364_387,78.3,85.87,7.5699987,0.18619791666666666,429,2304,0.09667942,0.0881565
6_515_218,61.170002,67.08371,5.9137053,0.17708333333333334,408,2304,0.09667656,0.08815412
16_571_768,48.2,52.85775,4.6577477,0.20008680555555555,461,2304,0.09663377,0.08811854
13_587_112,75.8,83.12474,7.324743,0.1796875,414,2304,0.09663249,0.08811748
0_872_220,39.14,42.919785,3.7797825,0.1427951388888889,329,2304,0.096570835,0.088066205
0_596_600,160.5,175.99042,15.490418,0.3224826388888889,743,2304,0.09651351,0.08801854
11_293_489,61.600002,67.54358,5.9435773,0.2261284722222222,521,2304,0.09648664,0.087996185
0_647_363,98.700005,108.21451,9.514504,0.18055555555555555,416,2304,0.09639822,0.08792263
0_215_853,67.5,74.00647,6.506472,0.1970486111111111,454,2304,0.09639218,0.08791761
0_780_396,56.65,62.106964,5.456961,0.1657986111111111,382,2304,0.09632764,0.087863915
0_311_638,86.270004,94.57952,8.309521,0.25,576,2304,0.09631993,0.08785751
0_517_774,88.47,96.99064,8.520635,0.16145833333333334,372,2304,0.096311,0.08785007
0_402_11,57.5,63.036476,5.536476,0.15885416666666666,366,2304,0.09628654,0.087829724
0_658_93,59.370003,65.08333,5.7133274,0.18272569444444445,421,2304,0.09623256,0.087784804
0_182_822,56.97,62.452244,5.4822445,0.2265625,522,2304,0.09623037,0.08778299
0_467_853,55.100002,60.39991,5.2999096,0.19835069444444445,457,2304,0.0961871,0.08774698
3_728_385,50.13,54.951775,4.821774,0.1870659722222222,431,2304,0.09618539,0.087745555
0_253_117,289.6,317.44278,27.842777,0.3541666666666667,816,2304,0.09614219,0.08770959
2_44_512,129.90001,142.38747,12.487471,0.2261284722222222,521,2304,0.09613141,0.08770063
0_202_686,91.9,100.73439,8.834387,0.19618055555555555,452,2304,0.09613043,0.08769981
0_744_166,120.28,131.83676,11.556765,0.1853298611111111,427,2304,0.09608218,0.08765965
0_145_79,56.5,61.928013,5.4280133,0.1232638888888889,284,2304,0.096071035,0.08765037
10_23_554,64.29,70.465225,6.1752205,0.17578125,405,2304,0.09605258,0.08763501
16_600_215,149.1,163.4199,14.319907,0.3311631944444444,763,2304,0.0960423,0.08762646
0_214_31,54.5,59.732906,5.2329054,0.19053819444444445,439,2304,0.096016616,0.08760507
0_176_345,65.090004,71.33858,6.2485747,0.2248263888888889,518,2304,0.095998995,0.087590404
0_150_769,75.270004,82.4909,7.220897,0.1449652777777778,334,2304,0.095933266,0.08753569
12_303_72,53.96,59.133877,5.173876,0.17057291666666666,393,2304,0.09588354,0.08749428
13_701_503,65.9,72.21745,6.31745,0.18489583333333334,426,2304,0.095864184,0.08747816
0_165_116,53.08,58.1679,5.0878983,0.14973958333333334,345,2304,0.095853396,0.087469175
0_647_422,80.9,88.65414,7.7541323,0.18880208333333334,435,2304,0.09584836,0.08746498
0_554_290,60.75,66.57253,5.822531,0.2465277777777778,568,2304,0.095844135,0.087461464
0_679_110,51.9,56.871063,4.9710603,0.15538194444444445,358,2304,0.095781505,0.08740931
0_143_127,65.8,72.10065,6.3006425,0.1948784722222222,449,2304,0.09575444,0.087386765
11_361_843,47.33,51.862057,4.5320573,0.1723090277777778,397,2304,0.09575443,0.087386765
10_23_655,48.57,53.220573,4.650572,0.2170138888888889,500,2304,0.095749885,0.08738297
16_285_193,71.8,78.66967,6.8696713,0.14539930555555555,335,2304,0.09567787,0.087322995
16_337_835,82.3,90.17285,7.872852,0.12065972222222222,278,2304,0.09566041,0.08730845
12_480_207,45.45,49.79648,4.346479,0.1918402777777778,442,2304,0.0956321,0.08728486
11_560_796,44.38,48.623135,4.2431335,0.1597222222222222,368,2304,0.095609136,0.08726574
6_506_116,97.72,107.06019,9.340188,0.18663194444444445,430,2304,0.09558113,0.0872424
0_567_411,69.9,76.57137,6.6713753,0.12803819444444445,295,2304,0.09544171,0.08712623
0_174_468,79.8,87.41486,7.614863,0.1150173611111111,265,2304,0.09542435,0.08711176
0_442_296,129.02,141.33142,12.311412,0.24522569444444445,565,2304,0.09542251,0.08711022
0_291_775,127.9,140.10214,12.202144,0.1818576388888889,419,2304,0.09540378,0.08709463
16_572_580,259.30002,284.03516,24.73515,0.4895833333333333,1128,2304,0.09539201,0.087084815
3_108_587,58.4,63.97052,5.570517,0.17100694444444445,394,2304,0.09538557,0.08707944
0_257_763,67.49,73.92648,6.436479,0.18055555555555555,416,2304,0.095369376,0.08706594
13_696_50,96.240005,105.41426,9.174255,0.17838541666666666,411,2304,0.09532684,0.08703049
3_844_167,53.690002,58.80653,5.1165285,0.15321180555555555,353,2304,0.095297605,0.08700613
0_153_166,136.6,149.61032,13.010311,0.234375,540,2304,0.09524386,0.08696132
13_701_381,144.40001,158.14787,13.747873,0.2456597222222222,566,2304,0.09520687,0.0869305
0_348_27,52.4,57.3869,4.986901,0.1723090277777778,397,2304,0.09516986,0.08689964
16_156_596,160.2,175.44098,15.240982,0.33203125,765,2304,0.095137216,0.08687242
0_182_841,55.460003,60.73449,5.274489,0.1996527777777778,460,2304,0.095104374,0.08684503
16_330_694,72.0,78.84638,6.8463798,0.15885416666666666,366,2304,0.09508861,0.08683188
0_394_296,107.75,117.993935,10.243932,0.2421875,558,2304,0.09507129,0.08681744
0_298_740,90.9,99.54067,8.640674,0.2712673611111111,625,2304,0.095056914,0.086805455
3_854_120,105.23,115.231834,10.001837,0.2126736111111111,490,2304,0.095047385,0.08679751
0_302_193,93.4,102.27676,8.876754,0.19053819444444445,439,2304,0.09504019,0.08679151
0_431_201,136.28,149.2198,12.939799,0.2534722222222222,584,2304,0.094950095,0.08671637
0_59_853,57.58,63.047188,5.467189,0.1896701388888889,437,2304,0.09494944,0.086715825
0_273_201,93.0,101.82978,8.829777,0.1957465277777778,451,2304,0.09494384,0.086711146
0_242_740,86.4,94.5959,8.195902,0.20225694444444445,466,2304,0.09485997,0.08664119
4_870_292,93.89,102.79111,8.901104,0.18359375,423,2304,0.094803534,0.086594105
0_713_774,81.78,89.52946,7.7494545,0.18663194444444445,430,2304,0.09475978,0.0865576
0_599_688,53.5,58.566776,5.0667768,0.1558159722222222,359,2304,0.09470611,0.08651282
0_692_500,101.4,110.99679,9.596785,0.2682291666666667,618,2304,0.09464285,0.086460024
16_295_306,72.089005,78.91158,6.8225784,0.21875,504,2304,0.09464104,0.08645852
0_246_190,69.87,76.48188,6.611875,0.15494791666666666,357,2304,0.0946311,0.08645022
16_600_468,57.3,62.72139,5.4213886,0.1762152777777778,406,2304,0.09461411,0.08643604
0_596_258,47.5,51.99365,4.4936476,0.1657986111111111,382,2304,0.09460311,0.086426854
0_301_12,50.870003,55.68231,4.812307,0.2035590277777778,469,2304,0.09460009,0.08642434
15_437_716,79.5,87.01787,7.517864,0.19010416666666666,438,2304,0.09456433,0.08639449
16_613_580,166.1,181.8033,15.703291,0.359375,828,2304,0.094541185,0.08637517
0_305_118,151.38,165.68854,14.30853,0.21484375,495,2304,0.094520606,0.086357996
0_373_666,106.5,116.561615,10.061609,0.19618055555555555,452,2304,0.0944752,0.086320095
0_29_190,122.0,133.52531,11.525313,0.1896701388888889,437,2304,0.09446978,0.086315565
0_147_422,102.3,111.96308,9.663079,0.25390625,585,2304,0.09445825,0.086305946
0_204_715,83.04,90.88161,7.841608,0.1740451388888889,401,2304,0.0944317,0.08628377
0_167_500,111.0,121.47772,10.477723,0.2478298611111111,571,2304,0.0943939,0.08625222
0_780_419,69.51,76.07085,6.5608487,0.21180555555555555,488,2304,0.094387114,0.08624656
1_27_50,97.78,107.00849,9.228493,0.1831597222222222,422,2304,0.09438017,0.08624075
0_438_70,277.5,303.65912,26.159101,0.2799479166666667,645,2304,0.09426703,0.08614627
0_59_554,66.37,72.62116,6.2511625,0.19835069444444445,457,2304,0.09418657,0.086079076
0_81_99,44.36,48.53796,4.17796,0.13151041666666666,303,2304,0.09418304,0.08607613
2_354_50,104.16,113.95312,9.793117,0.16927083333333334,390,2304,0.094019935,0.08593988
0_335_422,87.1,95.287544,8.187545,0.2170138888888889,500,2304,0.094001666,0.08592461
7_75_210,62.600002,68.48377,5.8837743,0.17664930555555555,407,2304,0.09399,0.085914865
0_193_500,74.3,81.28295,6.9829464,0.203125,468,2304,0.09398312,0.08590911
0_197_478,84.4,92.33145,7.9314466,0.2109375,486,2304,0.093974486,0.08590189
0_551_290,84.5,92.440506,7.940504,0.2673611111111111,616,2304,0.09397046,0.08589853
0_213_404,52.34,57.257782,4.9177804,0.1640625,378,2304,0.093958355,0.08588842
4_328_292,106.380005,116.37387,9.993873,0.2048611111111111,472,2304,0.09394503,0.08587729
0_522_715,67.9,74.27852,6.378515,0.18229166666666666,420,2304,0.09393983,0.08587294
0_171_419,64.25,70.28539,6.0353928,0.21614583333333334,498,2304,0.09393607,0.085869804
0_18_8,42.3,46.27277,3.9727697,0.12630208333333334,291,2304,0.093918905,0.085855454
0_815_478,82.3,90.027306,7.7273045,0.20052083333333334,462,2304,0.09389191,0.085832894
0_851_215,246.3,269.42148,23.121477,0.3541666666666667,816,2304,0.09387526,0.08581898
3_787_562,90.0,98.4459,8.445899,0.16145833333333334,372,2304,0.093843326,0.08579229
4_865_127,96.07,105.08547,9.015468,0.1814236111111111,418,2304,0.09384269,0.08579176
0_671_478,119.3,130.49489,11.194888,0.2300347222222222,530,2304,0.09383812,0.085787944
0_300_480,64.200005,70.22359,6.023583,0.1870659722222222,431,2304,0.09382527,0.0857772
6_477_740,122.1,133.55121,11.451208,0.296875,684,2304,0.09378549,0.08574395
0_554_765,49.2,53.813057,4.6130567,0.1775173611111111,409,2304,0.09376131,0.08572374
0_134_31,72.9,79.734116,6.834113,0.14453125,333,2304,0.09374641,0.08571128
0_597_478,62.0,67.81129,5.811288,0.2092013888888889,482,2304,0.09373045,0.08569794
13_594_654,95.58,104.53754,8.957536,0.1736111111111111,400,2304,0.09371768,0.085687265
3_846_120,106.340004,116.30496,9.964961,0.1792534722222222,413,2304,0.093708485,0.08567958
0_301_290,122.76,134.26106,11.501056,0.3038194444444444,700,2304,0.09368732,0.08566189
4_830_489,44.8,48.996635,4.1966333,0.1879340277777778,433,2304,0.09367485,0.08565146
0_181_374,42.41,46.381577,3.971577,0.15538194444444445,358,2304,0.09364718,0.08562833
3_854_187,52.11,56.989693,4.879692,0.1953125,450,2304,0.093642145,0.08562411
3_726_281,88.62,96.91668,8.296676,0.16319444444444445,376,2304,0.0936208,0.08560627
15_94_76,87.560005,95.75384,8.19384,0.203125,468,2304,0.09357971,0.08557192
16_156_201,54.96,60.09868,5.1386786,0.18663194444444445,430,2304,0.09349852,0.08550402
0_489_201,71.56,78.25024,6.690239,0.1931423611111111,445,2304,0.09349132,0.085498005
15_735_596,104.3,114.04034,9.740338,0.2573784722222222,593,2304,0.09338771,0.08541134
0_46_715,78.1,85.39185,7.29185,0.18619791666666666,429,2304,0.09336556,0.08539281
6_493_6,90.1,98.51034,8.410339,0.22395833333333334,516,2304,0.0933445,0.0853752
0_438_430,48.32,52.827065,4.5070653,0.1853298611111111,427,2304,0.09327536,0.08531735
0_273_219,53.47,58.456547,4.9865465,0.1545138888888889,356,2304,0.09325877,0.08530347
0_8_688,49.3,53.897194,4.597194,0.16145833333333334,372,2304,0.09324937,0.08529561
3_712_641,39.420002,43.09501,3.6750083,0.16276041666666666,375,2304,0.09322699,0.08527689
6_469_191,233.5,255.2642,21.7642,0.3424479166666667,789,2304,0.09320857,0.085261464
0_502_489,90.3,98.711006,8.411004,0.18446180555555555,425,2304,0.09314512,0.08520837
0_161_370,85.1,93.02658,7.926579,0.1640625,378,2304,0.09314429,0.08520768
0_471_370,117.200005,128.11159,10.911581,0.2534722222222222,584,2304,0.093102224,0.085172474
0_744_97,86.54,94.59386,8.053854,0.17578125,405,2304,0.093065105,0.085141405
0_883_802,127.4,139.25572,11.855714,0.1306423611111111,301,2304,0.09305897,0.08513628
12_432_119,159.2,174.01337,14.81336,0.24348958333333334,561,2304,0.093048744,0.08512771
0_229_6,128.90001,140.89334,11.993331,0.20789930555555555,479,2304,0.09304368,0.08512348
0_196_290,120.47,131.67584,11.205843,0.2790798611111111,643,2304,0.093017705,0.08510174
2_44_580,153.6,167.88477,14.284764,0.2647569444444444,610,2304,0.092999764,0.08508672
0_552_127,61.0,66.6721,5.672097,0.1371527777777778,316,2304,0.0929852,0.08507453
0_140_841,43.07,47.073715,4.0037146,0.19444444444444445,448,2304,0.092958316,0.08505202
0_431_783,171.6,187.55048,15.95047,0.2109375,486,2304,0.092951454,0.08504628
0_772_296,135.6,148.19804,12.598039,0.2647569444444444,610,2304,0.09290589,0.08500813
0_348_76,119.200005,130.27425,11.07424,0.2417534722222222,557,2304,0.092904694,0.08500713
0_186_23,67.630005,73.91285,6.2828484,0.1935763888888889,446,2304,0.092900306,0.085003465
0_417_783,99.4,108.63395,9.23395,0.1362847222222222,314,2304,0.09289688,0.08500059
12_372_215,180.58,197.35208,16.772076,0.3532986111111111,814,2304,0.09287892,0.084985554
0_56_363,69.5,75.95497,6.454968,0.14930555555555555,344,2304,0.09287724,0.08498414
0_152_122,132.78,145.10637,12.326362,0.1762152777777778,406,2304,0.09283297,0.08494707
16_518_763,62.48,68.280136,5.8001337,0.19140625,441,2304,0.09283184,0.08494613
0_176_810,78.1,85.350075,7.250073,0.1662326388888889,383,2304,0.09283064,0.08494513
0_382_76,133.2,145.5637,12.36371,0.2465277777777778,568,2304,0.09282065,0.08493677
0_273_763,72.28,78.988945,6.708944,0.1931423611111111,445,2304,0.09281881,0.084935226
0_216_17,61.7,67.425804,5.725805,0.1501736111111111,346,2304,0.09280072,0.08492008
0_370_215,180.0,196.70346,16.703451,0.2747395833333333,633,2304,0.09279695,0.08491691
12_391_119,141.83,154.98724,13.157235,0.24131944444444445,556,2304,0.09276764,0.08489238
0_198_774,74.3,81.18587,6.885869,0.1892361111111111,436,2304,0.092676565,0.084816106
13_584_272,138.7,151.54642,12.846412,0.2183159722222222,503,2304,0.09262013,0.084768824
15_94_70,194.3,212.29167,17.991676,0.2456597222222222,566,2304,0.0925974,0.084749795
0_203_116,103.170006,112.72121,9.551205,0.1879340277777778,433,2304,0.09257734,0.08473299
14_68_304,65.0,71.01667,6.0166655,0.15321180555555555,353,2304,0.09256408,0.08472188
12_226_116,97.0,105.976746,8.976746,0.1762152777777778,406,2304,0.092543766,0.08470486
6_538_343,99.89,109.13136,9.241362,0.1814236111111111,418,2304,0.09251539,0.08468108
0_241_796,140.1,153.06071,12.960705,0.23567708333333334,543,2304,0.09251038,0.084676884
12_357_116,126.5,138.20181,11.701817,0.19140625,441,2304,0.09250448,0.084671944
0_487_699,41.600002,45.447857,3.8478572,0.1605902777777778,370,2304,0.09249657,0.08466532
0_856_802,108.8,118.863556,10.063558,0.12890625,297,2304,0.09249593,0.084664784
0_411_554,130.8,142.89464,12.094631,0.2191840277777778,505,2304,0.0924666,0.084640205
0_417_810,111.67,121.99485,10.324849,0.2152777777777778,496,2304,0.092458576,0.084633484
12_460_100,68.16,74.46043,6.300427,0.1740451388888889,401,2304,0.09243584,0.08461443
0_847_12,57.100002,62.377056,5.2770557,0.20572916666666666,474,2304,0.092417784,0.08459931
0_335_847,53.64,58.596478,4.956478,0.1618923611111111,373,2304,0.09240265,0.08458662
16_523_843,46.760002,51.074345,4.3143425,0.1362847222222222,314,2304,0.09226566,0.084471814
12_313_541,107.15,117.03255,9.882547,0.1723090277777778,397,2304,0.09223096,0.08444273
0_843_715,96.3,105.17911,8.879103,0.15625,360,2304,0.092202514,0.084418885
0_713_578,121.5,132.69759,11.1975765,0.1840277777777778,424,2304,0.09216113,0.08438417
0_174_38,89.200005,97.420265,8.220267,0.2048611111111111,472,2304,0.09215546,0.08437944
0_308_631,73.73,80.52442,6.7944202,0.18619791666666666,429,2304,0.09215272,0.08437714
0_274_201,59.18,64.63334,5.4533353,0.15928819444444445,367,2304,0.09214828,0.084373415
0_184_682,90.0,98.2933,8.293294,0.1362847222222222,314,2304,0.09214771,0.08437294
0_815_23,73.47,80.2392,6.769198,0.1753472222222222,404,2304,0.09213553,0.08436273
0_312_215,324.5,354.3947,29.894724,0.4092881944444444,943,2304,0.0921255,0.08435432
0_211_688,87.3,95.34174,8.041744,0.2052951388888889,473,2304,0.0921162,0.08434652
0_370_549,86.4,94.35795,7.957948,0.1723090277777778,397,2304,0.09210588,0.08433787
0_449_119,144.40001,157.69351,13.293505,0.2087673611111111,481,2304,0.092060275,0.08429963
0_126_215,221.6,241.98856,20.388556,0.2526041666666667,582,2304,0.09200612,0.08425421
6_495_441,105.200005,114.878296,9.678292,0.1154513888888889,266,2304,0.09199897,0.08424822
0_577_596,136.6,149.14671,12.546708,0.2986111111111111,688,2304,0.09184998,0.08412326
15_512_822,68.340004,74.6166,6.276596,0.18098958333333334,417,2304,0.09184366,0.08411796
0_386_769,90.9,99.24769,8.347687,0.1675347222222222,386,2304,0.09183373,0.084109634
15_9_835,144.7,157.98428,13.284287,0.1449652777777778,334,2304,0.09180572,0.084086135
0_439_306,63.34,69.150276,5.810276,0.19401041666666666,447,2304,0.09173154,0.0840239
0_612_774,68.5,74.78347,6.283471,0.18098958333333334,417,2304,0.09172951,0.084022194
13_673_654,103.18,112.64431,9.464305,0.17664930555555555,407,2304,0.091726154,0.08401938
0_780_715,52.350002,57.151035,4.8010335,0.18663194444444445,430,2304,0.091710284,0.08400606
0_525_4,89.6,97.81484,8.214844,0.16145833333333334,372,2304,0.09168352,0.083983615
11_602_740,107.200005,117.02737,9.827361,0.24088541666666666,555,2304,0.09167314,0.0839749
16_333_6,82.9,90.49648,7.5964828,0.19921875,459,2304,0.09163429,0.0839423
6_609_666,101.3,110.5709,9.270899,0.2556423611111111,589,2304,0.09151924,0.08384574
0_664_363,84.200005,91.90521,7.705212,0.1697048611111111,391,2304,0.091510825,0.08383869
16_463_596,92.8,101.28866,8.488658,0.2586805555555556,596,2304,0.0914726,0.0838066
11_430_631,89.61,97.806274,8.196271,0.22005208333333334,507,2304,0.09146603,0.083801076
6_499_218,58.38,63.718517,5.338515,0.16796875,387,2304,0.09144424,0.083782785
0_134_19,235.6,257.14258,21.542576,0.2703993055555556,623,2304,0.09143708,0.08377677
0_235_578,123.600006,134.90157,11.301556,0.2417534722222222,557,2304,0.09143653,0.08377631
0_178_631,60.280003,65.79017,5.5101695,0.1970486111111111,454,2304,0.09140958,0.08375369
12_377_620,54.38,59.348606,4.968607,0.1254340277777778,289,2304,0.09136827,0.083719015
0_241_631,95.85,104.60738,8.75738,0.2825520833333333,651,2304,0.091365464,0.083716646
0_704_115,57.11,62.325253,5.215252,0.1449652777777778,334,2304,0.09131942,0.08367799
0_259_41,106.770004,116.51961,9.749609,0.1349826388888889,311,2304,0.09131412,0.08367355
6_52_201,88.130005,96.17123,8.041227,0.22352430555555555,515,2304,0.09124279,0.08361365
0_812_645,75.31,82.18139,6.8713894,0.22178819444444445,511,2304,0.0912414,0.08361248
12_208_835,139.8,152.55408,12.754075,0.14973958333333334,345,2304,0.09123086,0.083603635
0_567_370,92.3,100.72055,8.4205475,0.2534722222222222,584,2304,0.0912302,0.08360307
16_622_300,207.54001,226.46573,18.925724,0.2899305555555556,668,2304,0.091190726,0.08356992
0_274_645,53.65,58.540993,4.8909917,0.14713541666666666,339,2304,0.0911648,0.08354815
0_291_201,71.8,78.3406,6.5405984,0.18359375,423,2304,0.09109468,0.083489254
0_144_554,107.670006,117.47212,9.802121,0.22743055555555555,524,2304,0.09103855,0.08344211
12_334_515,62.600002,68.29896,5.698956,0.16666666666666666,384,2304,0.09103763,0.08344133
11_326_343,118.98,129.80673,10.826736,0.18359375,423,2304,0.09099627,0.08340659
0_157_118,119.8,130.6928,10.892796,0.20399305555555555,470,2304,0.09092484,0.08334657
12_344_191,269.9,294.43195,24.53195,0.3107638888888889,716,2304,0.09089274,0.0833196
16_490_559,50.190002,54.751755,4.561755,0.1566840277777778,361,2304,0.090889715,0.08331706
6_534_201,87.880005,95.86143,7.981427,0.1957465277777778,451,2304,0.09082188,0.08326005
12_384_481,54.8,59.774944,4.974944,0.2109375,486,2304,0.090783656,0.08322792
16_571_796,76.05,82.94911,6.899107,0.2052951388888889,473,2304,0.09071804,0.08317277
17_897_240,52.3,57.040726,4.740724,0.1974826388888889,455,2304,0.09064482,0.08311122
2_45_87,52.82,57.60741,4.7874107,0.19921875,459,2304,0.09063633,0.08310408
0_162_127,74.1,80.81485,6.7148466,0.16493055555555555,380,2304,0.090618715,0.08308927
0_679_351,110.1,120.076065,9.976064,0.2048611111111111,472,2304,0.09060912,0.0830812
6_496_218,52.47,57.22364,4.7536407,0.14583333333333334,336,2304,0.0905973,0.08307128
0_157_76,135.2,147.44577,12.245772,0.21614583333333334,498,2304,0.09057524,0.08305272
0_255_122,141.22,154.0105,12.790496,0.20008680555555555,461,2304,0.09057142,0.083049506
6_541_716,75.700005,82.55534,6.8553424,0.1853298611111111,427,2304,0.09055934,0.08303935
0_173_486,187.8,204.80096,17.00096,0.24088541666666666,555,2304,0.09052694,0.083012104
6_498_240,68.83,75.05974,6.229733,0.15711805555555555,362,2304,0.090508975,0.082997
0_131_201,71.51,77.980736,6.4707355,0.1736111111111111,400,2304,0.09048714,0.08297864
0_291_11,56.9,62.046413,5.146414,0.171875,396,2304,0.090446636,0.08294458
13_310_255,101.0,110.13303,9.13303,0.1527777777777778,352,2304,0.09042604,0.08292725
16_412_122,107.68,117.41458,9.734583,0.2664930555555556,614,2304,0.090402886,0.08290779
0_521_419,92.490005,100.84972,8.359717,0.22005208333333334,507,2304,0.09038509,0.08289282
0_112_631,78.28,85.35524,7.075241,0.2439236111111111,562,2304,0.09038377,0.0828917
16_103_144,117.65,128.28351,10.633501,0.23046875,531,2304,0.0903825,0.08289063
15_87_699,64.200005,70.00152,5.8015194,0.1779513888888889,410,2304,0.09036634,0.08287705
0_741_387,79.200005,86.35361,7.1536036,0.1857638888888889,428,2304,0.09032327,0.08284082
6_513_822,86.5,94.31023,7.8102264,0.2052951388888889,473,2304,0.090291634,0.0828142
3_710_377,58.8,64.10585,5.3058467,0.22265625,513,2304,0.09023549,0.082766965
0_284_190,141.0,153.72076,12.720765,0.24088541666666666,555,2304,0.090218194,0.08275242
13_747_535,107.72,117.43537,9.715372,0.265625,612,2304,0.09019098,0.08272952
0_12_300,281.7,307.10092,25.40092,0.3611111111111111,832,2304,0.09017011,0.082711965
16_355_768,43.600002,47.52949,3.9294884,0.2144097222222222,494,2304,0.09012587,0.08267474
0_8_166,125.240005,136.52036,11.280358,0.25390625,585,2304,0.09006993,0.08262767
0_307_363,99.3,108.24121,8.941211,0.1792534722222222,413,2304,0.090042405,0.0826045
1_31_441,92.6,100.93654,8.336537,0.1527777777777778,352,2304,0.0900274,0.08259187
0_417_127,66.9,72.92028,6.0202785,0.11805555555555555,272,2304,0.089989215,0.08255973
0_152_775,159.2,173.51834,14.318338,0.1818576388888889,419,2304,0.08993931,0.08251772
12_322_117,196.55,214.22298,17.672968,0.2708333333333333,624,2304,0.08991589,0.08249801
0_201_217,72.9,79.44885,6.5488524,0.1662326388888889,383,2304,0.089833364,0.08242854
15_456_76,94.64,103.13729,8.49729,0.18619791666666666,429,2304,0.0897854,0.08238814
0_370_775,105.47,114.93849,9.46849,0.14973958333333334,345,2304,0.08977424,0.08237875
0_378_310,150.81,164.34608,13.536075,0.2634548611111111,607,2304,0.08975582,0.08236323
3_116_666,71.200005,77.59033,6.390331,0.1484375,342,2304,0.08975183,0.08235989
3_785_112,101.9,111.0435,9.143504,0.1779513888888889,410,2304,0.089730166,0.08234164
0_750_190,136.7,148.96431,12.264305,0.20963541666666666,483,2304,0.08971694,0.082330495
0_282_99,74.18,80.829575,6.6495757,0.1909722222222222,440,2304,0.08964109,0.08226662
16_464_300,255.15001,277.9991,22.8491,0.3428819444444444,790,2304,0.089551635,0.082191266
0_822_420,70.15,76.43154,6.2815437,0.2282986111111111,526,2304,0.08954445,0.08218523
0_118_193,224.8,244.92844,20.12843,0.2790798611111111,643,2304,0.089539275,0.08218086
0_255_212,52.18,56.850582,4.6705823,0.1597222222222222,368,2304,0.08950905,0.0821554
0_91_99,52.84,57.569187,4.7291875,0.18446180555555555,425,2304,0.089500144,0.0821479
11_532_294,115.73,126.08567,10.355666,0.2400173611111111,553,2304,0.08948126,0.08213198
12_244_580,135.0,147.0714,12.071389,0.3012152777777778,694,2304,0.089417696,0.08207843
0_181_740,109.5,119.28952,9.789516,0.2339409722222222,539,2304,0.089401975,0.08206519
14_457_835,91.700005,99.89012,8.190122,0.11067708333333333,255,2304,0.0893143,0.08199131
13_698_579,85.8,93.45405,7.6540465,0.1423611111111111,328,2304,0.089208,0.081901714
11_630_292,121.01,131.79765,10.787648,0.24609375,567,2304,0.08914675,0.08185008
13_403_68,114.54,124.744576,10.2045765,0.18098958333333334,417,2304,0.089091815,0.08180377
0_184_363,96.9,105.5258,8.625803,0.15104166666666666,348,2304,0.08901757,0.08174118
0_126_666,111.200005,121.091484,9.891483,0.1970486111111111,454,2304,0.08895218,0.081686035
0_850_468,72.9,79.382835,6.482834,0.11588541666666667,267,2304,0.08892776,0.081665434
16_523_688,57.8,62.93831,5.138306,0.18055555555555555,416,2304,0.08889803,0.08164036
0_118_802,145.5,158.42444,12.924431,0.1328125,306,2304,0.08882771,0.08158104
0_112_779,52.260002,56.897205,4.6372066,0.19010416666666666,438,2304,0.088733375,0.081501484
0_494_387,64.0,69.67511,5.675108,0.14453125,333,2304,0.08867356,0.081451006
6_398_351,58.82,64.03486,5.2148576,0.20182291666666666,465,2304,0.0886579,0.0814378
6_52_240,49.65,54.05021,4.4002075,0.1506076388888889,347,2304,0.08862452,0.08140963
0_847_23,82.42,89.72156,7.301555,0.17491319444444445,403,2304,0.08858961,0.081380166
14_457_304,76.6,83.37972,6.77972,0.14713541666666666,339,2304,0.08850809,0.081311375
0_405_150,56.4,61.39061,4.99061,0.1714409722222222,395,2304,0.08848599,0.081292726
0_679_775,124.380005,135.38164,11.001635,0.1545138888888889,356,2304,0.088451795,0.08126386
0_148_11,84.1,91.53303,7.4330287,0.17708333333333334,408,2304,0.08838322,0.08120597
0_187_11,76.6,83.367256,6.7672563,0.18359375,423,2304,0.088345386,0.08117403
0_551_578,67.18,73.11111,5.931103,0.1796875,414,2304,0.08828674,0.081124514
0_438_763,72.49,78.88279,6.3927903,0.17274305555555555,398,2304,0.08818858,0.081041634
0_158_500,75.200005,81.81113,6.611123,0.2599826388888889,599,2304,0.08791386,0.080809586
0_883_190,114.5,124.564545,10.064542,0.1484375,342,2304,0.08789993,0.08079781
0_179_467,90.6,98.562805,7.962802,0.2838541666666667,654,2304,0.08788965,0.08078912
0_658_631,78.93,85.864075,6.9340715,0.2009548611111111,463,2304,0.0878509,0.08075637
0_790_810,149.7,162.84875,13.148757,0.3172743055555556,731,2304,0.08783405,0.08074214
0_420_578,126.87,138.0092,11.139196,0.22916666666666666,528,2304,0.08780008,0.080713436
12_876_190,81.55,88.70734,7.1573315,0.1701388888888889,392,2304,0.08776617,0.08068477
0_434_79,51.31,55.813194,4.5031915,0.1657986111111111,382,2304,0.0877644,0.080683276
0_53_214,56.33,61.27279,4.942787,0.18880208333333334,435,2304,0.08774697,0.08066855
0_309_715,81.8,88.97649,7.1764874,0.18836805555555555,434,2304,0.087732114,0.080656
0_851_207,101.0,109.85783,8.857826,0.23177083333333334,534,2304,0.087701246,0.08062991
14_133_144,108.54,118.05775,9.517747,0.2170138888888889,500,2304,0.08768884,0.08061942
12_450_835,131.90001,143.46558,11.565574,0.1371527777777778,316,2304,0.0876844,0.08061567
0_750_214,59.2,64.39087,5.1908712,0.1857638888888889,428,2304,0.08768363,0.08061502
4_881_76,57.65,62.704285,5.0542846,0.15755208333333334,363,2304,0.08767189,0.08060509
0_167_740,99.5,108.21808,8.71808,0.2105034722222222,485,2304,0.08761889,0.08056029
0_658_839,41.5,45.13549,3.635491,0.16102430555555555,371,2304,0.08760219,0.08054617
0_540_796,159.0,172.92871,13.928706,0.22743055555555555,524,2304,0.08760192,0.08054595
6_476_387,88.200005,95.92393,7.723923,0.18880208333333334,435,2304,0.08757282,0.08052134
0_121_699,41.600002,45.2399,3.6398969,0.1618923611111111,373,2304,0.08749752,0.08045767
0_431_569,104.1,113.205414,9.10541,0.1723090277777778,397,2304,0.08746792,0.08043263
2_45_346,71.49,77.74067,6.250664,0.1814236111111111,418,2304,0.087434106,0.08040404
0_449_486,160.86,174.9171,14.0570965,0.1779513888888889,410,2304,0.087387145,0.08036434
15_87_404,49.47,53.790215,4.3202143,0.16319444444444445,376,2304,0.08732998,0.08031599
16_524_191,135.1,146.89696,11.79696,0.21571180555555555,497,2304,0.0873202,0.08030772
0_580_190,106.4,115.688736,9.288737,0.20052083333333334,462,2304,0.08730016,0.080290765
0_378_631,92.87,100.97563,8.105632,0.21484375,495,2304,0.087279335,0.08027315
3_785_167,48.23,52.43784,4.2078404,0.1232638888888889,284,2304,0.08724529,0.080244355
0_312_351,143.94,156.49744,12.557441,0.2387152777777778,550,2304,0.0872408,0.080240555
0_647_23,78.04,84.84742,6.807415,0.1953125,450,2304,0.08722982,0.08023126
0_704_207,123.1,133.83629,10.73629,0.2282986111111111,526,2304,0.087216005,0.080219574
0_34_115,51.99,56.522312,4.532311,0.1484375,342,2304,0.08717659,0.080186225
6_474_191,245.1,266.4611,21.361101,0.3324652777777778,766,2304,0.08715259,0.08016593
15_79_704,43.0,46.747017,3.747017,0.14973958333333334,345,2304,0.08713993,0.08015521
12_249_715,61.57,66.93376,5.363763,0.1801215277777778,415,2304,0.0871165,0.08013539
0_525_500,66.24,72.0089,5.768902,0.23524305555555555,542,2304,0.08709091,0.08011373
0_172_672,64.1,69.68252,5.5825167,0.15711805555555555,362,2304,0.087090746,0.08011359
0_35_76,113.8,123.70981,9.909805,0.19618055555555555,452,2304,0.08708089,0.08010525
0_872_768,43.300003,47.06807,3.7680697,0.1037326388888889,239,2304,0.08702239,0.08005575
0_149_578,76.1,82.72195,6.621942,0.1540798611111111,355,2304,0.08701632,0.08005061
0_255_347,42.5,46.198017,3.698015,0.1371527777777778,316,2304,0.08701212,0.08004705
12_391_666,149.6,162.61563,13.015635,0.24305555555555555,560,2304,0.0870029,0.080039255
0_191_500,91.270004,99.21064,7.9406404,0.2026909722222222,467,2304,0.087001644,0.0800382
0_143_135,43.5,47.283405,3.7834044,0.1154513888888889,266,2304,0.086974815,0.08001548
0_104_486,156.87001,170.5137,13.643698,0.18663194444444445,430,2304,0.08697455,0.08001526
0_452_662,44.5,48.369953,3.869951,0.12890625,297,2304,0.08696519,0.08000734
3_796_666,72.380005,78.674194,6.294196,0.15494791666666666,357,2304,0.08696043,0.08000331
0_489_793,53.530003,58.179802,4.6498013,0.14192708333333334,327,2304,0.08686346,0.07992123
16_549_835,130.2,141.50922,11.309221,0.1449652777777778,334,2304,0.08686038,0.07991862
12_322_749,88.32,95.98989,7.669893,0.2026909722222222,467,2304,0.08684208,0.07990313
0_91_11,83.6,90.8547,7.254693,0.18055555555555555,416,2304,0.086778626,0.0798494
0_555_638,110.66,120.25857,9.598562,0.2534722222222222,584,2304,0.08673922,0.079816036
0_132_578,45.850002,49.826214,3.9762132,0.1697048611111111,391,2304,0.0867222,0.079801634
0_288_215,217.5,236.35742,18.857412,0.2881944444444444,664,2304,0.086700745,0.079783455
12_876_631,97.6,106.061134,8.46113,0.23307291666666666,537,2304,0.08669191,0.079775974
12_385_769,57.49,62.47045,4.9804506,0.1644965277777778,379,2304,0.086631596,0.0797249
3_755_381,67.5,73.34625,5.8462543,0.1501736111111111,346,2304,0.086611174,0.07970761
0_555_387,102.6,111.482605,8.882606,0.16666666666666666,384,2304,0.086575106,0.07967705
0_790_240,131.97,143.38725,11.417255,0.23524305555555555,542,2304,0.08651402,0.079625316
0_522_363,80.5,87.463615,6.9636154,0.1488715277777778,343,2304,0.08650454,0.079617284
0_172_207,123.3,133.9645,10.664495,0.2400173611111111,553,2304,0.086492255,0.07960688
16_395_481,82.72,89.87393,7.153931,0.19010416666666666,438,2304,0.086483695,0.07959963
12_458_580,174.90001,190.01933,15.119332,0.3506944444444444,808,2304,0.08644558,0.079567336
0_586_76,166.0,180.34464,14.344635,0.23697916666666666,546,2304,0.086413465,0.079540126
0_621_363,98.1,106.574104,8.474102,0.16319444444444445,376,2304,0.086382285,0.079513706
3_113_605,102.4,111.23401,8.834008,0.16493055555555555,380,2304,0.08626961,0.079418235
13_403_50,118.07,128.25194,10.181941,0.17881944444444445,412,2304,0.08623648,0.07939015
16_163_810,65.130005,70.74205,5.6120515,0.1501736111111111,346,2304,0.08616691,0.0793312
0_115_76,101.08,109.7875,8.707497,0.16145833333333334,372,2304,0.086144604,0.07931228
0_34_662,53.600002,58.21575,4.6157494,0.13541666666666666,312,2304,0.08611472,0.07928695
0_164_567,58.7,63.750027,5.0500274,0.14192708333333334,327,2304,0.08603113,0.079216085
6_122_343,80.39,87.29899,6.9089837,0.1775173611111111,409,2304,0.08594333,0.079141624
12_483_122,86.44,93.86826,7.428263,0.2065972222222222,476,2304,0.08593548,0.07913498
11_531_0,112.5,122.16327,9.663269,0.19618055555555555,452,2304,0.085895725,0.079101264
0_24_853,53.0,57.547966,4.5479655,0.1401909722222222,323,2304,0.08581067,0.07902913
0_557_419,89.700005,97.39662,7.6966224,0.1957465277777778,451,2304,0.08580404,0.0790235
0_143_193,80.5,87.403786,6.9037843,0.16102430555555555,371,2304,0.085761294,0.07898725
0_202_635,95.37,103.54732,8.177313,0.16666666666666666,384,2304,0.085743025,0.07897175
16_277_292,109.01,118.35578,9.345783,0.2282986111111111,526,2304,0.085733265,0.07896347
15_510_716,82.6,89.6772,7.0771966,0.2052951388888889,473,2304,0.08568035,0.07891857
13_660_580,210.90001,228.96872,18.068712,0.2634548611111111,607,2304,0.08567431,0.07891345
0_744_99,56.59,61.438057,4.8480563,0.16015625,369,2304,0.08566984,0.078909665
13_641_512,154.16,167.35608,13.196073,0.2348090277777778,541,2304,0.08559985,0.07885028
15_735_749,62.3,67.63089,5.3308926,0.1792534722222222,413,2304,0.0855681,0.078823335
0_847_802,140.0,151.9783,11.978301,0.12890625,297,2304,0.08555929,0.07881586
0_29_774,86.99,94.43016,7.4401617,0.19921875,459,2304,0.08552893,0.0787901
0_595_419,75.55,82.010345,6.460343,0.19053819444444445,439,2304,0.08551082,0.07877473
0_234_310,149.47,162.23576,12.765754,0.2152777777777778,496,2304,0.085406795,0.07868643
1_66_112,138.8,150.64896,11.848961,0.23524305555555555,542,2304,0.08536715,0.07865279
0_540_740,136.8,148.47778,11.677782,0.2860243055555556,659,2304,0.0853639,0.07865003
0_856_144,127.28,138.13857,10.858556,0.1870659722222222,431,2304,0.08531235,0.078606255
0_314_769,102.770004,111.535355,8.765354,0.1480034722222222,341,2304,0.085290976,0.07858812
16_607_494,147.05,159.59062,12.540617,0.23046875,531,2304,0.08528131,0.07857991
0_580_116,101.3,109.93255,8.632549,0.1796875,414,2304,0.08521766,0.07852587
0_815_363,84.04,91.20134,7.161342,0.1401909722222222,323,2304,0.0852135,0.07852233
12_250_776,69.200005,75.095795,5.8957944,0.1675347222222222,386,2304,0.085199334,0.078510314
0_175_419,56.190002,60.976078,4.7860765,0.17881944444444445,412,2304,0.085176654,0.078491054
0_60_201,102.770004,111.52107,8.751071,0.19401041666666666,447,2304,0.08515199,0.07847011
0_95_223,111.9,121.42614,9.526135,0.17708333333333334,408,2304,0.08513079,0.078452095
0_217_70,255.40001,277.13968,21.739668,0.2664930555555556,614,2304,0.085120074,0.078443
0_741_635,52.120003,56.55467,4.434669,0.18446180555555555,425,2304,0.08508574,0.078413844
11_651_666,99.4,107.8565,8.4565,0.1857638888888889,428,2304,0.08507545,0.078405105
0_176_240,90.6,98.306496,7.7064934,0.18619791666666666,429,2304,0.08506063,0.07839251
0_159_596,128.6,139.53725,10.937245,0.3168402777777778,730,2304,0.085048564,0.07838226
0_53_117,306.0,332.02258,26.022581,0.3741319444444444,862,2304,0.08504111,0.078375936
0_187_631,132.03,143.25114,11.221138,0.27734375,639,2304,0.08498931,0.078331925
0_500_688,54.4,59.021694,4.6216936,0.1697048611111111,391,2304,0.0849576,0.078305
0_612_76,109.0,118.26006,9.260062,0.18359375,423,2304,0.0849547,0.07830253
11_20_201,64.590004,70.07466,5.484657,0.18836805555555555,434,2304,0.084914945,0.07826876
0_314_190,86.8,94.16753,7.3675222,0.15755208333333334,363,2304,0.08487929,0.07823846
0_194_841,40.8,44.25834,3.4583378,0.1857638888888889,428,2304,0.084763184,0.078139804
0_647_596,145.0,157.28134,12.281338,0.3272569444444444,754,2304,0.08469888,0.078085154
0_500_306,75.14,81.50414,6.364142,0.18055555555555555,416,2304,0.08469713,0.078083664
0_671_41,177.0,191.98227,14.9822645,0.1909722222222222,440,2304,0.08464556,0.07803983
16_324_467,75.200005,81.565285,6.36528,0.18229166666666666,420,2304,0.084644675,0.07803909
0_353_682,61.4,66.59584,5.195837,0.11371527777777778,262,2304,0.08462275,0.078020446
0_420_769,117.0,126.893486,9.893482,0.17317708333333334,399,2304,0.08455968,0.077966824
12_453_775,100.91,109.44048,8.530484,0.1484375,342,2304,0.08453557,0.077946335
12_219_6,104.71,113.561516,8.851511,0.22960069444444445,529,2304,0.08453358,0.07794464
0_772_768,49.300003,53.46734,4.167339,0.09809027777777778,226,2304,0.0845302,0.07794177
0_214_578,99.6,108.01887,8.418869,0.15928819444444445,367,2304,0.0845268,0.07793888
0_557_578,129.0,139.89845,10.898451,0.22569444444444445,520,2304,0.084484115,0.077902585
0_61_370,72.200005,78.29605,6.0960526,0.19010416666666666,438,2304,0.084432855,0.07785901
16_732_301,74.450005,80.73548,6.285481,0.1662326388888889,383,2304,0.08442553,0.07785277
4_11_292,168.93001,183.19061,14.260609,0.2638888888888889,608,2304,0.08441726,0.07784574
0_41_351,125.5,136.07684,10.576836,0.19053819444444445,439,2304,0.08427758,0.07772693
3_792_666,75.61,81.978836,6.3688316,0.13151041666666666,303,2304,0.084232666,0.07768873
0_263_135,97.0,105.16624,8.166239,0.14713541666666666,339,2304,0.08418803,0.07765076
0_95_11,57.8,62.664886,4.864884,0.16927083333333334,390,2304,0.08416754,0.07763333
16_292_343,96.97,105.13037,8.160373,0.15321180555555555,353,2304,0.08415358,0.07762146
0_193_682,95.6,103.64093,8.040928,0.12065972222222222,278,2304,0.084110126,0.07758448
0_256_740,103.200005,111.87711,8.677111,0.24913194444444445,574,2304,0.084080525,0.0775593
12_322_694,82.8,89.76178,6.9617767,0.1801215277777778,415,2304,0.08407943,0.07755836
11_20_426,144.0,156.10738,12.107378,0.2578125,594,2304,0.08407901,0.07755801
4_356_580,200.90001,217.78694,16.886932,0.2894965277777778,667,2304,0.08405641,0.07753877
0_253_127,74.4,80.64876,6.2487545,0.1762152777777778,406,2304,0.08398864,0.0774811
0_282_363,86.8,94.089554,7.2895555,0.1697048611111111,391,2304,0.08398105,0.07747465
6_472_122,105.67,114.5442,8.874199,0.19010416666666666,438,2304,0.08398031,0.07747401
0_140_802,166.58,180.56563,13.985618,0.14973958333333334,345,2304,0.08395736,0.077454485
12_342_71,79.700005,86.390076,6.6900773,0.1501736111111111,346,2304,0.08394074,0.077440344
0_18_181,90.270004,97.84275,7.5727525,0.22135416666666666,510,2304,0.08389002,0.077397175
11_531_699,71.4,77.38511,5.9851065,0.1831597222222222,422,2304,0.08382502,0.07734184
16_544_116,126.8,137.42078,10.620775,0.19921875,459,2304,0.08376005,0.077286534
0_112_810,111.5,120.834694,9.334691,0.2144097222222222,494,2304,0.0837192,0.07725175
0_237_768,45.800003,49.633,3.8329966,0.1254340277777778,289,2304,0.083689876,0.07722678
0_171_122,122.21,132.43422,10.224219,0.19270833333333334,444,2304,0.08366107,0.077202246
0_435_578,90.4,97.96261,7.5626035,0.2048611111111111,472,2304,0.083657116,0.07719888
0_300_11,78.6,85.17512,6.5751166,0.15928819444444445,367,2304,0.083652884,0.07719527
0_481_23,84.5,91.56391,7.063911,0.2052951388888889,473,2304,0.08359658,0.07714733
0_284_296,154.62001,167.54433,12.924327,0.2860243055555556,659,2304,0.08358768,0.07713975
0_599_775,166.40001,180.30704,13.907031,0.2092013888888889,482,2304,0.083575904,0.07712972
16_561_822,48.97,53.06102,4.091018,0.16493055555555555,380,2304,0.08354131,0.077100255
16_404_354,121.700005,131.84868,10.148683,0.2109375,486,2304,0.08339098,0.0769722
0_145_578,132.6,143.6561,11.0561,0.1792534722222222,413,2304,0.08337933,0.07696228
0_847_847,71.450005,77.40531,5.955314,0.1714409722222222,395,2304,0.083349384,0.07693677
0_152_212,55.4,60.017296,4.6172957,0.12022569444444445,277,2304,0.08334468,0.07693275
0_684_116,68.1,73.77271,5.672708,0.1618923611111111,373,2304,0.08329968,0.076894395
0_29_240,144.90001,156.9573,12.057301,0.2556423611111111,589,2304,0.083211176,0.07681898
13_662_381,210.6,228.11847,17.518465,0.2552083333333333,588,2304,0.083183594,0.076795466
0_167_70,250.90001,271.7627,20.862692,0.2504340277777778,577,2304,0.08315142,0.07676805
0_62_567,73.1,79.176765,6.0767636,0.1753472222222222,404,2304,0.083129466,0.07674933
0_242_166,151.6,164.20227,12.602265,0.23524305555555555,542,2304,0.08312839,0.07674842
4_833_117,225.40001,244.13521,18.735209,0.2934027777777778,676,2304,0.083119825,0.076741114
0_213_76,99.3,107.552795,8.252792,0.1597222222222222,368,2304,0.08310969,0.07673248
0_273_215,219.8,238.06339,18.263384,0.26171875,603,2304,0.08309092,0.076716475
16_546_144,108.380005,117.38504,9.005039,0.20399305555555555,470,2304,0.083087645,0.07671369
4_880_775,111.22,120.458046,9.238046,0.1801215277777778,415,2304,0.08306101,0.07669098
0_536_567,68.8,74.5121,5.712096,0.1462673611111111,337,2304,0.08302465,0.076659985
0_883_489,116.4,126.05925,9.659249,0.17838541666666666,411,2304,0.08298324,0.07662468
0_517_370,97.0,105.04665,8.046652,0.1480034722222222,341,2304,0.082955174,0.076600745
0_181_99,66.65,72.178276,5.5282726,0.1684027777777778,388,2304,0.082944825,0.07659192
6_493_218,96.49,104.49234,8.002337,0.19053819444444445,439,2304,0.08293437,0.076583005
0_461_419,66.11,71.59189,5.4818907,0.2026909722222222,467,2304,0.082920745,0.07657139
6_534_580,165.2,178.89734,13.697335,0.3259548611111111,751,2304,0.08291365,0.07656534
0_714_122,155.3,168.17546,12.875461,0.23567708333333334,543,2304,0.08290702,0.076559685
0_426_481,142.0,153.7705,11.770483,0.2677951388888889,617,2304,0.08289073,0.07654578
0_436_97,77.700005,84.14023,6.440226,0.17100694444444445,394,2304,0.08288579,0.07654158
12_388_190,86.23,93.37532,7.1453214,0.17100694444444445,394,2304,0.08286352,0.07652259
0_758_116,106.020004,114.80441,8.784412,0.1558159722222222,359,2304,0.08285618,0.07651633
0_243_215,257.6,278.94308,21.34307,0.3294270833333333,759,2304,0.082853526,0.076514065
7_72_610,65.36,70.774025,5.414021,0.1284722222222222,296,2304,0.08283386,0.07649729
0_406_580,206.2,223.27771,17.077705,0.3263888888888889,752,2304,0.08282107,0.07648639
12_303_127,81.700005,88.46341,6.7634087,0.1857638888888889,428,2304,0.08278345,0.076454304
0_132_115,56.260002,60.91705,4.6570473,0.12152777777777778,280,2304,0.08277723,0.076449
0_452_119,156.90001,169.88551,12.985512,0.2222222222222222,512,2304,0.08276298,0.07643684
11_492_343,104.020004,112.628815,8.608811,0.18489583333333334,426,2304,0.08276112,0.076435246
0_434_419,88.0,95.279366,7.2793636,0.2009548611111111,463,2304,0.08272004,0.07640021
0_183_686,75.9,82.17508,6.275075,0.22395833333333334,516,2304,0.08267556,0.07636226
12_266_215,357.5,387.045,29.545002,0.4652777777777778,1072,2304,0.08264336,0.0763348
3_814_280,175.0,189.4596,14.459585,0.23177083333333334,534,2304,0.0826262,0.07632015
9_54_521,144.75,156.70279,11.952782,0.2526041666666667,582,2304,0.08257535,0.076276764
12_219_76,137.5,148.84972,11.349718,0.2243923611111111,517,2304,0.0825434,0.07624951
16_649_343,103.26,111.78138,8.5213785,0.2013888888888889,464,2304,0.08252352,0.07623254
11_891_116,65.44,70.83743,5.397428,0.16666666666666666,384,2304,0.08247903,0.07619458
3_756_833,50.600002,54.772263,4.172261,0.15321180555555555,353,2304,0.082455754,0.07617471
0_144_596,152.40001,164.95848,12.558475,0.2686631944444444,619,2304,0.08240468,0.07613112
16_285_300,306.0,331.19437,25.194347,0.3450520833333333,795,2304,0.08233447,0.07607118
0_406_253,69.0,74.67742,5.6774187,0.1349826388888889,311,2304,0.08228143,0.07602591
0_872_631,96.89,104.86162,7.971614,0.21744791666666666,501,2304,0.08227489,0.07602032
6_498_481,82.85,89.66327,6.81327,0.18229166666666666,420,2304,0.082236215,0.0759873
0_621_396,93.33,101.00203,7.672029,0.1875,432,2304,0.08220325,0.07595915
0_288_486,139.6,151.06938,11.469377,0.1401909722222222,323,2304,0.082158856,0.07592125
0_214_11,86.3,93.38848,7.0884805,0.1814236111111111,418,2304,0.08213766,0.075903155
0_168_370,106.5,115.24454,8.744533,0.1953125,450,2304,0.08210829,0.07587807
15_94_117,237.1,256.56088,19.460886,0.2734375,630,2304,0.08207881,0.07585289
0_255_775,167.40001,181.13762,13.7376175,0.1875,432,2304,0.08206461,0.07584078
4_864_314,110.48,119.54205,9.062055,0.2126736111111111,490,2304,0.08202439,0.07580642
0_405_127,71.6,77.47276,5.8727646,0.1440972222222222,332,2304,0.082021855,0.07580425
4_869_127,65.200005,70.54545,5.34545,0.17100694444444445,394,2304,0.08198542,0.075773135
11_505_300,317.07,343.01846,25.948448,0.3342013888888889,770,2304,0.08183823,0.075647384
0_144_775,160.40001,173.51561,13.115611,0.18880208333333334,435,2304,0.08176815,0.075587496
3_766_280,184.38,199.45462,15.074624,0.22352430555555555,515,2304,0.081758454,0.07557922
16_561_489,164.6,178.05421,13.454205,0.2764756944444444,637,2304,0.081738785,0.0755624
6_667_427,97.83,105.81897,7.9889703,0.16145833333333334,372,2304,0.08166176,0.07549658
0_192_740,77.5,83.824745,6.3247447,0.1953125,450,2304,0.08160961,0.075452
0_314_662,61.4,66.41019,5.010189,0.1488715277777778,343,2304,0.08159917,0.07544308
0_517_783,141.7,153.25839,11.558393,0.15928819444444445,367,2304,0.08156946,0.07541768
0_12_118,104.8,113.34461,8.544608,0.21354166666666666,492,2304,0.081532516,0.0753861
12_303_118,118.9,128.59377,9.693759,0.22960069444444445,529,2304,0.08152867,0.07538281
0_137_802,207.1,223.98062,16.880625,0.1640625,378,2304,0.08150953,0.07536645
0_217_810,112.5,121.66649,9.166484,0.1740451388888889,401,2304,0.081479855,0.075341076
13_594_102,130.3,140.91653,10.616536,0.1623263888888889,374,2304,0.081477635,0.07533918
6_508_835,152.8,165.24554,12.445548,0.16319444444444445,376,2304,0.08144992,0.07531548
0_240_715,56.760002,61.382698,4.622698,0.1462673611111111,337,2304,0.08144288,0.07530946
0_147_478,101.200005,109.43662,8.23662,0.2404513888888889,554,2304,0.081389524,0.075263835
0_368_486,150.1,162.31528,12.215271,0.16276041666666666,375,2304,0.08138088,0.075256445
0_780_127,66.9,72.34406,5.4440627,0.1462673611111111,337,2304,0.08137612,0.07525238
0_426_240,100.4,108.56774,8.167742,0.18098958333333334,417,2304,0.08135201,0.07523175
16_544_796,127.560005,137.93474,10.374729,0.21875,504,2304,0.08133215,0.075214766
14_69_215,182.92,197.79118,14.871175,0.2999131944444444,691,2304,0.08129879,0.07518624
4_98_292,130.01001,140.57802,10.568012,0.22786458333333334,525,2304,0.08128614,0.07517543
0_671_310,185.6,200.67928,15.079277,0.3441840277777778,793,2304,0.0812461,0.07514118
4_863_70,275.7,298.09366,22.393652,0.2677951388888889,617,2304,0.0812247,0.07512287
0_581_166,140.23,151.61995,11.389952,0.19444444444444445,448,2304,0.08122336,0.07512172
0_468_122,140.27,151.66109,11.391083,0.17838541666666666,411,2304,0.08120826,0.075108804
0_397_728,45.2,48.868786,3.6687858,0.1388888888888889,320,2304,0.081167825,0.07507422
1_33_599,110.700005,119.67851,8.978508,0.1818576388888889,419,2304,0.08110666,0.075021885
0_452_240,97.78,105.71017,7.9301677,0.1723090277777778,397,2304,0.08110215,0.075018026
2_45_599,132.7,143.4449,10.744893,0.18836805555555555,434,2304,0.080971316,0.074906066
0_577_599,124.1,134.14049,10.040492,0.19618055555555555,452,2304,0.080906466,0.074850574
0_212_631,112.700005,121.817986,9.117986,0.2517361111111111,580,2304,0.08090493,0.074849255
0_373_549,69.5,75.12092,5.620914,0.12109375,279,2304,0.08087646,0.074824885
0_238_117,303.2,327.7004,24.500404,0.3116319444444444,718,2304,0.08080608,0.07476465
2_48_522,45.97,49.683372,3.7133727,0.20182291666666666,465,2304,0.080778174,0.07474075
6_537_114,161.5,174.54233,13.042327,0.2417534722222222,557,2304,0.08075744,0.074723005
0_259_190,81.3,87.862404,6.5624013,0.15104166666666666,348,2304,0.08071834,0.07468952
13_760_255,111.19,120.164055,8.97405,0.15321180555555555,353,2304,0.080709144,0.07468165
4_833_70,281.5,304.21936,22.719372,0.3194444444444444,736,2304,0.08070825,0.07468089
0_441_99,69.57,75.18153,5.611533,0.1697048611111111,391,2304,0.08066025,0.07463978
0_586_166,177.87001,192.19495,14.324944,0.23177083333333334,534,2304,0.08053602,0.0745334
3_756_296,93.44,100.964516,7.5245147,0.1462673611111111,337,2304,0.08052777,0.07452633
6_667_799,78.9,85.24814,6.348139,0.15928819444444445,367,2304,0.08045803,0.0744666
0_860_215,239.20001,258.44495,19.244946,0.2443576388888889,563,2304,0.08045545,0.07446439
11_614_580,91.1,98.42429,7.324289,0.1931423611111111,445,2304,0.08039834,0.07441546
0_394_122,105.19,113.64647,8.456469,0.17881944444444445,412,2304,0.08039232,0.074410304
0_129_118,134.90001,145.74023,10.840238,0.2269965277777778,523,2304,0.080357574,0.07438054
0_183_215,276.80002,299.033,22.232975,0.2764756944444444,637,2304,0.08032144,0.074349575
0_488_122,157.56,170.21257,12.652564,0.2204861111111111,508,2304,0.08030315,0.0743339
0_435_631,88.880005,96.01576,7.1357627,0.2087673611111111,481,2304,0.080285355,0.07431866
0_95_127,58.7,63.41217,4.71217,0.12586805555555555,290,2304,0.08027547,0.07431018
14_133_215,173.33,187.24274,13.912742,0.2730034722222222,629,2304,0.08026736,0.07430324
12_350_580,201.2,217.33952,16.13952,0.3511284722222222,809,2304,0.0802163,0.07425948
6_478_218,83.380005,90.06347,6.683469,0.18229166666666666,420,2304,0.080156736,0.07420843
0_160_500,92.64,100.06317,7.423173,0.2504340277777778,577,2304,0.08012924,0.074184865
0_204_396,121.64,131.38649,9.746483,0.1618923611111111,373,2304,0.08012564,0.07418177
0_231_127,66.0,71.28577,5.2857666,0.1584201388888889,365,2304,0.08008737,0.074148975
14_68_694,59.9,64.686806,4.7868013,0.1480034722222222,341,2304,0.07991321,0.07399966
0_203_71,109.48,118.228806,8.748804,0.18836805555555555,434,2304,0.07991235,0.07399892
0_157_468,78.58,84.85712,6.2771187,0.09461805555555555,218,2304,0.079881884,0.0739728
1_381_55,70.3,75.90956,5.609557,0.17881944444444445,412,2304,0.07979455,0.0738979
0_160_810,131.06,141.51767,10.457669,0.20572916666666666,474,2304,0.07979299,0.073896565
0_348_370,83.6,90.27064,6.670634,0.1853298611111111,427,2304,0.07979227,0.07389594
12_350_467,91.1,98.36568,7.265672,0.17708333333333334,408,2304,0.07975491,0.073863894
12_299_4,179.90001,194.24106,14.341054,0.2682291666666667,618,2304,0.0797168,0.073831216
0_271_769,80.57,86.98439,6.4143853,0.12803819444444445,295,2304,0.079612575,0.0737418
13_698_83,77.060005,83.1894,6.129395,0.1657986111111111,382,2304,0.07954055,0.07368
0_240_201,92.78,100.15113,7.3711257,0.15364583333333334,354,2304,0.07944736,0.073600024
0_152_223,91.6,98.869774,7.269774,0.11284722222222222,260,2304,0.079364344,0.07352878
0_137_214,66.96,72.272255,5.3122544,0.1644965277777778,379,2304,0.07933474,0.073503375
6_537_71,206.1,222.42007,16.320063,0.3038194444444444,700,2304,0.079185165,0.07337496
12_222_207,65.39,70.567535,5.1775346,0.1579861111111111,364,2304,0.0791793,0.07336992
0_494_666,144.40001,155.82977,11.429765,0.2092013888888889,482,2304,0.07915349,0.07334776
0_159_769,92.41,99.71932,7.3093185,0.1519097222222222,350,2304,0.079096615,0.073298916
0_301_215,313.2,337.95157,24.751558,0.3246527777777778,748,2304,0.07902796,0.07323996
12_454_386,154.8,167.03232,12.232307,0.2569444444444444,592,2304,0.079020076,0.07323318
0_201_116,133.1,143.61044,10.510442,0.1723090277777778,397,2304,0.0789665,0.07318717
12_299_292,125.630005,135.54414,9.914141,0.19053819444444445,439,2304,0.07891539,0.07314326
0_621_699,87.1,93.971146,6.871145,0.1814236111111111,418,2304,0.078888,0.07311973
11_670_489,47.670002,51.4283,3.7582982,0.18619791666666666,429,2304,0.0788399,0.07307841
12_90_386,127.700005,137.76485,10.064848,0.19053819444444445,439,2304,0.07881635,0.07305817
14_133_143,98.060005,105.788704,7.7287045,0.20616319444444445,475,2304,0.07881607,0.073057935
16_504_116,91.200005,98.381584,7.1815853,0.18619791666666666,429,2304,0.07874545,0.07299725
0_254_70,254.3,274.31522,20.015213,0.20399305555555555,470,2304,0.07870709,0.07296428
12_482_515,93.37,100.718025,7.3480234,0.1814236111111111,418,2304,0.078697905,0.07295639
0_843_176,62.63,67.55296,4.9229646,0.15625,360,2304,0.07860394,0.07287563
0_405_426,102.0,110.01412,8.014117,0.20442708333333334,471,2304,0.07856978,0.072846256
0_578_486,145.40001,156.80977,11.409763,0.13671875,315,2304,0.07847154,0.07276181
0_417_796,123.47,133.15506,9.685054,0.1779513888888889,410,2304,0.07844054,0.07273515
0_178_468,78.6,84.75677,6.156762,0.10807291666666667,249,2304,0.07833031,0.07264036
0_177_314,101.87,109.840675,7.9706697,0.2287326388888889,527,2304,0.07824354,0.07256574
0_78_215,201.0,216.72052,15.72051,0.2265625,522,2304,0.078211494,0.07253817
12_223_694,87.8,94.66367,6.863671,0.17317708333333334,399,2304,0.07817393,0.072505854
16_523_796,77.22,83.25439,6.0343823,0.1310763888888889,302,2304,0.078145325,0.07248125
0_461_118,137.17,147.88322,10.713226,0.18446180555555555,425,2304,0.07810182,0.07244382
16_278_396,84.62,91.227295,6.607291,0.14973958333333334,345,2304,0.078081906,0.07242669
6_477_240,72.18,77.810555,5.63055,0.15928819444444445,367,2304,0.078007065,0.07236229
0_812_740,125.100006,134.85828,9.758275,0.2534722222222222,584,2304,0.078003794,0.07235948
0_263_192,62.010002,66.84293,4.8329325,0.19401041666666666,447,2304,0.07793795,0.07230282
0_58_190,87.310005,94.113365,6.8033643,0.1284722222222222,296,2304,0.077921934,0.072289035
0_449_351,102.57,110.54809,7.9780855,0.1736111111111111,400,2304,0.07778186,0.07216846
11_669_404,108.73,117.16788,8.437877,0.17838541666666666,411,2304,0.07760394,0.07201527
7_99_392,93.65,100.91652,7.2665143,0.17491319444444445,403,2304,0.077592246,0.072005205
0_402_396,64.48,69.47445,4.9944444,0.14713541666666666,339,2304,0.07745726,0.07188894
0_744_71,94.6,101.915596,7.315591,0.15885416666666666,366,2304,0.077331826,0.071780875
0_827_728,50.7,54.619865,3.919864,0.1449652777777778,334,2304,0.07731487,0.07176627
11_687_300,283.13,304.94446,21.814444,0.3077256944444444,709,2304,0.077047445,0.071535796
0_167_314,95.340004,102.68291,7.342902,0.1948784722222222,449,2304,0.07701806,0.071510464
16_170_144,139.49,150.22975,10.739742,0.2265625,522,2304,0.076992914,0.07148878
11_532_663,42.73,46.01934,3.289339,0.1410590277777778,325,2304,0.07697962,0.07147732
0_382_122,158.85,171.07727,12.227272,0.2547743055555556,587,2304,0.0769737,0.07147222
0_217_486,139.8,150.55888,10.758881,0.14539930555555555,335,2304,0.07695909,0.07145962
0_386_99,77.94,83.936874,5.9968715,0.17317708333333334,399,2304,0.07694215,0.07144502
0_93_363,109.200005,117.59706,8.397056,0.17057291666666666,393,2304,0.07689611,0.07140532
15_139_683,118.5,127.60592,9.105915,0.18055555555555555,416,2304,0.076843165,0.071359664
9_36_4,211.2,227.40613,16.206127,0.2348090277777778,541,2304,0.07673356,0.07126513
0_201_480,55.0,59.218395,4.2183957,0.1558159722222222,359,2304,0.0766981,0.07123455
14_69_104,130.2,140.18279,9.982783,0.1870659722222222,431,2304,0.07667269,0.07121262
0_671_810,152.8,164.51248,11.712473,0.23307291666666666,537,2304,0.07665231,0.07119504
0_487_370,80.6,86.77584,6.1758366,0.18055555555555555,416,2304,0.07662328,0.07117
0_452_17,48.420002,52.127686,3.7076852,0.1349826388888889,311,2304,0.076573424,0.07112699
12_124_699,73.1,78.69529,5.5952888,0.19140625,441,2304,0.076542936,0.07110068
12_390_699,60.8,65.45365,4.653651,0.19227430555555555,443,2304,0.07654031,0.07109842
5_272_467,91.6,98.60312,7.0031157,0.1618923611111111,373,2304,0.07645323,0.07102327
0_195_118,116.58,125.48778,8.907772,0.1701388888888889,392,2304,0.076409094,0.070985176
0_46_631,140.79001,151.54181,10.75181,0.2504340277777778,577,2304,0.076367706,0.070949465
0_197_699,78.0,83.95631,5.956308,0.16536458333333334,381,2304,0.07636292,0.07094533
0_159_363,89.9,96.76478,6.864775,0.15321180555555555,353,2304,0.07636012,0.070942916
6_892_246,121.700005,130.99245,9.292447,0.1701388888888889,392,2304,0.07635535,0.0709388
0_259_4,173.40001,186.63976,13.239746,0.2131076388888889,491,2304,0.07635378,0.07093744
0_162_769,93.9,101.06893,7.168932,0.12022569444444445,277,2304,0.07634645,0.070931114
0_423_580,187.90001,202.2436,14.34361,0.3094618055555556,713,2304,0.0763364,0.07092244
0_129_104,194.1,208.90633,14.806329,0.2478298611111111,571,2304,0.07628196,0.07087544
0_142_166,120.740005,129.945,9.20501,0.18880208333333334,435,2304,0.07623828,0.070837736
16_549_122,120.82,130.02992,9.209925,0.2782118055555556,641,2304,0.07622848,0.07082927
6_52_467,100.200005,107.837,7.6369934,0.1501736111111111,346,2304,0.076217495,0.07081979
0_335_578,105.68,113.72126,8.041259,0.1644965277777778,379,2304,0.07609064,0.07071025
0_435_567,82.4,88.6689,6.2688956,0.14713541666666666,339,2304,0.07607883,0.07070005
0_112_214,44.77,48.175304,3.4053018,0.1401909722222222,323,2304,0.076062135,0.07068563
16_404_292,196.91,211.88074,14.970729,0.2612847222222222,602,2304,0.07602828,0.0706564
11_632_768,44.3,47.667828,3.3678274,0.1267361111111111,292,2304,0.07602319,0.070652
0_540_631,91.4,98.34432,6.944322,0.2482638888888889,572,2304,0.075977266,0.07061233
0_118_290,144.02,154.95767,10.937664,0.2387152777777778,550,2304,0.07594545,0.07058485
0_704_672,73.200005,78.75903,5.5590343,0.1362847222222222,314,2304,0.07594309,0.070582815
16_564_122,175.21,188.50139,13.291378,0.2912326388888889,671,2304,0.075859696,0.07051077
0_193_122,155.73,167.54025,11.810251,0.19053819444444445,439,2304,0.075838,0.07049202
0_468_223,76.700005,82.515686,5.8156843,0.1527777777777778,352,2304,0.075823784,0.07047974
12_244_4,170.90001,183.85358,12.953579,0.2322048611111111,535,2304,0.07579625,0.07045595
0_426_127,43.100002,46.365757,3.265755,0.1267361111111111,292,2304,0.07577157,0.07043463
0_461_37,45.5,48.945717,3.4457152,0.18229166666666666,420,2304,0.07573,0.07039871
0_159_567,93.200005,100.25727,7.057272,0.1332465277777778,307,2304,0.0757218,0.070391625
6_515_580,181.40001,195.13126,13.731259,0.3441840277777778,793,2304,0.07569602,0.07036935
0_201_23,72.97,78.49298,5.522981,0.15755208333333334,363,2304,0.07568838,0.07036274
0_74_810,137.6,147.99974,10.399736,0.2144097222222222,494,2304,0.07557948,0.070268616
12_432_70,208.8,224.57593,15.775922,0.21223958333333334,489,2304,0.07555518,0.070247605
4_11_290,164.06,176.45134,12.39133,0.24348958333333334,561,2304,0.075529255,0.070225194
0_827_740,135.1,145.29898,10.198972,0.2547743055555556,587,2304,0.07549202,0.070193
0_291_810,122.700005,131.96274,9.262729,0.1875,432,2304,0.07549086,0.070192
0_233_122,132.49,142.48438,9.9943695,0.1792534722222222,413,2304,0.07543489,0.07014362
0_112_215,272.2,292.72626,20.526257,0.3302951388888889,761,2304,0.07540873,0.070121
0_435_363,86.3,92.80508,6.5050745,0.15321180555555555,353,2304,0.07537746,0.07009395
16_544_117,235.2,252.92383,17.72382,0.2530381944444444,583,2304,0.07535638,0.07007572
0_535_292,134.99,145.15164,10.161633,0.2625868055555556,605,2304,0.075276926,0.07000701
0_190_629,103.8,111.60281,7.802808,0.1701388888888889,392,2304,0.07517156,0.06991587
0_577_774,71.68,77.06619,5.3861933,0.1254340277777778,289,2304,0.075142205,0.069890484
6_515_343,111.55,119.93152,8.381516,0.171875,396,2304,0.075136855,0.06988585
3_766_132,98.15,105.521255,7.3712544,0.1796875,414,2304,0.07510193,0.06985564
0_741_122,142.67,153.37741,10.707413,0.18663194444444445,430,2304,0.075050205,0.06981088
0_461_122,147.84,158.9264,11.086402,0.2365451388888889,545,2304,0.07498919,0.06975809
0_148_215,326.1,350.53305,24.43305,0.2964409722222222,683,2304,0.07492502,0.06970256
6_609_775,92.22,99.12887,6.90887,0.1527777777777778,352,2304,0.074917264,0.069695845
0_183_775,171.04001,183.84889,12.808895,0.14930555555555555,344,2304,0.0748883,0.069670774
0_274_127,58.940002,63.351383,4.411384,0.1171875,270,2304,0.07484534,0.06963359
0_196_500,67.6,72.657524,5.057522,0.18836805555555555,434,2304,0.074815415,0.06960768
0_199_71,108.8,116.93514,8.13514,0.17881944444444445,412,2304,0.07477151,0.06956968
0_593_99,72.55,77.97448,5.4244823,0.1736111111111111,400,2304,0.07476888,0.069567405
11_608_343,117.420006,126.197014,8.777009,0.1697048611111111,391,2304,0.07474884,0.06955005
0_843_17,80.18,86.17297,5.9929686,0.11979166666666667,276,2304,0.074743934,0.069545805
0_397_810,93.9,100.91684,7.016835,0.1618923611111111,373,2304,0.07472668,0.06953087
0_24_215,175.8,188.93611,13.136112,0.20789930555555555,479,2304,0.07472191,0.06952674
0_213_71,157.97,169.77069,11.800691,0.1801215277777778,415,2304,0.0747021,0.06950959
0_57_115,76.42,82.12788,5.7078733,0.15104166666666666,348,2304,0.07469083,0.06949983
0_446_215,251.3,270.0454,18.745392,0.3059895833333333,705,2304,0.07459368,0.0694157
12_372_71,79.0,84.88791,5.8879104,0.1605902777777778,370,2304,0.07453051,0.069361
0_162_760,70.5,75.74881,5.248807,0.17708333333333334,408,2304,0.07445116,0.06929227
11_651_343,133.35,143.27287,9.922871,0.1970486111111111,454,2304,0.07441223,0.06925854
13_662_503,83.37,89.57298,6.2029834,0.19444444444444445,448,2304,0.07440306,0.069250606
15_737_467,65.5,70.37193,4.8719354,0.16536458333333334,381,2304,0.074380696,0.06923123
0_740_119,188.0,201.98201,13.982012,0.24479166666666666,564,2304,0.0743724,0.069224045
0_468_549,103.1,110.76531,7.665309,0.16536458333333334,381,2304,0.07434829,0.06920315
0_371_219,69.9,75.09156,5.1915565,0.15711805555555555,362,2304,0.074271195,0.06913635
0_243_70,337.2,362.23633,25.03633,0.3142361111111111,724,2304,0.07424771,0.06911601
12_383_71,124.75,134.01169,9.26169,0.14366319444444445,331,2304,0.074242,0.069111064
0_815_580,217.7,233.85754,16.157547,0.3198784722222222,737,2304,0.07421932,0.06909141
0_382_481,223.8,240.40482,16.604815,0.3138020833333333,723,2304,0.07419488,0.06907023
10_102_37,75.1,80.67119,5.5711856,0.1527777777777778,352,2304,0.07418356,0.069060415
0_190_190,81.3,87.32783,6.0278263,0.1519097222222222,350,2304,0.074143,0.06902526
0_417_218,72.8,78.19108,5.391075,0.1467013888888889,338,2304,0.07405323,0.06894745
12_275_467,104.3,112.022934,7.722931,0.21614583333333334,498,2304,0.07404536,0.068940625
0_126_481,135.5,145.53139,10.031385,0.24305555555555555,560,2304,0.07403237,0.06892936
0_188_662,77.0,82.6974,5.6974034,0.1271701388888889,293,2304,0.07399225,0.06889459
0_311_662,104.8,112.54714,7.747141,0.14973958333333334,345,2304,0.073923096,0.06883463
0_308_740,99.0,106.3114,7.311402,0.2209201388888889,509,2304,0.07385255,0.06877345
0_221_166,141.43001,151.87497,10.4449625,0.16927083333333334,390,2304,0.07385252,0.068773426
0_599_810,128.95,138.46413,9.514126,0.22265625,513,2304,0.07378151,0.06871185
0_84_549,110.1,118.22022,8.120217,0.16102430555555555,371,2304,0.07375311,0.06868721
0_145_769,121.3,130.24426,8.944254,0.12022569444444445,277,2304,0.07373663,0.06867292
16_374_122,123.15,132.22899,9.078985,0.2387152777777778,550,2304,0.07372298,0.06866108
16_526_292,174.82,187.70773,12.887732,0.2730034722222222,629,2304,0.07372,0.0686585
0_439_481,167.6,179.9513,12.351284,0.3107638888888889,716,2304,0.07369501,0.06863682
0_867_76,120.100006,128.94377,8.843762,0.18229166666666666,420,2304,0.07363665,0.06858619
12_327_117,321.9,345.59787,23.697872,0.2990451388888889,689,2304,0.07361874,0.06857065
0_242_758,58.8,63.127132,4.327133,0.1254340277777778,289,2304,0.0735907,0.06854633
0_210_70,225.2,241.75836,16.558365,0.2543402777777778,586,2304,0.07352737,0.068491384
0_187_290,162.06,173.95668,11.896681,0.2834201388888889,653,2304,0.07340911,0.06838875
3_787_836,55.600002,59.66767,4.06767,0.19835069444444445,457,2304,0.07315952,0.06817209
0_536_666,114.3,122.662094,8.362094,0.17708333333333334,408,2304,0.07315917,0.068171784
0_24_127,60.0,64.384346,4.384344,0.1228298611111111,283,2304,0.0730724,0.06809643
16_295_292,212.95,228.49652,15.546521,0.3203125,738,2304,0.0730055,0.06803833
0_707_127,72.9,78.220695,5.320696,0.12152777777777778,280,2304,0.07298622,0.06802159
16_650_301,74.82,80.276726,5.4567266,0.18359375,423,2304,0.07293139,0.06797396
16_340_547,44.280003,47.509285,3.2292838,0.1501736111111111,346,2304,0.07292872,0.06797164
0_736_758,49.8,53.431107,3.631105,0.14192708333333334,327,2304,0.07291376,0.06795863
0_233_549,102.700005,110.18748,7.487476,0.1449652777777778,334,2304,0.072906286,0.06795215
0_556_314,110.55,118.60714,8.05714,0.21354166666666666,492,2304,0.07288232,0.067931324
7_824_317,155.90001,167.24979,11.349776,0.2855902777777778,658,2304,0.07280164,0.06786123
0_181_166,169.599,181.94545,12.346453,0.24131944444444445,556,2304,0.07279791,0.06785799
6_369_132,142.17,152.51817,10.348177,0.21788194444444445,502,2304,0.072787344,0.06784881
4_830_4,186.1,199.63416,13.534146,0.1974826388888889,455,2304,0.072725125,0.06779474
0_522_215,284.5,305.17264,20.672638,0.2925347222222222,674,2304,0.072663054,0.0677408
0_187_567,149.0,159.8246,10.824603,0.21788194444444445,502,2304,0.07264835,0.06772801
0_536_215,211.5,226.85486,15.354856,0.2513020833333333,579,2304,0.07259979,0.06768581
0_517_214,77.05,82.64325,5.5932455,0.12413194444444445,286,2304,0.072592415,0.0676794
0_489_486,227.5,244.00784,16.507837,0.2191840277777778,505,2304,0.07256192,0.067652896
0_161_769,85.37,91.559746,6.1897416,0.11067708333333333,255,2304,0.07250488,0.067603305
0_640_396,134.81,144.58124,9.771234,0.1814236111111111,418,2304,0.07248152,0.067582995
0_151_292,174.38,187.00563,12.625629,0.27734375,639,2304,0.07240296,0.0675147
0_446_419,92.18,98.8532,6.673199,0.1974826388888889,455,2304,0.072393134,0.06750615
11_669_343,151.17,162.09772,10.92772,0.1779513888888889,410,2304,0.07228763,0.067414396
0_441_578,124.200005,133.16954,8.969541,0.16102430555555555,371,2304,0.07221852,0.0673543
0_246_810,110.200005,118.157974,7.9579754,0.17274305555555555,398,2304,0.07221393,0.067350306
0_255_740,189.2,202.86223,13.66223,0.3016493055555556,695,2304,0.07221051,0.06734733
0_583_104,170.7,183.02539,12.325383,0.20703125,477,2304,0.07220494,0.067342475
12_377_775,125.15,134.18182,9.031826,0.1401909722222222,323,2304,0.07216801,0.067310356
12_409_101,41.25,44.22395,2.9739475,0.2595486111111111,598,2304,0.0720957,0.06724744
16_283_292,179.04001,191.94582,12.905817,0.2686631944444444,619,2304,0.07208343,0.06723677
0_699_144,193.98,207.95628,13.976287,0.2625868055555556,605,2304,0.07205015,0.06720781
0_274_802,149.2,159.94754,10.747531,0.11024305555555555,254,2304,0.07203439,0.0671941
0_118_140,92.700005,99.37311,6.673105,0.1644965277777778,379,2304,0.07198603,0.067152016
0_281_810,99.98,107.17087,7.1908693,0.17100694444444445,394,2304,0.07192308,0.06709724
0_750_694,105.2,112.76392,7.563922,0.1762152777777778,406,2304,0.0719004,0.067077495
0_236_486,189.08,202.6703,13.590299,0.17057291666666666,393,2304,0.071875915,0.067056194
0_555_802,158.90001,170.30931,11.409313,0.12239583333333333,282,2304,0.07180184,0.06699172
0_397_666,84.0,90.02979,6.029789,0.16710069444444445,385,2304,0.0717832,0.06697548
0_57_127,79.68,85.39691,5.7169075,0.1323784722222222,305,2304,0.07174834,0.06694513
0_150_4,126.200005,135.2531,9.053095,0.1840277777777778,424,2304,0.07173609,0.066934474
0_872_240,131.1,140.50043,9.400417,0.1558159722222222,359,2304,0.07170417,0.06690668
12_450_4,284.5,304.89893,20.39891,0.3745659722222222,863,2304,0.071700916,0.066903844
0_860_580,184.8,198.04897,13.248962,0.2743055555555556,632,2304,0.07169352,0.06689741
0_190_97,87.5,93.77315,6.2731485,0.16276041666666666,375,2304,0.07169313,0.066897064
0_829_116,158.78,170.16136,11.381358,0.18359375,423,2304,0.07168005,0.06688568
13_638_317,176.1,188.70708,12.607077,0.26171875,603,2304,0.07159044,0.06680765
12_124_596,109.8,117.65862,7.858618,0.22916666666666666,528,2304,0.07157211,0.06679168
0_145_567,152.90001,163.83925,10.939243,0.15321180555555555,353,2304,0.07154508,0.06676815
0_78_70,297.5,318.77414,21.274134,0.2378472222222222,548,2304,0.0715097,0.066737324
0_353_166,139.37,149.33452,9.964522,0.1875,432,2304,0.0714969,0.066726185
0_234_802,202.90001,217.40535,14.505341,0.13758680555555555,317,2304,0.071490094,0.066720255
0_168_127,86.3,92.4689,6.168899,0.14583333333333334,336,2304,0.071482025,0.06671323
0_186_682,98.200005,105.2173,7.017297,0.12239583333333333,282,2304,0.071459234,0.06669337
0_204_144,144.62,154.9307,10.310688,0.20442708333333334,471,2304,0.07129504,0.06655032
0_241_118,160.88,172.34555,11.46554,0.1779513888888889,410,2304,0.07126765,0.066526465
0_239_4,212.8,227.94699,15.14698,0.2361111111111111,544,2304,0.07117942,0.066449575
12_610_467,73.0,78.189606,5.1896057,0.16319444444444445,376,2304,0.07109049,0.06637207
0_781_426,130.5,139.77417,9.274174,0.2426215277777778,559,2304,0.07106647,0.06635113
0_137_631,132.3,141.6806,9.380609,0.23307291666666666,537,2304,0.07090407,0.06620955
0_67_127,58.100002,62.21876,4.118759,0.10286458333333333,237,2304,0.07089086,0.06619803
0_203_122,118.37,126.760284,8.390284,0.18663194444444445,430,2304,0.07088184,0.06619016
2_270_55,53.620003,57.419205,3.799202,0.15711805555555555,362,2304,0.070854194,0.06616605
0_494_758,50.4,53.96707,3.5670712,0.1371527777777778,316,2304,0.07077522,0.06609718
0_872_796,131.1,140.37561,9.275609,0.1566840277777778,361,2304,0.070752166,0.06607707
4_869_117,226.1,242.092,15.991999,0.22135416666666666,510,2304,0.070729755,0.066057526
12_313_691,180.1,192.83578,12.735786,0.234375,540,2304,0.07071508,0.066044725
11_891_132,161.75,173.1701,11.420102,0.19010416666666666,438,2304,0.070603415,0.06594731
0_235_127,117.100006,125.36469,8.26469,0.171875,396,2304,0.07057805,0.06592518
11_672_489,83.700005,89.605804,5.9058027,0.1762152777777778,406,2304,0.07055917,0.06590871
0_188_769,141.40001,151.37639,9.976391,0.18489583333333334,426,2304,0.07055438,0.065904535
0_236_118,154.13,164.99197,10.861969,0.1792534722222222,413,2304,0.07047278,0.065833315
0_18_578,194.1,207.77104,13.671044,0.22526041666666666,519,2304,0.07043299,0.0657986
6_514_104,138.2,147.93008,9.730077,0.1484375,342,2304,0.07040577,0.065774836
7_318_449,56.66,60.64644,3.9864378,0.16796875,387,2304,0.07035718,0.06573243
12_695_190,134.28,143.72363,9.443629,0.1462673611111111,337,2304,0.07032789,0.065706864
17_896_666,68.18,72.97432,4.794318,0.16927083333333334,390,2304,0.07031854,0.065698706
0_18_775,226.6,242.52707,15.927059,0.1762152777777778,406,2304,0.07028711,0.065671265
14_133_117,202.40001,216.61465,14.214654,0.2664930555555556,614,2304,0.0702305,0.065621845
12_414_666,108.6,116.226875,7.6268754,0.22352430555555555,515,2304,0.07022905,0.06562059
13_702_392,242.7,259.71362,17.013605,0.3077256944444444,709,2304,0.07010138,0.065509096
0_59_486,173.40001,185.54346,12.143461,0.19444444444444445,448,2304,0.070031494,0.06544807
0_847_118,156.2,167.13437,10.93436,0.1736111111111111,400,2304,0.0700023,0.065422565
0_489_215,316.2,338.3232,22.123207,0.3237847222222222,746,2304,0.06996586,0.06539074
6_893_596,133.8,143.15128,9.351269,0.2699652777777778,622,2304,0.0698899,0.06532438
6_537_449,135.37,144.81946,9.449459,0.19010416666666666,438,2304,0.069804676,0.06524993
0_216_486,179.40001,191.91832,12.5183115,0.1597222222222222,368,2304,0.06977877,0.065227285
2_45_520,131.2,140.33762,9.137607,0.20442708333333334,471,2304,0.069646396,0.0651116
0_109_118,135.47,144.90118,9.431174,0.18359375,423,2304,0.06961817,0.06508694
3_113_580,186.0,198.93982,12.939815,0.23177083333333334,534,2304,0.069568895,0.06504387
16_542_300,314.88,336.776,21.895996,0.3020833333333333,696,2304,0.06953759,0.0650165
4_63_4,226.1,241.81677,15.716762,0.2573784722222222,593,2304,0.069512434,0.06499451
0_540_486,237.40001,253.89136,16.491346,0.21223958333333334,489,2304,0.069466494,0.06495434
0_134_494,124.810005,133.48007,8.67007,0.1640625,378,2304,0.069466144,0.064954035
0_714_596,190.5,203.72408,13.224068,0.3116319444444444,718,2304,0.06941768,0.064911656
16_331_580,196.5,210.13452,13.634517,0.2686631944444444,619,2304,0.069386855,0.06488471
0_847_220,66.5,71.11227,4.612268,0.14583333333333334,336,2304,0.06935741,0.064858966
0_149_768,45.670002,48.834568,3.164566,0.10850694444444445,250,2304,0.06929201,0.06480176
0_184_190,86.17,92.14052,5.9705195,0.13020833333333334,300,2304,0.06928768,0.06479798
0_289_386,126.8,135.57542,8.775428,0.13802083333333334,318,2304,0.06920684,0.06472728
12_388_76,130.8,139.84859,9.048585,0.2269965277777778,523,2304,0.06917878,0.06470273
0_741_486,177.5,189.76729,12.26729,0.1675347222222222,386,2304,0.069111496,0.06464386
0_468_363,70.700005,75.58244,4.8824387,0.13802083333333334,318,2304,0.06905854,0.064597525
16_278_116,115.700005,123.68788,7.987877,0.16102430555555555,371,2304,0.06903955,0.06458092
0_18_207,215.2,230.0399,14.839905,0.2565104166666667,591,2304,0.06895867,0.06451014
2_48_317,209.0,223.39201,14.392007,0.24739583333333334,570,2304,0.068861276,0.064424895
0_167_219,84.97,90.82,5.850001,0.12413194444444445,286,2304,0.068847835,0.06441314
0_78_481,139.5,149.09622,9.596224,0.2482638888888889,572,2304,0.06879014,0.06436262
0_274_486,163.90001,175.17406,11.274048,0.1467013888888889,338,2304,0.06878614,0.06435912
11_669_300,339.96,363.30978,23.349764,0.3324652777777778,766,2304,0.068683855,0.06426957
0_301_699,72.700005,77.676125,4.9761195,0.16796875,387,2304,0.06844731,0.06406241
0_758_140,80.3,85.7957,5.4956994,0.16666666666666666,384,2304,0.06843959,0.06405565
16_315_796,76.21,81.4255,5.215495,0.1918402777777778,442,2304,0.06843584,0.06405236
0_885_486,218.8,233.77242,14.972414,0.2009548611111111,463,2304,0.06842968,0.064046964
16_564_117,426.1,455.25787,29.15786,0.3489583333333333,804,2304,0.06842962,0.06404691
0_406_363,82.700005,88.356636,5.656635,0.15711805555555555,362,2304,0.06839945,0.064020485
0_664_70,321.80002,343.76968,21.969679,0.265625,612,2304,0.06827122,0.06390813
16_569_694,70.0,74.77483,4.7748327,0.1462673611111111,337,2304,0.0682119,0.06385615
5_49_4,182.90001,195.36514,12.465133,0.2942708333333333,678,2304,0.06815272,0.063804284
16_503_292,203.57,217.44151,13.871515,0.3211805555555556,740,2304,0.06814125,0.06379423
13_638_580,257.5,275.04532,17.545319,0.2638888888888889,608,2304,0.06813716,0.06379065
0_182_740,188.5,201.3254,12.825395,0.3146701388888889,725,2304,0.06803923,0.0637048
15_512_4,317.9,339.51102,21.611015,0.3346354166666667,771,2304,0.06798055,0.06365336
0_137_70,357.2,381.47858,24.278578,0.2868923611111111,661,2304,0.06796914,0.06364336
13_777_542,47.63,50.86242,3.2324185,0.20703125,477,2304,0.06786518,0.0635522
1_65_317,178.0,190.07846,12.078453,0.23567708333333334,543,2304,0.067856476,0.063544564
16_565_666,147.1,157.07698,9.976973,0.203125,468,2304,0.06782442,0.06351645
0_176_486,168.90001,180.35324,11.453236,0.16710069444444445,385,2304,0.067810744,0.063504465
6_538_467,111.8,119.37954,7.5795374,0.18272569444444445,421,2304,0.0677955,0.06349109
0_595_140,56.2,60.008835,3.8088331,0.1579861111111111,364,2304,0.06777283,0.063471206
0_758_728,92.9,99.19149,6.291491,0.1545138888888889,356,2304,0.06772326,0.06342773
0_494_2,49.4,52.745407,3.345405,0.2170138888888889,500,2304,0.06772075,0.063425526
0_308_122,123.98,132.35948,8.3794775,0.1271701388888889,293,2304,0.06758733,0.06330848
0_612_481,145.90001,155.75433,9.854325,0.2287326388888889,527,2304,0.06754164,0.063268386
0_704_76,165.40001,176.5586,11.158586,0.1935763888888889,446,2304,0.06746424,0.06320047
0_184_215,262.4,280.09494,17.694921,0.2526041666666667,582,2304,0.067434914,0.063174725
16_598_835,163.7,174.73203,11.032029,0.13368055555555555,308,2304,0.067391746,0.063136846
0_46_118,210.2,224.36423,14.1642275,0.2261284722222222,521,2304,0.067384526,0.063130505
0_679_486,176.8,188.65836,11.858359,0.17578125,405,2304,0.06707217,0.062856264
0_288_118,127.200005,135.72469,8.524691,0.15538194444444445,358,2304,0.067018,0.0628087
0_18_127,131.3,140.09633,8.796322,0.17274305555555555,398,2304,0.06699407,0.06278767
0_194_117,449.9,479.94495,30.044937,0.3146701388888889,725,2304,0.06678137,0.0626008
6_398_118,120.26,128.2867,8.026689,0.1870659722222222,431,2304,0.066744454,0.06256836
0_239_481,156.2,166.62306,10.423052,0.24739583333333334,570,2304,0.06672889,0.06255468
0_144_486,227.20001,242.3467,15.14669,0.2048611111111111,472,2304,0.06666677,0.06250009
10_101_37,69.0,73.59774,4.5977416,0.14192708333333334,327,2304,0.06663394,0.062471233
12_448_580,223.7,238.60524,14.90523,0.3129340277777778,721,2304,0.06663044,0.062468156
0_877_122,154.37001,164.62878,10.258781,0.16710069444444445,385,2304,0.0664558,0.06231463
0_112_486,173.2,184.69786,11.497858,0.19227430555555555,443,2304,0.06638486,0.062252253
17_22_70,261.80002,279.15305,17.353031,0.2513020833333333,579,2304,0.06628354,0.062163144
12_377_694,89.200005,95.11045,5.910448,0.13671875,315,2304,0.06626063,0.062142994
0_93_119,289.7,308.87845,19.178432,0.2829861111111111,652,2304,0.06620101,0.06209055
11_616_191,226.40001,241.36873,14.968722,0.2465277777777778,568,2304,0.06611626,0.062015995
12_383_835,183.7,195.83119,12.13119,0.1306423611111111,301,2304,0.06603806,0.06194718
0_202_769,125.740005,134.04163,8.301621,0.09418402777777778,217,2304,0.06602212,0.06193316
16_337_300,210.39,224.26646,13.876453,0.23828125,549,2304,0.06595586,0.061874848
0_263_99,126.850006,135.21419,8.364185,0.1775173611111111,409,2304,0.0659376,0.061858784
0_467_682,96.200005,102.54235,6.342348,0.13975694444444445,322,2304,0.06592877,0.06185101
0_174_117,301.6,321.47775,19.877747,0.32421875,747,2304,0.06590765,0.061832417
0_81_769,97.5,103.92571,6.425713,0.1115451388888889,257,2304,0.06590475,0.06182987
16_278_386,175.0,186.48503,11.485026,0.18229166666666666,420,2304,0.06562872,0.061586853
0_467_691,233.7,249.03435,15.334345,0.23958333333333334,552,2304,0.06561551,0.06157522
0_145_223,116.4,124.03317,7.633171,0.10112847222222222,233,2304,0.06557707,0.061541367
14_77_343,219.88,234.28522,14.405217,0.2092013888888889,482,2304,0.06551399,0.061485812
16_549_549,103.6,110.385826,6.785828,0.14973958333333334,345,2304,0.065500274,0.061473727
0_176_122,134.19,142.96953,8.779524,0.1675347222222222,386,2304,0.06542607,0.061408356
0_100_127,75.8,80.75889,4.958887,0.1519097222222222,350,2304,0.06542067,0.061403606
11_608_810,81.29,86.60062,5.3106112,0.15928819444444445,367,2304,0.06532921,0.06132302
0_406_214,72.270004,76.990814,4.7208166,0.16536458333333334,381,2304,0.06532194,0.06131662
6_539_691,200.6,213.6878,13.087801,0.25390625,585,2304,0.065243274,0.0612473
12_218_191,261.2,278.23465,17.034658,0.22395833333333334,516,2304,0.065216914,0.061224073
11_532_468,134.6,143.37383,8.773818,0.1388888888888889,320,2304,0.06518438,0.061195396
0_431_110,64.200005,68.38346,4.183461,0.12065972222222222,278,2304,0.06516294,0.061176505
2_354_317,245.3,261.26004,15.960029,0.2387152777777778,550,2304,0.065063305,0.06108867
4_304_834,200.7,213.75073,13.050723,0.15711805555555555,362,2304,0.06502602,0.061055806
10_102_118,70.14,74.70089,4.5608854,0.1818576388888889,419,2304,0.065025456,0.061055303
17_22_118,87.630005,93.32452,5.694518,0.16883680555555555,389,2304,0.06498366,0.06101846
0_420_467,95.200005,101.38547,6.1854687,0.21354166666666666,492,2304,0.06497341,0.061009422
0_199_117,320.5,341.3202,20.820177,0.2834201388888889,653,2304,0.06496155,0.06099896
16_491_4,223.6,238.11922,14.519206,0.2326388888888889,536,2304,0.06493384,0.060974523
16_765_300,300.919,320.43555,19.516546,0.2890625,666,2304,0.06485648,0.06090631
4_880_118,81.46,86.73952,5.279519,0.15885416666666666,366,2304,0.064811185,0.060866363
0_579_292,149.3,158.9752,9.675201,0.1987847222222222,458,2304,0.06480376,0.060859814
0_119_419,70.94,75.53419,4.5941887,0.1736111111111111,400,2304,0.06476161,0.06082264
6_369_71,146.90001,156.40361,9.503608,0.1792534722222222,413,2304,0.0646944,0.06076335
0_193_596,209.6,223.15808,13.558079,0.2994791666666667,690,2304,0.064685486,0.06075549
16_564_118,174.14,185.39995,11.25994,0.18619791666666666,429,2304,0.06466027,0.060733244
16_324_119,247.7,263.6918,15.9918,0.2165798611111111,499,2304,0.064561166,0.0606458
0_177_70,369.6,393.4569,23.8569,0.2899305555555556,668,2304,0.06454789,0.060634084
11_670_104,160.6,170.9167,10.316699,0.18272569444444445,421,2304,0.064238474,0.060360976
16_765_191,250.40001,266.4609,16.060915,0.23958333333333334,552,2304,0.064141035,0.06027494
0_481_775,241.98001,257.47406,15.4940605,0.21180555555555555,488,2304,0.064030334,0.06017717
0_554_122,210.67,224.15459,13.484587,0.18619791666666666,429,2304,0.0640081,0.060157534
0_100_70,357.30002,380.16284,22.86285,0.2868923611111111,661,2304,0.06398782,0.060139623
0_692_70,314.30002,334.40186,20.101841,0.23958333333333334,552,2304,0.06395749,0.060112827
0_525_769,82.07,87.318954,5.2489567,0.12196180555555555,281,2304,0.06395707,0.060112454
0_35_769,75.4,80.2221,4.8220987,0.12760416666666666,294,2304,0.06395356,0.060109355
16_315_117,200.90001,213.73517,12.835163,0.2087673611111111,481,2304,0.06388832,0.060051713
6_398_467,116.8,124.25225,7.452249,0.1697048611111111,391,2304,0.0638035,0.05997677
0_741_117,391.1,416.04025,24.94026,0.3159722222222222,728,2304,0.06376952,0.059946746
0_402_580,241.6,256.99597,15.395971,0.3376736111111111,778,2304,0.06372505,0.059907444
12_357_76,209.0,222.30832,13.30832,0.2400173611111111,553,2304,0.06367617,0.059864245
0_177_118,141.57,150.57996,9.009956,0.1753472222222222,404,2304,0.06364311,0.05983503
0_640_215,322.4,342.9109,20.510868,0.3394097222222222,782,2304,0.063619316,0.059813987
0_406_71,127.100006,135.18465,8.08464,0.1618923611111111,373,2304,0.06360849,0.05980442
6_534_666,153.1,162.81837,9.718373,0.21614583333333334,498,2304,0.063477285,0.05968843
0_177_215,242.1,257.46362,15.363621,0.2526041666666667,582,2304,0.06345981,0.059672978
0_146_500,85.57,90.996445,5.4264402,0.21354166666666666,492,2304,0.06341522,0.05963354
14_133_4,194.7,207.04659,12.346574,0.22265625,513,2304,0.06341332,0.059631865
0_188_240,169.5,180.24701,10.747011,0.1970486111111111,454,2304,0.063404195,0.059623796
10_3_122,158.26001,168.28458,10.024579,0.1996527777777778,460,2304,0.06334247,0.05956921
16_543_127,135.8,144.39647,8.596466,0.23350694444444445,538,2304,0.0633024,0.059533767
3_840_132,71.72,76.25744,4.537438,0.14583333333333334,336,2304,0.063266,0.059501577
12_619_119,182.71,194.26695,11.556953,0.20442708333333334,471,2304,0.063252985,0.059490062
0_46_567,149.40001,158.84978,9.44978,0.18489583333333334,426,2304,0.06325154,0.059488785
0_343_215,369.81,393.19275,23.382751,0.2782118055555556,641,2304,0.06322909,0.05946893
12_247_71,142.86,151.89258,9.032569,0.16319444444444445,376,2304,0.063226715,0.059466824
0_2_122,158.05,168.03734,9.987336,0.1723090277777778,397,2304,0.06319099,0.05943522
16_649_300,253.65001,269.66998,16.01999,0.2673611111111111,616,2304,0.06315786,0.05940591
6_477_694,100.200005,106.51554,6.3155375,0.1740451388888889,401,2304,0.06302931,0.059292167
0_386_810,134.17,142.62366,8.453657,0.18055555555555555,416,2304,0.06300706,0.059272476
16_156_191,240.7,255.8494,15.149396,0.2209201388888889,509,2304,0.06293891,0.059212163
0_555_127,127.4,135.41556,8.015558,0.14453125,333,2304,0.06291647,0.0591923
4_833_4,224.20001,238.29173,14.091727,0.19140625,441,2304,0.06285337,0.05913645
6_515_207,46.72,49.65625,2.936248,0.17274305555555555,398,2304,0.06284777,0.059131492
0_555_578,181.1,192.4777,11.377704,0.22786458333333334,525,2304,0.06282553,0.0591118
0_707_537,198.5,210.96931,12.469312,0.20182291666666666,465,2304,0.06281769,0.05910486
0_467_17,49.04,52.119278,3.0792778,0.1423611111111111,328,2304,0.06279115,0.059081357
16_279_122,161.72,171.87071,10.150704,0.2651909722222222,611,2304,0.062767155,0.059060115
0_335_810,121.94,129.59068,7.6506853,0.2152777777777778,496,2304,0.06274139,0.05903731
12_387_215,202.2,214.8638,12.663793,0.2834201388888889,653,2304,0.062630035,0.058938697
0_713_810,162.90001,173.08632,10.186323,0.13368055555555555,308,2304,0.062531136,0.058851115
14_80_132,145.40001,154.49168,9.091677,0.19835069444444445,457,2304,0.06252872,0.058848973
0_405_215,303.80002,322.79358,18.993576,0.3111979166666667,717,2304,0.06252,0.058841243
0_599_486,202.0,214.62514,12.625129,0.19444444444444445,448,2304,0.06250064,0.058824092
4_834_834,146.3,155.43166,9.131658,0.14322916666666666,330,2304,0.062417343,0.05875031
13_662_309,392.9,417.42133,24.521324,0.2638888888888889,608,2304,0.062411107,0.05874478
6_469_386,155.0,164.65753,9.657527,0.1558159722222222,359,2304,0.062306624,0.058652204
0_843_23,122.82,130.4669,7.6468964,0.1310763888888889,302,2304,0.062261004,0.058611773
6_473_704,70.1,74.46402,4.3640156,0.17838541666666666,411,2304,0.062254146,0.058605693
0_169_70,257.4,273.40042,16.000418,0.20616319444444445,475,2304,0.062161688,0.058523748
0_368_214,49.15,52.202896,3.0528963,0.15104166666666666,348,2304,0.06211386,0.058481358
0_441_728,67.700005,71.904785,4.2047834,0.1267361111111111,292,2304,0.062109057,0.0584771
12_262_132,199.339,211.70052,12.361513,0.1636284722222222,377,2304,0.062012516,0.05839151
11_891_314,175.90001,186.80013,10.900123,0.2582465277777778,595,2304,0.06196772,0.058351796
0_162_214,67.200005,71.36272,4.162718,0.11458333333333333,264,2304,0.0619452,0.05833183
16_367_127,120.630005,128.09718,7.467177,0.1818576388888889,419,2304,0.061901487,0.05829306
0_135_122,152.35,161.77502,9.425023,0.16536458333333334,381,2304,0.06186428,0.058260065
0_411_486,237.0,251.66135,14.661334,0.1840277777777778,424,2304,0.06186217,0.058258187
0_678_596,206.40001,219.16655,12.76655,0.2738715277777778,631,2304,0.06185344,0.05825045
0_188_567,126.200005,134.0017,7.801697,0.1870659722222222,431,2304,0.061820097,0.058220882
12_483_4,281.1,298.47015,17.37014,0.3532986111111111,814,2304,0.061793454,0.05819724
0_100_71,108.21,114.88873,6.678728,0.1388888888888889,320,2304,0.061720066,0.05813214
0_209_294,204.86,217.49883,12.638815,0.24869791666666666,573,2304,0.06169489,0.05810981
0_221_467,122.0,129.52422,7.524222,0.1384548611111111,319,2304,0.06167395,0.05809124
16_504_343,127.25,135.07433,7.82432,0.1831597222222222,422,2304,0.06148778,0.057926033
0_596_292,217.8,231.18918,13.389174,0.2712673611111111,625,2304,0.06147463,0.057914365
11_614_70,261.72,277.79825,16.078259,0.23697916666666666,546,2304,0.06143305,0.057877466
0_61_201,86.08,91.367645,5.287646,0.16796875,387,2304,0.061427113,0.05787219
4_356_4,218.40001,231.81282,13.412814,0.1792534722222222,413,2304,0.06141398,0.057860535
0_166_810,138.2,146.68524,8.485234,0.1892361111111111,436,2304,0.061398223,0.057846542
0_282_292,173.01001,183.63245,10.622439,0.22265625,513,2304,0.061397832,0.0578462
0_300_666,161.2,171.09596,9.89596,0.15104166666666666,348,2304,0.06138933,0.057838652
0_234_596,134.40001,142.64421,8.244207,0.2478298611111111,571,2304,0.061340824,0.0577956
0_183_682,146.67,155.64885,8.978847,0.1072048611111111,247,2304,0.06121802,0.05768656
0_179_386,146.6,155.5576,8.957599,0.13671875,315,2304,0.06110231,0.057583805
16_607_300,325.55002,345.40027,19.850273,0.2630208333333333,606,2304,0.06097457,0.057470348
0_368_810,123.200005,130.70787,7.5078726,0.1762152777777778,406,2304,0.060940523,0.057440095
0_148_76,179.3,190.22047,10.920467,0.19401041666666666,447,2304,0.06090612,0.057409525
0_196_70,430.9,457.09637,26.196373,0.2669270833333333,615,2304,0.060794555,0.057310395
12_205_191,340.9,361.62003,20.720018,0.2560763888888889,590,2304,0.060780343,0.057297762
14_80_4,227.8,241.64485,13.844841,0.26171875,603,2304,0.060776297,0.057294168
9_39_317,174.40001,184.99219,10.592177,0.2191840277777778,505,2304,0.060734957,0.057257432
0_449_118,140.5,149.03308,8.53308,0.1328125,306,2304,0.060733665,0.05725628
12_376_191,309.7,328.46222,18.762201,0.23697916666666666,546,2304,0.060581855,0.057121336
11_532_292,230.61,244.56711,13.957101,0.2994791666666667,690,2304,0.06052253,0.057068594
5_7_467,119.4,126.62063,7.220631,0.15147569444444445,349,2304,0.060474295,0.05702571
0_593_481,211.2,223.96153,12.76153,0.2660590277777778,613,2304,0.06042391,0.0569809
6_681_467,90.5,95.96376,5.46376,0.14149305555555555,326,2304,0.060373038,0.056935657
6_514_319,44.8,47.503304,2.7033033,0.10590277777777778,244,2304,0.060341593,0.05690769
0_877_215,288.4,305.78235,17.382355,0.26171875,603,2304,0.060271688,0.056845512
0_621_118,168.85,179.02457,10.174563,0.16102430555555555,371,2304,0.060257997,0.056833338
0_153_104,222.1,235.48222,13.3822155,0.19921875,459,2304,0.060253106,0.056828983
0_741_4,220.5,233.77806,13.278062,0.2625868055555556,605,2304,0.06021797,0.056797724
16_518_122,161.38,171.0761,9.696088,0.1875,432,2304,0.06008234,0.056677047
0_577_796,242.3,256.8537,14.5537,0.2065972222222222,476,2304,0.060064796,0.05666144
0_271_292,135.83,143.98721,8.157211,0.21397569444444445,493,2304,0.060054563,0.05665233
0_635_122,148.05,156.9406,8.8906,0.1484375,342,2304,0.060051333,0.05664946
0_551_70,315.5,334.43,18.929985,0.2526041666666667,582,2304,0.059999954,0.05660373
3_858_836,50.600002,53.630013,3.0300121,0.1857638888888889,428,2304,0.05988166,0.05649844
0_243_580,185.90001,197.02486,11.124857,0.2339409722222222,539,2304,0.05984323,0.056464233
12_249_386,207.0,219.3865,12.386496,0.1931423611111111,445,2304,0.059838142,0.056459695
0_441_549,154.7,163.95517,9.255173,0.1566840277777778,361,2304,0.059826586,0.05644941
12_558_191,263.7,279.45163,15.751617,0.18272569444444445,421,2304,0.059733093,0.056366168
0_184_70,360.80002,382.3248,21.524805,0.23567708333333334,543,2304,0.059658546,0.056299787
4_863_4,228.7,242.32047,13.620456,0.18229166666666666,420,2304,0.059555996,0.056208443
0_209_119,270.4,286.48944,16.089436,0.2421875,558,2304,0.059502352,0.05616066
12_458_119,182.7,193.52892,10.828907,0.2126736111111111,490,2304,0.059271522,0.05595498
0_856_70,386.5,409.3764,22.87641,0.2465277777777778,568,2304,0.05918864,0.055881113
0_100_500,84.6,89.605064,5.005063,0.2170138888888889,500,2304,0.059161503,0.05585692
0_8_486,163.40001,173.05783,9.657835,0.1332465277777778,307,2304,0.059105475,0.05580698
11_891_580,218.7,231.62167,12.921677,0.2916666666666667,672,2304,0.059084028,0.055787858
0_554_292,167.99,177.90846,9.918454,0.17708333333333334,408,2304,0.05904193,0.05575032
0_799_292,194.39,205.85686,11.466846,0.2248263888888889,518,2304,0.05898887,0.05570301
16_486_215,188.5,199.61162,11.111611,0.2760416666666667,636,2304,0.05894754,0.055666156
11_891_343,133.31,141.16101,7.851011,0.1467013888888889,338,2304,0.058892887,0.05561742
14_76_300,269.54,285.4063,15.866319,0.2734375,630,2304,0.05886443,0.055592038
4_880_70,294.4,311.71832,17.318304,0.2361111111111111,544,2304,0.05882576,0.05555754
0_596_486,215.40001,228.04573,12.645726,0.19010416666666666,438,2304,0.058708105,0.05545259
4_321_467,48.940002,51.810066,2.8700676,0.13020833333333334,300,2304,0.058644615,0.055395946
13_693_580,260.2,275.459,15.259027,0.2547743055555556,587,2304,0.05864345,0.055394907
16_285_122,150.59,159.42094,8.83094,0.2165798611111111,499,2304,0.058642276,0.055393852
6_470_215,232.71,246.35365,13.643646,0.2725694444444444,628,2304,0.058629394,0.05538236
4_389_70,394.9,417.9897,23.08968,0.2769097222222222,638,2304,0.05846969,0.05523983
0_593_580,265.30002,280.794,15.494005,0.2999131944444444,691,2304,0.058401823,0.05517926
14_77_775,177.16,187.50458,10.344567,0.15928819444444445,367,2304,0.058391098,0.05516968
0_812_699,70.8,74.93016,4.1301594,0.14192708333333334,327,2304,0.058335584,0.055120118
0_829_122,171.45,181.44229,9.992286,0.1657986111111111,382,2304,0.05828105,0.055071425
0_100_4,202.1,213.86174,11.761737,0.18272569444444445,421,2304,0.058197606,0.05499692
0_707_117,225.8,238.91762,13.117621,0.18446180555555555,425,2304,0.058093984,0.05490437
16_331_300,272.35,288.1704,15.820418,0.2282986111111111,526,2304,0.058088556,0.054899525
0_885_796,216.1,228.63551,12.535511,0.19270833333333334,444,2304,0.058007915,0.05482749
0_298_728,51.2,54.169617,2.969615,0.125,288,2304,0.058000293,0.054820675
2_270_512,202.57,214.3003,11.730289,0.21180555555555555,488,2304,0.057907335,0.054737628
0_91_580,260.30002,275.30597,15.005969,0.3151041666666667,726,2304,0.057648744,0.054506514
0_173_292,186.49,197.22713,10.737126,0.23177083333333334,534,2304,0.05757481,0.054440413
0_233_486,195.0,206.22704,11.227037,0.1740451388888889,401,2304,0.05757455,0.05444018
6_534_386,111.700005,118.12593,6.4259276,0.203125,468,2304,0.057528447,0.054398958
0_53_691,260.9,275.90756,15.007558,0.2378472222222222,548,2304,0.057522263,0.054393426
0_722_116,153.3,162.09636,8.796351,0.11762152777777778,271,2304,0.057379983,0.05426619
0_439_549,94.8,100.23812,5.438119,0.1605902777777778,370,2304,0.05736412,0.054252002
0_46_223,168.2,177.84785,9.647844,0.13151041666666666,303,2304,0.05735936,0.05424774
0_578_292,115.880005,122.52171,6.6417146,0.15321180555555555,353,2304,0.05731545,0.05420847
12_418_70,407.1,430.38013,23.280136,0.2803819444444444,646,2304,0.0571853,0.054092035
0_191_70,361.6,382.25037,20.650347,0.23914930555555555,551,2304,0.05710826,0.05402309
0_131_166,191.179,202.09656,10.917557,0.19053819444444445,439,2304,0.057106465,0.05402149
0_309_104,213.6,225.78995,12.189949,0.1736111111111111,400,2304,0.05706905,0.053988006
12_558_4,287.7,304.09988,16.399885,0.2881944444444444,664,2304,0.057003424,0.053929273
0_202_215,342.2,361.69495,19.494955,0.2131076388888889,491,2304,0.056969475,0.053898886
0_417_114,177.48,187.5624,10.082397,0.1775173611111111,409,2304,0.056808643,0.0537549
0_562_810,137.95,145.779,7.829001,0.1597222222222222,368,2304,0.056752454,0.053704586
0_167_4,147.0,155.33711,8.337107,0.1519097222222222,350,2304,0.05671501,0.053671055
3_844_836,62.300003,65.829094,3.5290892,0.1831597222222222,422,2304,0.056646693,0.05360987
16_333_117,322.80002,341.0624,18.262403,0.2664930555555556,614,2304,0.056574978,0.053545635
0_628_116,148.27,156.65576,8.385762,0.14192708333333334,327,2304,0.056557376,0.053529866
16_395_117,365.6,386.23322,20.63321,0.2786458333333333,642,2304,0.05643657,0.053421635
0_435_580,220.3,232.73174,12.431733,0.2504340277777778,577,2304,0.056430925,0.05341658
0_599_4,207.1,218.7667,11.666685,0.2287326388888889,527,2304,0.056333583,0.05332935
0_301_104,247.2,261.1172,13.917181,0.2035590277777778,469,2304,0.056299277,0.0532986
0_567_122,170.06,179.61597,9.55597,0.1879340277777778,433,2304,0.056191757,0.05320223
0_81_118,136.3,143.95311,7.653106,0.11675347222222222,269,2304,0.05614898,0.053163882
11_326_4,177.8,187.7794,9.979396,0.1857638888888889,428,2304,0.056127086,0.05314425
5_16_774,57.260002,60.472904,3.2129023,0.17578125,405,2304,0.056110762,0.053129617
0_536_810,130.02,137.31377,7.2937613,0.19618055555555555,452,2304,0.056097224,0.05311748
0_216_70,406.2,428.9834,22.783407,0.2530381944444444,583,2304,0.056089133,0.05311023
0_314_300,461.33002,487.19568,25.865673,0.3059895833333333,705,2304,0.056067612,0.053090934
0_231_104,188.7,199.27829,10.578292,0.16536458333333334,381,2304,0.056058783,0.053083014
0_212_596,179.40001,189.43921,10.03921,0.2087673611111111,481,2304,0.05595992,0.052994363
0_196_104,280.80002,296.49323,15.69322,0.2243923611111111,517,2304,0.05588753,0.05292944
0_212_223,158.5,167.35516,8.855162,0.13151041666666666,303,2304,0.05586853,0.05291239
0_160_580,287.9,303.93655,16.036558,0.2994791666666667,690,2304,0.055701837,0.052762847
11_20_835,278.30002,293.7962,15.496191,0.1584201388888889,365,2304,0.0556816,0.052744694
0_182_397,205.3,216.71437,11.414369,0.16796875,387,2304,0.055598482,0.052670106
0_229_580,260.7,275.17755,14.477555,0.3146701388888889,725,2304,0.05553339,0.052611686
0_772_486,250.3,264.1891,13.889085,0.2009548611111111,463,2304,0.055489752,0.052572515
16_337_546,159.18001,168.00716,8.827158,0.19053819444444445,439,2304,0.055453938,0.05254037
11_529_4,208.3,219.84511,11.545108,0.17578125,405,2304,0.055425383,0.052514736
0_535_486,216.8,228.8035,12.003498,0.1796875,414,2304,0.055366687,0.052462038
6_537_300,356.02002,375.7304,19.710407,0.2829861111111111,652,2304,0.0553632,0.05245891
16_295_300,349.24002,368.54752,19.307508,0.2651909722222222,611,2304,0.05528435,0.052388113
6_513_467,190.90001,201.44972,10.549722,0.17100694444444445,394,2304,0.055263076,0.052369006
0_119_4,195.7,206.496,10.795993,0.19140625,441,2304,0.055166036,0.05228185
0_885_118,170.68001,180.08266,9.402652,0.1462673611111111,337,2304,0.05508936,0.05221298
0_431_769,145.90001,153.9203,8.020304,0.1332465277777778,307,2304,0.054971237,0.05210686
0_554_76,201.87001,212.9667,11.096702,0.2109375,486,2304,0.05496954,0.052105334
10_102_287,48.8,51.478466,2.678464,0.125,288,2304,0.054886557,0.052030765
6_534_215,240.40001,253.57655,13.176551,0.2881944444444444,664,2304,0.05481094,0.05196281
0_188_201,118.07,124.54043,6.470427,0.18446180555555555,425,2304,0.054801617,0.05195443
16_337_691,242.6,255.8697,13.269708,0.19835069444444445,457,2304,0.054697886,0.05186119
13_680_589,706.8,745.4208,38.62076,0.4717881944444444,1087,2304,0.054641712,0.051810686
0_750_118,217.67,229.55737,11.887369,0.18055555555555555,416,2304,0.054611888,0.05178387
4_304_117,257.2,271.22742,14.02741,0.20833333333333334,480,2304,0.054538913,0.051718257
2_97_102,225.2,237.47542,12.2754135,0.16883680555555555,389,2304,0.054508943,0.0516913
13_817_449,96.62,101.882355,5.262352,0.1840277777777778,424,2304,0.054464415,0.05165126
12_384_4,297.80002,314.00613,16.206118,0.30859375,711,2304,0.054419465,0.05161083
0_305_4,198.2,208.97238,10.772374,0.17100694444444445,394,2304,0.05435103,0.05154927
0_167_117,325.6,343.2674,17.667376,0.265625,612,2304,0.05426098,0.05146826
0_671_769,153.2,161.51155,8.311542,0.14930555555555555,344,2304,0.05425288,0.051460974
12_228_215,240.25,253.28333,13.033323,0.2986111111111111,688,2304,0.054249004,0.051457487
0_238_500,68.6,72.32026,3.7202597,0.20399305555555555,470,2304,0.054231193,0.05144146
0_18_292,245.46,258.76648,13.306489,0.24869791666666666,573,2304,0.054210417,0.05142277
0_187_292,255.05,268.87424,13.824246,0.2552083333333333,588,2304,0.054202102,0.051415287
0_200_314,332.77002,350.78735,18.017342,0.3016493055555556,695,2304,0.054143526,0.051362574
4_849_70,333.5,351.55542,18.05543,0.23958333333333334,552,2304,0.05413922,0.0513587
6_369_117,234.3,246.97913,12.679117,0.2530381944444444,583,2304,0.054114882,0.051336795
0_872_215,365.1,384.856,19.755974,0.2556423611111111,589,2304,0.05411113,0.05133342
0_713_486,207.98001,219.21301,11.233005,0.12456597222222222,287,2304,0.05401002,0.05124242
16_485_467,94.3,99.392006,5.0920076,0.14930555555555555,344,2304,0.05399796,0.051231563
0_449_214,66.42,70.00549,3.585492,0.1362847222222222,314,2304,0.053982113,0.051217295
0_213_70,339.5,357.7694,18.269396,0.2170138888888889,500,2304,0.053812653,0.051064722
0_235_567,142.7,150.35156,7.6515627,0.16883680555555555,389,2304,0.05361992,0.050891142
16_607_70,386.828,407.4929,20.664871,0.2604166666666667,600,2304,0.05342134,0.050712224
4_306_4,201.0,211.72592,10.725916,0.18619791666666666,429,2304,0.053362764,0.050659437
0_577_122,172.53,181.73251,9.202504,0.12413194444444445,286,2304,0.053338576,0.050637633
7_859_589,595.60004,627.3053,31.7053,0.4322916666666667,996,2304,0.053232536,0.050542057
11_430_835,178.2,187.68315,9.483148,0.10069444444444445,232,2304,0.053216316,0.05052743
6_507_467,160.7,169.24237,8.542374,0.15538194444444445,358,2304,0.053157274,0.050474204
0_46_769,150.37001,158.33594,7.9659395,0.1267361111111111,292,2304,0.052975588,0.05031037
0_368_4,200.6,211.22476,10.624757,0.15625,360,2304,0.05296489,0.050300717
0_235_629,210.7,221.85506,11.15506,0.1801215277777778,415,2304,0.052942857,0.050280847
16_501_117,338.6,356.50848,17.908472,0.2625868055555556,605,2304,0.052889757,0.050232947
0_411_215,349.47,367.92102,18.451002,0.2643229166666667,609,2304,0.052797098,0.050149355
0_335_118,170.40001,179.39594,8.995936,0.1467013888888889,338,2304,0.052793052,0.050145708
0_104_691,273.7,288.12216,14.422161,0.24479166666666666,564,2304,0.052693315,0.050055716
0_822_70,630.4,663.6152,33.215168,0.3828125,882,2304,0.052689034,0.050051853
11_361_104,233.8,246.0989,12.298903,0.19270833333333334,444,2304,0.052604377,0.04997545
0_177_4,229.90001,241.91583,12.015825,0.23133680555555555,533,2304,0.05226544,0.049669445
0_148_104,268.30002,282.26855,13.968542,0.1957465277777778,451,2304,0.05206314,0.04948671
0_621_549,151.40001,159.2635,7.863497,0.13585069444444445,313,2304,0.05193855,0.04937413
0_781_486,253.1,266.2069,13.1069145,0.16536458333333334,381,2304,0.051785517,0.049235817
16_573_835,190.5,200.33278,9.832775,0.1076388888888889,248,2304,0.05161562,0.04908221
0_562_117,380.2,399.81738,19.617376,0.2756076388888889,635,2304,0.051597517,0.049065843
6_570_118,128.09,134.68893,6.5989275,0.16666666666666666,384,2304,0.0515179,0.048993837
6_537_215,255.01001,268.10144,13.091442,0.3038194444444444,700,2304,0.051336974,0.04883018
6_398_117,237.2,249.37083,12.170831,0.2730034722222222,629,2304,0.051310416,0.048806153
0_449_104,191.90001,201.73051,9.830511,0.12803819444444445,295,2304,0.051227257,0.048730906
0_368_450,50.600002,53.18876,2.5887585,0.15234375,351,2304,0.051161233,0.048671156
0_468_104,191.7,201.50232,9.802313,0.1480034722222222,341,2304,0.05113361,0.048646156
0_183_486,222.0,233.33815,11.338142,0.12239583333333333,282,2304,0.051072713,0.048591036
0_148_71,186.5,196.0179,9.517888,0.1427951388888889,329,2304,0.051034253,0.04855622
0_867_70,350.2,367.98834,17.788347,0.2426215277777778,559,2304,0.05079482,0.04833943
16_277_4,236.2,248.17484,11.974827,0.2300347222222222,530,2304,0.05069783,0.048251577
0_196_699,95.9,100.75434,4.854341,0.1449652777777778,334,2304,0.05061878,0.04817997
16_355_300,431.509,453.3238,21.814777,0.3072916666666667,708,2304,0.05055463,0.048121843
0_555_486,279.6,293.72415,14.124161,0.1684027777777778,388,2304,0.050515596,0.04808648
6_478_775,173.28,182.01627,8.7362585,0.1384548611111111,319,2304,0.050417006,0.047997132
13_817_112,279.80002,293.90118,14.101175,0.19401041666666666,447,2304,0.050397336,0.047979306
4_865_834,215.3,226.14499,10.844981,0.11241319444444445,259,2304,0.050371487,0.047955878
0_134_127,101.0,106.08364,5.0836425,0.09114583333333333,210,2304,0.050333094,0.04792108
0_371_4,275.8,289.66992,13.869922,0.22960069444444445,529,2304,0.050289784,0.047881816
6_362_775,157.08,164.97885,7.8988495,0.11414930555555555,263,2304,0.05028552,0.047877952
16_544_215,246.0,258.3601,12.360103,0.2703993055555556,623,2304,0.05024432,0.0478406
0_131_292,295.45,310.2883,14.838288,0.2443576388888889,563,2304,0.05022267,0.047820974
16_292_4,232.5,244.14836,11.648352,0.19791666666666666,456,2304,0.05010044,0.047710136
0_781_104,289.2,303.66455,14.464552,0.2087673611111111,481,2304,0.050015736,0.047633324
10_297_70,359.0,376.88733,17.887325,0.2339409722222222,539,2304,0.04982542,0.04746067
0_305_810,189.57,199.00932,9.439312,0.15755208333333334,363,2304,0.049793277,0.047431506
11_20_549,206.3,216.56348,10.263477,0.19921875,459,2304,0.049750254,0.047392465
0_431_166,187.69,197.01611,9.326105,0.13932291666666666,321,2304,0.049688876,0.047336765
0_62_117,338.30002,355.1068,16.806812,0.23567708333333334,543,2304,0.0496802,0.047328893
5_427_775,188.57,197.93077,9.360774,0.16493055555555555,380,2304,0.04964084,0.04729317
0_112_70,401.4,421.32166,19.921638,0.2261284722222222,521,2304,0.049630392,0.04728368
6_473_343,182.0,191.01753,9.017534,0.1527777777777778,352,2304,0.04954689,0.04720789
0_750_292,283.39,297.3785,13.98849,0.2703993055555556,623,2304,0.049361266,0.047039345
16_279_599,143.5,150.58092,7.0809145,0.16666666666666666,384,2304,0.049344353,0.04702398
10_4_834,302.2,317.05878,14.858767,0.1857638888888889,428,2304,0.04916865,0.04686439
12_384_215,346.18,363.16724,16.98722,0.3025173611111111,697,2304,0.04907049,0.046775203
14_457_691,291.09,305.373,14.282991,0.19921875,459,2304,0.04906727,0.046772283
15_510_4,474.80002,498.08295,23.282932,0.3815104166666667,879,2304,0.049037345,0.04674509
12_320_467,135.6,142.24306,6.643051,0.1597222222222222,368,2304,0.048990052,0.046702113
5_749_215,205.3,215.32887,10.028876,0.2322048611111111,535,2304,0.04884986,0.046574693
3_787_832,128.2,134.45415,6.254149,0.19140625,441,2304,0.048784316,0.046515107
0_167_215,277.4,290.91934,13.519347,0.18272569444444445,421,2304,0.04873593,0.04647112
12_695_215,411.1,431.12317,20.023172,0.3428819444444444,790,2304,0.04870633,0.046444204
4_356_117,289.1,303.15622,14.056206,0.1996527777777778,460,2304,0.048620567,0.04636621
0_256_4,373.7,391.82205,18.122036,0.2669270833333333,615,2304,0.048493538,0.04625068
6_473_467,187.5,196.58781,9.087811,0.1896701388888889,437,2304,0.04846833,0.046227746
12_399_4,350.4,367.30676,16.906755,0.2834201388888889,653,2304,0.048249874,0.04602898
0_353_104,184.40001,193.268,8.867999,0.12152777777777778,280,2304,0.0480911,0.045884464
6_475_4,474.5,497.31326,22.813263,0.4053819444444444,934,2304,0.04807853,0.045873024
4_882_834,220.40001,230.99586,10.595868,0.11284722222222222,260,2304,0.048075624,0.04587038
0_211_70,576.6,604.31287,27.71284,0.3103298611111111,715,2304,0.048062503,0.04585843
0_843_115,103.770004,108.75192,4.9819202,0.12890625,297,2304,0.04800925,0.04580995
11_529_117,273.2,286.31235,13.112342,0.1892361111111111,436,2304,0.047995392,0.045797333
6_570_215,249.93001,261.91586,11.98585,0.24913194444444445,574,2304,0.047956828,0.045762215
12_266_467,123.3,129.20445,5.904451,0.15364583333333334,354,2304,0.047886867,0.04569851
0_758_300,537.329,563.05817,25.729162,0.2986111111111111,688,2304,0.047883444,0.04569539
0_750_122,233.95,245.12805,11.178052,0.16666666666666666,384,2304,0.047779664,0.04560087
0_780_300,495.30002,518.9295,23.629492,0.2925347222222222,674,2304,0.04770743,0.045535073
12_251_4,254.5,266.63174,12.131746,0.2113715277777778,487,2304,0.047668945,0.045500007
5_16_215,281.7,295.10934,13.40935,0.2556423611111111,589,2304,0.047601525,0.045438584
16_324_71,269.6,282.3774,12.777406,0.19835069444444445,457,2304,0.047393937,0.04524939
15_742_119,227.14,237.90317,10.763171,0.1870659722222222,431,2304,0.047385626,0.045241814
16_103_117,374.7,392.40927,17.709253,0.24522569444444445,565,2304,0.047262482,0.04512955
12_357_70,448.30002,469.4327,21.132715,0.2921006944444444,673,2304,0.04713967,0.04501756
0_152_666,224.5,235.05908,10.559076,0.14583333333333334,336,2304,0.047033746,0.044920947
0_758_117,336.2,351.9252,15.725206,0.21744791666666666,501,2304,0.046773367,0.04468338
0_200_70,571.10004,597.6966,26.596565,0.2873263888888889,662,2304,0.046570763,0.04449844
0_175_117,265.1,277.41666,12.316654,0.20963541666666666,483,2304,0.04646041,0.044397675
0_596_580,322.1,337.01575,14.915738,0.2764756944444444,637,2304,0.046307787,0.04425828
0_593_300,494.148,516.971,22.822996,0.2894965277777778,667,2304,0.04618656,0.044147536
16_315_4,282.9,295.95166,13.051667,0.2482638888888889,572,2304,0.04613527,0.044100672
0_420_4,275.9,288.61252,12.712512,0.2183159722222222,503,2304,0.04607652,0.044046987
0_235_769,151.7,158.67654,6.976544,0.12456597222222222,287,2304,0.045989085,0.043967076
4_853_70,355.37,371.67715,16.30715,0.2126736111111111,490,2304,0.04588781,0.043874502
0_215_4,296.6,310.0917,13.491689,0.2439236111111111,562,2304,0.045487825,0.043508705
11_529_215,228.0,238.3586,10.35859,0.2556423611111111,589,2304,0.04543241,0.04345801
9_36_580,372.5,389.40216,16.902153,0.3103298611111111,715,2304,0.045374908,0.04340539
12_350_117,247.8,259.04236,11.242351,0.22569444444444445,520,2304,0.045368645,0.04339966
11_602_4,196.2,205.07924,8.879238,0.16710069444444445,385,2304,0.045256056,0.04329662
0_81_300,540.359,564.8076,24.448587,0.27734375,639,2304,0.04524508,0.043286577
16_156_546,320.6,335.00308,14.403072,0.2204861111111111,508,2304,0.044925366,0.04299385
11_891_467,98.0,102.39636,4.3963637,0.1232638888888889,284,2304,0.044860855,0.042934764
13_705_589,973.9,1017.32745,43.42742,0.4778645833333333,1101,2304,0.04459125,0.04268775
0_583_117,341.0,356.1699,15.169882,0.2209201388888889,509,2304,0.044486456,0.042591702
0_302_104,220.0,229.76558,9.765573,0.1545138888888889,356,2304,0.044388965,0.04250233
0_446_4,217.0,226.62358,9.62358,0.18619791666666666,429,2304,0.044348296,0.042465042
0_145_76,222.98001,232.83414,9.854128,0.14366319444444445,331,2304,0.044192877,0.04232252
16_576_215,221.90001,231.69658,9.796581,0.2300347222222222,530,2304,0.044148628,0.04228194
17_896_541,228.19,238.24724,10.05724,0.20225694444444445,466,2304,0.04407397,0.04221346
16_563_4,264.0,275.62778,11.627782,0.2465277777777778,568,2304,0.04404463,0.04218654
12_408_215,261.92,273.42316,11.5031395,0.2712673611111111,625,2304,0.04391852,0.042070832
0_229_117,538.7,562.3552,23.655197,0.2586805555555556,596,2304,0.043911632,0.04206451
11_293_4,264.30002,275.89362,11.593608,0.21788194444444445,502,2304,0.04386533,0.042022023
0_540_71,215.01001,224.43053,9.420523,0.1384548611111111,319,2304,0.043814346,0.04197523
0_597_37,59.7,62.31177,2.6117697,0.17057291666666666,393,2304,0.043748233,0.04191455
0_134_413,388.80002,405.69226,16.892254,0.2751736111111111,634,2304,0.04344715,0.0416381
0_192_300,461.64,481.66205,20.02203,0.2578125,594,2304,0.04337152,0.041568626
0_134_4,282.30002,294.4706,12.170602,0.22352430555555555,515,2304,0.043112297,0.041330446
16_549_546,289.19,301.6397,12.449703,0.2400173611111111,553,2304,0.043050256,0.041273423
4_870_834,199.40001,207.96687,8.566865,0.12065972222222222,278,2304,0.042963214,0.04119341
4_865_70,398.2,415.29526,17.095264,0.1953125,450,2304,0.04293135,0.041164123
0_442_775,202.7,211.40074,8.700738,0.12413194444444445,286,2304,0.042924214,0.041157555
0_750_70,509.0,530.78174,21.781742,0.2734375,630,2304,0.042793207,0.041037098
16_543_117,487.1,507.937,20.837004,0.2777777777777778,640,2304,0.042777672,0.04102281
0_152_300,462.64,482.41864,19.778648,0.2222222222222222,512,2304,0.042751703,0.040998932
0_843_116,217.6,226.86299,9.262989,0.1232638888888889,284,2304,0.04256888,0.04083076
4_852_70,370.80002,386.56842,15.768409,0.1996527777777778,460,2304,0.042525373,0.040790733
12_320_76,231.2,240.94865,9.748654,0.17447916666666666,402,2304,0.042165462,0.04045947
0_209_300,487.47,507.9901,20.5201,0.2738715277777778,631,2304,0.042095102,0.040394682
0_131_4,553.6,576.88513,23.285152,0.3207465277777778,739,2304,0.042061333,0.040363587
11_326_215,204.7,213.29317,8.59316,0.2230902777777778,514,2304,0.041979287,0.04028802
6_497_4,453.3,472.28793,18.98792,0.3116319444444444,718,2304,0.0418882,0.04020412
3_723_836,69.6,72.51311,2.9131067,0.13585069444444445,313,2304,0.04185498,0.04017352
0_202_104,279.80002,291.49448,11.694475,0.1189236111111111,274,2304,0.041795835,0.04011903
0_423_4,319.0,332.33264,13.332635,0.2439236111111111,562,2304,0.041795094,0.040118344
0_551_117,328.7,342.416,13.715985,0.20442708333333334,471,2304,0.041727975,0.040056497
16_156_117,295.30002,307.5458,12.245794,0.14756944444444445,340,2304,0.041468993,0.03981779
2_45_4,335.4,349.29834,13.89835,0.1957465277777778,451,2304,0.041438133,0.039789338
12_366_467,192.1,200.03625,7.936257,0.1388888888888889,320,2304,0.041313153,0.039674092
6_475_215,271.6,282.79227,11.192253,0.22352430555555555,515,2304,0.041208588,0.039577648
13_702_755,63.8,66.418625,2.6186278,0.11067708333333333,255,2304,0.041044325,0.039426107
0_877_104,241.20001,251.0227,9.8227005,0.14756944444444445,340,2304,0.040724296,0.039130725
6_506_4,396.3,412.34045,16.040457,0.2625868055555556,605,2304,0.040475544,0.038901
0_442_117,416.30002,433.12604,16.826044,0.24696180555555555,569,2304,0.040418074,0.038847916
0_555_691,438.7,456.4277,17.7277,0.2647569444444444,610,2304,0.040409617,0.038840104
0_551_300,412.83002,429.38016,16.550138,0.2565104166666667,591,2304,0.040089473,0.038544256
0_215_104,216.6,225.27742,8.677413,0.1388888888888889,320,2304,0.040061925,0.038518786
12_480_4,327.4,340.46173,13.061733,0.265625,612,2304,0.039895337,0.03836476
3_755_836,43.100002,44.815125,1.7151226,0.1566840277777778,361,2304,0.039794024,0.038271066
2_45_317,459.0,477.2496,18.249594,0.26953125,621,2304,0.039759465,0.038239095
16_605_215,163.1,169.57375,6.4737473,0.22395833333333334,516,2304,0.039691888,0.03817659
0_714_117,348.6,362.3204,13.720404,0.2152777777777778,496,2304,0.039358586,0.03786815
12_458_104,146.2,151.93019,5.730181,0.1605902777777778,370,2304,0.039194126,0.037715882
0_301_300,546.73,567.7905,21.060549,0.2660590277777778,613,2304,0.038520932,0.037092112
0_580_117,442.7,459.73215,17.032131,0.23133680555555555,533,2304,0.0384733,0.037047945
0_255_4,625.6,649.59753,23.997505,0.3641493055555556,839,2304,0.038359184,0.036942113
4_290_834,181.5,188.45064,6.9506283,0.11675347222222222,269,2304,0.038295474,0.03688302
13_676_589,882.4,916.13965,33.739666,0.4162326388888889,959,2304,0.03823625,0.036828082
14_457_4,300.80002,312.24875,11.448746,0.24609375,567,2304,0.03806099,0.036665466
13_817_512,500.30002,519.2919,18.991842,0.2769097222222222,638,2304,0.037960906,0.03657258
16_572_71,359.80002,373.44617,13.646167,0.20182291666666666,465,2304,0.037927087,0.03654119
16_625_215,279.30002,289.7535,10.453499,0.2092013888888889,482,2304,0.037427492,0.036077213
0_263_775,282.80002,293.38113,10.58112,0.13671875,315,2304,0.037415553,0.036066122
13_701_580,344.1,356.94675,12.846753,0.1935763888888889,446,2304,0.03733436,0.03599067
6_470_467,148.3,153.83148,5.5314765,0.13194444444444445,304,2304,0.037299234,0.035958026
17_21_117,234.7,243.44106,8.741056,0.15538194444444445,358,2304,0.03724353,0.035906255
12_377_117,304.9,316.24957,11.349575,0.17838541666666666,411,2304,0.037223928,0.03588803
0_155_300,423.78,439.49704,15.717048,0.21788194444444445,502,2304,0.037087753,0.035761442
13_745_589,811.7,841.774,30.073978,0.3637152777777778,838,2304,0.03705061,0.035726905
0_647_300,485.55002,503.3978,17.847792,0.21788194444444445,502,2304,0.036757886,0.03545465
0_557_185,444.2,460.52728,16.327265,0.2222222222222222,512,2304,0.03675656,0.035453416
12_675_381,64.4,66.76527,2.3652637,0.12630208333333334,291,2304,0.036727697,0.03542656
12_303_691,366.30002,379.6491,13.349106,0.2009548611111111,463,2304,0.036443092,0.035161693
0_699_599,300.3,311.17456,10.87455,0.17578125,405,2304,0.036212288,0.034946784
4_290_267,1367.6,1416.9443,49.344376,0.5295138888888888,1220,2304,0.036081,0.034824498
0_593_4,371.0,384.33908,13.3390665,0.2204861111111111,508,2304,0.035954356,0.034706507
0_815_117,428.1,443.36865,15.268635,0.19140625,441,2304,0.03566605,0.034437787
0_67_691,319.6,330.9885,11.388491,0.20052083333333334,462,2304,0.035633575,0.03440751
16_561_117,508.5,526.61774,18.117754,0.2183159722222222,503,2304,0.0356298,0.034403995
0_736_4,330.4,342.10754,11.707545,0.1792534722222222,413,2304,0.03543446,0.034221828
0_211_117,665.5,688.9902,23.490152,0.3177083333333333,732,2304,0.035297,0.034093596
16_358_215,237.46,245.81506,8.355059,0.20833333333333334,480,2304,0.03518512,0.033989206
0_294_117,471.6,488.12662,16.526625,0.1701388888888889,392,2304,0.03504373,0.03385725
12_409_850,56.4,58.374897,1.9748958,0.22526041666666666,519,2304,0.03501588,0.03383125
11_533_215,299.62,310.074,10.453993,0.2417534722222222,557,2304,0.034890838,0.03371451
0_118_70,525.2,543.47534,18.275337,0.2131076388888889,491,2304,0.03479691,0.033626802
4_63_267,1645.7,1702.788,57.088013,0.6067708333333334,1398,2304,0.0346892,0.0335262
0_307_691,417.0,431.45303,14.45304,0.2065972222222222,476,2304,0.03465957,0.033498526
0_212_300,761.489,787.43243,25.943447,0.2934027777777778,676,2304,0.034069367,0.03294689
4_11_267,1846.6,1909.4015,62.801483,0.61328125,1413,2304,0.03400925,0.032890663
3_392_836,75.700005,78.26653,2.566528,0.1349826388888889,311,2304,0.033903934,0.03279215
0_577_300,505.029,522.11383,17.084797,0.1953125,450,2304,0.03382934,0.03272236
11_666_267,1737.0,1795.6746,58.674553,0.5902777777777778,1360,2304,0.03377925,0.032675494
2_48_580,313.4,323.97504,10.575031,0.1870659722222222,431,2304,0.03374292,0.0326415
0_263_691,524.7,542.39606,17.696035,0.234375,540,2304,0.033726007,0.03262567
0_671_4,447.80002,462.72836,14.928363,0.2465277777777778,568,2304,0.03333712,0.03226161
0_877_691,445.9,460.7644,14.864383,0.20616319444444445,475,2304,0.033335686,0.03226027
0_182_71,292.6,302.33002,9.730023,0.13671875,315,2304,0.033253666,0.03218345
0_236_691,335.80002,346.96042,11.160404,0.16015625,369,2304,0.03323527,0.032166217
12_261_215,456.42,471.52292,15.102904,0.2482638888888889,572,2304,0.033089925,0.032030053
6_473_117,310.2,320.44995,10.249955,0.2421875,558,2304,0.033043053,0.031986136
0_540_300,531.16003,548.6943,17.53426,0.234375,540,2304,0.033011258,0.031956337
15_875_599,218.0,225.1608,7.1607914,0.1345486111111111,310,2304,0.032847665,0.031803012
11_602_215,319.78,330.22897,10.448981,0.2230902777777778,514,2304,0.03267553,0.031641625
4_321_215,152.27,157.2434,4.9733872,0.1427951388888889,329,2304,0.032661635,0.031628594
0_118_117,605.9,625.6662,19.766172,0.22526041666666666,519,2304,0.03262283,0.0315922
16_569_215,231.1,238.55127,7.451273,0.22265625,513,2304,0.032242633,0.03123552
16_323_215,268.6,277.2413,8.641299,0.22395833333333334,516,2304,0.032171626,0.031168874
6_537_691,403.5,416.3961,12.896078,0.17578125,405,2304,0.03196054,0.0309707
15_510_104,219.6,226.5956,6.9955993,0.18359375,423,2304,0.031856097,0.030872619
0_235_691,587.5,606.14014,18.64011,0.2504340277777778,577,2304,0.031727847,0.030752147
0_521_691,354.9,366.09277,11.19278,0.1840277777777778,424,2304,0.031537842,0.030573616
0_95_4,357.9,369.08194,11.181927,0.18229166666666666,420,2304,0.03124316,0.030296598
0_263_104,361.0,372.263,11.262997,0.18098958333333334,417,2304,0.031199437,0.030255482
16_278_4,366.0,377.30963,11.30963,0.2113715277777778,487,2304,0.03090063,0.029974401
11_532_132,271.599,279.9787,8.379704,0.13194444444444445,304,2304,0.030853223,0.029929793
4_863_215,255.8,263.61746,7.81747,0.15234375,351,2304,0.030560868,0.029654598
0_118_486,304.0,313.2845,9.284484,0.12977430555555555,299,2304,0.030541066,0.02963595
11_668_215,189.62001,195.39879,5.778784,0.18489583333333334,426,2304,0.030475602,0.029574307
0_535_132,204.68001,210.85222,6.1722116,0.17274305555555555,398,2304,0.03015542,0.02927269
16_746_215,219.1,225.62157,6.521561,0.19835069444444445,457,2304,0.029765226,0.028904866
0_556_300,791.649,815.05115,23.402155,0.2677951388888889,617,2304,0.029561277,0.028712498
0_678_300,572.75,589.6612,16.911198,0.2243923611111111,517,2304,0.029526316,0.028679516
16_549_343,279.74,287.91165,8.1716385,0.16319444444444445,376,2304,0.02921155,0.028382452
16_572_215,301.9,310.70743,8.807415,0.2222222222222222,512,2304,0.029173287,0.02834633
0_157_691,382.0,393.14243,11.142411,0.19227430555555555,443,2304,0.029168615,0.028341921
0_431_104,307.0,315.8276,8.827611,0.15147569444444445,349,2304,0.028754434,0.027950726
0_144_691,376.7,387.52005,10.820052,0.1740451388888889,401,2304,0.028723259,0.02792127
13_629_589,1545.9,1588.8538,42.953793,0.4396701388888889,1013,2304,0.027785622,0.027034454
16_279_381,124.3,127.72093,3.4209287,0.18098958333333334,417,2304,0.02752155,0.026784401
0_405_691,446.5,458.65323,12.153222,0.1853298611111111,427,2304,0.027218863,0.026497627
0_263_300,767.66003,788.4934,20.833403,0.24609375,567,2304,0.02713884,0.026421783
0_18_300,939.708,964.9275,25.219458,0.3038194444444444,700,2304,0.026837546,0.026136117
4_869_267,1641.8,1685.462,43.662037,0.4613715277777778,1063,2304,0.026594004,0.025905084
13_638_589,1260.3,1292.7654,32.46539,0.3780381944444444,871,2304,0.025760047,0.025113134
11_20_215,335.7,344.34442,8.644415,0.2092013888888889,482,2304,0.025750415,0.025103979
6_892_267,1309.8,1343.3297,33.529728,0.40234375,927,2304,0.02559912,0.024960162
16_545_215,394.5,404.4393,9.939293,0.20399305555555555,470,2304,0.025194658,0.024575487
0_35_4,395.1,405.00708,9.907074,0.1566840277777778,361,2304,0.02507485,0.024461484
0_678_691,498.2,510.56964,12.369624,0.1697048611111111,391,2304,0.024828631,0.024227105
0_195_277,71.200005,72.89636,1.6963627,0.10980902777777778,253,2304,0.023825318,0.023270883
0_34_114,102.94,105.343956,2.4039543,0.13194444444444445,304,2304,0.023352966,0.02282005
16_572_4,434.4,444.46777,10.06777,0.1957465277777778,451,2304,0.023176266,0.022651294
0_202_691,515.5,527.40796,11.907983,0.14930555555555555,344,2304,0.02309987,0.022578314
3_800_836,70.1,71.70035,1.6003493,0.1566840277777778,361,2304,0.02282952,0.022319965
0_178_114,102.64,104.96985,2.3298466,0.11284722222222222,260,2304,0.022699207,0.02219539
0_612_4,373.9,382.0752,8.175179,0.17708333333333334,408,2304,0.021864614,0.021396779
13_643_589,1516.0,1548.7802,32.78014,0.34765625,801,2304,0.021622784,0.021165134
16_564_123,444.80002,453.99268,9.192671,0.10894097222222222,251,2304,0.020666976,0.0202485
12_409_370,139.1,141.72319,2.6231914,0.22960069444444445,529,2304,0.018858312,0.01850926
4_881_215,337.57,343.72888,6.1588874,0.1388888888888889,320,2304,0.018244771,0.017917864
12_409_358,151.5,154.14066,2.640657,0.2113715277777778,487,2304,0.017430078,0.017131476
4_356_215,299.1,304.17032,5.0702987,0.11805555555555555,272,2304,0.016951852,0.016669275
12_391_267,1774.9,1802.7644,27.86444,0.3133680555555556,722,2304,0.015699161,0.015456507
0_883_114,165.3,167.85538,2.5553682,0.1076388888888889,248,2304,0.015458972,0.01522363
12_619_267,1731.2,1753.6478,22.44783,0.2799479166666667,645,2304,0.012966631,0.012800649
6_122_267,1863.3,1886.0071,22.707111,0.2873263888888889,662,2304,0.012186503,0.012039781
0_397_756,417.6,419.22443,1.6244224,0.1154513888888889,266,2304,0.0038899004,0.0038748276
0_806_756,882.3,884.37195,2.071931,0.11762152777777778,271,2304,0.0023483292,0.0023428274
0_215_756,807.7,808.6839,0.98386395,0.0998263888888889,230,2304,0.0012181057,0.0012166237
